,Unnamed: 0,Shapiro_val,Shapiro_p,Skewness,Kurtosis,AIC,BIC,SMSE,MSLL,marker
0,bankssts_lh_cf_alpha,0.96,0.0,-0.32,-0.16,2093.12,2278.4,0.98,0.0,bankssts_lh_cf_alpha
1,bankssts_rh_cf_alpha,0.99,0.0,0.1,-0.36,1991.88,2177.99,0.96,0.2,bankssts_rh_cf_alpha
2,caudalanteriorcingulate_lh_cf_alpha,0.99,0.0,-0.13,0.11,2489.31,2681.14,0.98,-0.0,caudalanteriorcingulate_lh_cf_alpha
3,caudalanteriorcingulate_rh_cf_alpha,0.99,0.0,-0.12,0.13,2467.36,2659.05,0.98,0.0,caudalanteriorcingulate_rh_cf_alpha
4,caudalmiddlefrontal_lh_cf_alpha,0.94,0.0,-0.45,0.04,2233.08,2421.25,0.99,0.0,caudalmiddlefrontal_lh_cf_alpha
5,caudalmiddlefrontal_rh_cf_alpha,0.95,0.0,-0.24,0.11,2125.92,2311.99,0.98,0.0,caudalmiddlefrontal_rh_cf_alpha
6,cuneus_lh_cf_alpha,0.99,0.0,0.0,-0.26,2230.58,2425.63,0.92,0.86,cuneus_lh_cf_alpha
7,cuneus_rh_cf_alpha,0.99,0.0,-0.02,-0.21,2237.53,2432.25,0.93,1.1,cuneus_rh_cf_alpha
8,entorhinal_lh_cf_alpha,0.95,0.0,-0.33,0.36,2264.15,2452.33,0.98,0.01,entorhinal_lh_cf_alpha
9,entorhinal_rh_cf_alpha,0.98,0.0,-0.22,-0.16,2159.57,2347.75,0.92,-0.09,entorhinal_rh_cf_alpha
10,frontalpole_lh_cf_alpha,0.97,0.0,0.02,-0.45,1610.49,1786.64,0.96,-0.03,frontalpole_lh_cf_alpha
11,frontalpole_rh_cf_alpha,0.98,0.0,-0.06,-0.29,1789.18,1968.19,0.97,-0.0,frontalpole_rh_cf_alpha
12,fusiform_lh_cf_alpha,0.99,0.0,0.14,-0.28,2192.0,2381.99,0.95,0.19,fusiform_lh_cf_alpha
13,fusiform_rh_cf_alpha,0.99,0.0,0.1,-0.31,2156.33,2345.67,0.95,0.21,fusiform_rh_cf_alpha
14,inferiorparietal_lh_cf_alpha,0.99,0.0,0.12,-0.29,2180.53,2370.1,0.97,0.36,inferiorparietal_lh_cf_alpha
15,inferiorparietal_rh_cf_alpha,0.99,0.0,0.08,-0.38,2124.12,2314.77,0.98,1.1,inferiorparietal_rh_cf_alpha
16,inferiortemporal_lh_cf_alpha,0.99,0.0,0.09,-0.25,2114.67,2302.7,0.97,0.1,inferiortemporal_lh_cf_alpha
17,inferiortemporal_rh_cf_alpha,0.95,0.0,-0.53,-0.08,2241.87,2430.49,0.97,-0.01,inferiortemporal_rh_cf_alpha
18,insula_lh_cf_alpha,0.96,0.0,-0.39,-0.07,2182.22,2369.91,0.96,-0.05,insula_lh_cf_alpha
19,insula_rh_cf_alpha,0.99,0.0,0.11,-0.19,2182.4,2371.21,0.97,0.04,insula_rh_cf_alpha
20,isthmuscingulate_lh_cf_alpha,0.99,0.0,0.02,-0.26,2398.14,2594.57,0.94,0.68,isthmuscingulate_lh_cf_alpha
21,isthmuscingulate_rh_cf_alpha,0.99,0.0,0.04,-0.27,2379.23,2575.54,0.94,0.84,isthmuscingulate_rh_cf_alpha
22,lateraloccipital_lh_cf_alpha,0.99,0.0,0.04,-0.33,2169.97,2360.89,0.92,0.23,lateraloccipital_lh_cf_alpha
23,lateraloccipital_rh_cf_alpha,0.99,0.0,-0.01,-0.35,2244.46,2437.0,0.93,0.45,lateraloccipital_rh_cf_alpha
24,lateralorbitofrontal_lh_cf_alpha,0.97,0.0,-0.31,-0.22,2153.69,2341.32,0.96,-0.03,lateralorbitofrontal_lh_cf_alpha
25,lateralorbitofrontal_rh_cf_alpha,0.99,0.0,0.08,0.05,2205.5,2394.26,0.95,-0.04,lateralorbitofrontal_rh_cf_alpha
26,lingual_lh_cf_alpha,0.99,0.0,0.02,-0.38,2249.3,2442.45,0.91,0.48,lingual_lh_cf_alpha
27,lingual_rh_cf_alpha,0.99,0.0,-0.04,-0.31,2276.08,2469.05,0.95,0.66,lingual_rh_cf_alpha
28,medialorbitofrontal_lh_cf_alpha,0.97,0.0,-0.2,0.19,1991.0,2174.28,0.97,-0.01,medialorbitofrontal_lh_cf_alpha
29,medialorbitofrontal_rh_cf_alpha,0.97,0.0,-0.23,-0.43,1936.24,2119.36,0.97,-0.01,medialorbitofrontal_rh_cf_alpha
30,middletemporal_lh_cf_alpha,0.98,0.0,-0.12,-0.27,2063.33,2249.65,0.94,-0.08,middletemporal_lh_cf_alpha
31,middletemporal_rh_cf_alpha,0.99,0.0,0.13,-0.19,2098.35,2285.83,0.96,0.08,middletemporal_rh_cf_alpha
32,paracentral_lh_cf_alpha,0.99,0.0,0.07,-0.27,2248.88,2443.76,0.99,1.0,paracentral_lh_cf_alpha
33,paracentral_rh_cf_alpha,0.99,0.0,0.14,-0.17,2294.47,2489.56,0.98,1.01,paracentral_rh_cf_alpha
34,parahippocampal_lh_cf_alpha,0.99,0.0,0.12,-0.25,2236.25,2427.22,0.97,0.21,parahippocampal_lh_cf_alpha
35,parahippocampal_rh_cf_alpha,0.99,0.0,0.11,-0.26,2204.92,2395.3,0.95,0.22,parahippocampal_rh_cf_alpha
36,parsopercularis_lh_cf_alpha,0.96,0.0,-0.23,-0.49,1892.1,2074.03,0.99,-0.0,parsopercularis_lh_cf_alpha
37,parsopercularis_rh_cf_alpha,0.96,0.0,-0.16,-0.3,1981.1,2164.49,0.98,0.0,parsopercularis_rh_cf_alpha
38,parsorbitalis_lh_cf_alpha,0.97,0.0,-0.18,-0.1,1968.34,2151.95,0.96,-0.02,parsorbitalis_lh_cf_alpha
39,parsorbitalis_rh_cf_alpha,0.97,0.0,-0.3,-0.52,1933.21,2116.49,0.97,-0.02,parsorbitalis_rh_cf_alpha
40,parstriangularis_lh_cf_alpha,0.97,0.0,-0.09,-0.27,1912.59,2094.63,0.98,-0.0,parstriangularis_lh_cf_alpha
41,parstriangularis_rh_cf_alpha,0.97,0.0,-0.05,-0.38,1872.55,2054.59,0.96,-0.02,parstriangularis_rh_cf_alpha
42,pericalcarine_lh_cf_alpha,0.99,0.0,-0.05,-0.33,2264.54,2458.29,0.92,0.56,pericalcarine_lh_cf_alpha
43,pericalcarine_rh_cf_alpha,0.99,0.0,-0.05,-0.3,2258.97,2453.18,0.95,1.0,pericalcarine_rh_cf_alpha
44,postcentral_lh_cf_alpha,0.99,0.0,0.21,-0.13,2175.07,2367.48,1.02,1.31,postcentral_lh_cf_alpha
45,postcentral_rh_cf_alpha,0.99,0.0,0.18,-0.12,2142.61,2334.52,1.01,1.25,postcentral_rh_cf_alpha
46,posteriorcingulate_lh_cf_alpha,0.98,0.0,0.25,0.05,2520.86,2716.24,1.0,0.38,posteriorcingulate_lh_cf_alpha
47,posteriorcingulate_rh_cf_alpha,0.99,0.0,0.18,-0.14,2379.15,2574.03,0.99,0.63,posteriorcingulate_rh_cf_alpha
48,precentral_lh_cf_alpha,0.99,0.0,0.12,-0.31,2192.53,2386.28,1.01,1.42,precentral_lh_cf_alpha
49,precentral_rh_cf_alpha,0.99,0.0,0.15,-0.17,2271.51,2466.11,0.99,1.07,precentral_rh_cf_alpha
50,precuneus_lh_cf_alpha,1.0,0.04,0.04,-0.16,2274.31,2470.62,0.92,0.45,precuneus_lh_cf_alpha
51,precuneus_rh_cf_alpha,1.0,0.01,-0.02,-0.26,2283.82,2480.05,0.92,0.76,precuneus_rh_cf_alpha
52,rostralanteriorcingulate_lh_cf_alpha,0.98,0.0,-0.14,-0.44,2073.47,2259.53,0.96,-0.02,rostralanteriorcingulate_lh_cf_alpha
53,rostralanteriorcingulate_rh_cf_alpha,0.97,0.0,-0.12,0.11,2083.85,2269.34,0.96,-0.02,rostralanteriorcingulate_rh_cf_alpha
54,rostralmiddlefrontal_lh_cf_alpha,0.97,0.0,0.09,-0.15,1923.06,2104.82,0.98,-0.02,rostralmiddlefrontal_lh_cf_alpha
55,rostralmiddlefrontal_rh_cf_alpha,0.98,0.0,0.06,-0.25,1996.02,2179.08,0.98,-0.0,rostralmiddlefrontal_rh_cf_alpha
56,superiorfrontal_lh_cf_alpha,0.97,0.0,-0.16,0.26,2340.97,2530.73,0.98,-0.0,superiorfrontal_lh_cf_alpha
57,superiorfrontal_rh_cf_alpha,0.98,0.0,-0.04,-0.0,2256.31,2444.34,0.98,-0.0,superiorfrontal_rh_cf_alpha
58,superiorparietal_lh_cf_alpha,0.99,0.0,0.07,-0.18,2317.05,2512.72,0.95,0.72,superiorparietal_lh_cf_alpha
59,superiorparietal_rh_cf_alpha,1.0,0.02,0.01,-0.12,2263.35,2459.29,0.94,0.78,superiorparietal_rh_cf_alpha
60,superiortemporal_lh_cf_alpha,0.95,0.0,-0.5,-0.23,2049.93,2235.05,0.98,-0.01,superiortemporal_lh_cf_alpha
61,superiortemporal_rh_cf_alpha,0.95,0.0,-0.59,-0.15,2067.86,2253.46,0.98,-0.01,superiortemporal_rh_cf_alpha
62,supramarginal_lh_cf_alpha,0.99,0.0,0.14,-0.34,2141.35,2333.44,1.01,1.32,supramarginal_lh_cf_alpha
63,supramarginal_rh_cf_alpha,0.99,0.0,0.18,-0.12,1991.06,2179.87,1.0,1.19,supramarginal_rh_cf_alpha
64,temporalpole_lh_cf_alpha,0.96,0.0,-0.42,-0.15,2154.18,2341.27,0.97,-0.01,temporalpole_lh_cf_alpha
65,temporalpole_rh_cf_alpha,0.96,0.0,-0.25,0.12,2202.06,2389.34,0.97,-0.0,temporalpole_rh_cf_alpha
66,transversetemporal_lh_cf_alpha,0.98,0.0,-0.21,-0.65,1096231.15,1096419.31,3.42,4.85,transversetemporal_lh_cf_alpha
67,transversetemporal_rh_cf_alpha,0.96,0.0,-0.43,-0.09,2090.94,2276.33,0.98,0.0,transversetemporal_rh_cf_alpha
68,bankssts_lh_knee_cf_alpha,0.97,0.0,-0.08,-0.28,2405.58,2597.0,0.98,-0.0,bankssts_lh_knee_cf_alpha
69,bankssts_rh_knee_cf_alpha,0.96,0.0,-0.39,-0.47,2383.47,2575.48,0.96,-0.03,bankssts_rh_knee_cf_alpha
70,caudalanteriorcingulate_lh_knee_cf_alpha,0.99,0.0,-0.02,0.21,2688.69,2883.62,0.97,-0.02,caudalanteriorcingulate_lh_knee_cf_alpha
71,caudalanteriorcingulate_rh_knee_cf_alpha,0.99,0.0,-0.1,0.09,2682.5,2877.01,0.98,0.0,caudalanteriorcingulate_rh_knee_cf_alpha
72,caudalmiddlefrontal_lh_knee_cf_alpha,0.95,0.0,-0.25,0.01,2503.26,2695.93,0.99,0.01,caudalmiddlefrontal_lh_knee_cf_alpha
73,caudalmiddlefrontal_rh_knee_cf_alpha,0.97,0.0,-0.15,0.29,2432.54,2623.74,0.98,0.01,caudalmiddlefrontal_rh_knee_cf_alpha
74,cuneus_lh_knee_cf_alpha,0.99,0.0,0.04,-0.3,2363.53,2560.2,0.93,0.76,cuneus_lh_knee_cf_alpha
75,cuneus_rh_knee_cf_alpha,0.99,0.0,0.01,-0.31,2399.55,2596.02,0.92,0.7,cuneus_rh_knee_cf_alpha
76,entorhinal_lh_knee_cf_alpha,0.97,0.0,-0.08,-0.22,2522.24,2716.12,0.96,-0.01,entorhinal_lh_knee_cf_alpha
77,entorhinal_rh_knee_cf_alpha,0.98,0.0,-0.14,-0.16,2523.72,2717.89,0.95,-0.03,entorhinal_rh_knee_cf_alpha
78,frontalpole_lh_knee_cf_alpha,0.97,0.0,0.1,-0.42,1914.73,2097.0,0.98,-0.02,frontalpole_lh_knee_cf_alpha
79,frontalpole_rh_knee_cf_alpha,0.98,0.0,0.11,-0.27,2156.13,2343.37,0.96,-0.03,frontalpole_rh_knee_cf_alpha
80,fusiform_lh_knee_cf_alpha,0.97,0.0,-0.19,0.08,2571.2,2765.84,0.95,-0.02,fusiform_lh_knee_cf_alpha
81,fusiform_rh_knee_cf_alpha,0.99,0.0,0.1,-0.15,2559.55,2754.31,0.94,-0.02,fusiform_rh_knee_cf_alpha
82,inferiorparietal_lh_knee_cf_alpha,0.99,0.0,0.13,-0.24,2555.1,2750.15,0.95,0.02,inferiorparietal_lh_knee_cf_alpha
83,inferiorparietal_rh_knee_cf_alpha,0.99,0.0,0.17,-0.22,2500.84,2695.73,0.97,0.4,inferiorparietal_rh_knee_cf_alpha
84,inferiortemporal_lh_knee_cf_alpha,0.97,0.0,-0.2,-0.18,2441.97,2634.98,0.95,-0.04,inferiortemporal_lh_knee_cf_alpha
85,inferiortemporal_rh_knee_cf_alpha,0.98,0.0,-0.27,-0.19,2489.24,2682.77,0.95,-0.03,inferiortemporal_rh_knee_cf_alpha
86,insula_lh_knee_cf_alpha,0.97,0.0,-0.33,-0.4,2447.41,2640.52,0.96,-0.03,insula_lh_knee_cf_alpha
87,insula_rh_knee_cf_alpha,0.97,0.0,-0.45,-0.29,2470.08,2663.23,0.97,-0.02,insula_rh_knee_cf_alpha
88,isthmuscingulate_lh_knee_cf_alpha,0.99,0.0,0.08,-0.24,2459.76,2656.91,0.94,0.59,isthmuscingulate_lh_knee_cf_alpha
89,isthmuscingulate_rh_knee_cf_alpha,0.99,0.0,0.05,-0.34,2435.46,2632.37,0.96,0.98,isthmuscingulate_rh_knee_cf_alpha
90,lateraloccipital_lh_knee_cf_alpha,0.99,0.0,0.04,-0.33,2401.86,2596.41,0.9,0.01,lateraloccipital_lh_knee_cf_alpha
91,lateraloccipital_rh_knee_cf_alpha,0.99,0.0,-0.04,-0.39,2403.71,2599.38,0.9,0.37,lateraloccipital_rh_knee_cf_alpha
92,lateralorbitofrontal_lh_knee_cf_alpha,0.98,0.0,-0.13,-0.0,2440.8,2633.6,0.94,-0.04,lateralorbitofrontal_lh_knee_cf_alpha
93,lateralorbitofrontal_rh_knee_cf_alpha,0.98,0.0,-0.14,0.24,2519.42,2712.79,0.95,-0.05,lateralorbitofrontal_rh_knee_cf_alpha
94,lingual_lh_knee_cf_alpha,0.99,0.0,0.11,-0.36,2507.56,2703.71,0.94,0.34,lingual_lh_knee_cf_alpha
95,lingual_rh_knee_cf_alpha,0.99,0.0,0.02,-0.34,2498.71,2694.62,0.94,0.3,lingual_rh_knee_cf_alpha
96,medialorbitofrontal_lh_knee_cf_alpha,0.98,0.0,0.05,-0.14,2334.29,2524.85,0.96,-0.02,medialorbitofrontal_lh_knee_cf_alpha
97,medialorbitofrontal_rh_knee_cf_alpha,0.98,0.0,-0.03,-0.38,2247.11,2436.68,0.96,-0.03,medialorbitofrontal_rh_knee_cf_alpha
98,middletemporal_lh_knee_cf_alpha,0.97,0.0,-0.22,-0.47,2420.29,2612.78,0.96,-0.02,middletemporal_lh_knee_cf_alpha
99,middletemporal_rh_knee_cf_alpha,0.97,0.0,-0.14,0.03,2485.11,2678.12,0.95,-0.02,middletemporal_rh_knee_cf_alpha
100,paracentral_lh_knee_cf_alpha,0.99,0.0,0.11,-0.24,2399.35,2595.5,1.01,0.9,paracentral_lh_knee_cf_alpha
101,paracentral_rh_knee_cf_alpha,0.99,0.0,0.15,-0.16,2434.09,2630.52,0.99,1.01,paracentral_rh_knee_cf_alpha
102,parahippocampal_lh_knee_cf_alpha,0.97,0.0,-0.22,-0.34,2633.13,2829.08,0.95,-0.03,parahippocampal_lh_knee_cf_alpha
103,parahippocampal_rh_knee_cf_alpha,0.96,0.0,-0.32,-0.1,2561.23,2756.2,0.94,-0.04,parahippocampal_rh_knee_cf_alpha
104,parsopercularis_rh_knee_cf_alpha,0.97,0.0,-0.18,-0.68,2226.45,2415.25,0.98,-0.01,parsopercularis_rh_knee_cf_alpha
105,parsorbitalis_lh_knee_cf_alpha,0.97,0.0,0.06,-0.21,2331.94,2522.64,0.97,-0.02,parsorbitalis_lh_knee_cf_alpha
106,parsorbitalis_rh_knee_cf_alpha,0.97,0.0,0.03,-0.37,2242.01,2431.35,0.97,-0.02,parsorbitalis_rh_knee_cf_alpha
107,parstriangularis_lh_knee_cf_alpha,0.98,0.0,0.03,-0.05,2172.1,2359.43,0.96,-0.02,parstriangularis_lh_knee_cf_alpha
108,parstriangularis_rh_knee_cf_alpha,0.97,0.0,-0.03,-0.36,2175.83,2364.05,0.97,-0.02,parstriangularis_rh_knee_cf_alpha
109,pericalcarine_lh_knee_cf_alpha,0.99,0.0,0.01,-0.38,2428.3,2624.41,0.92,0.45,pericalcarine_lh_knee_cf_alpha
110,pericalcarine_rh_knee_cf_alpha,0.99,0.0,0.05,-0.3,2465.01,2661.72,0.93,0.51,pericalcarine_rh_knee_cf_alpha
111,postcentral_lh_knee_cf_alpha,0.98,0.0,0.2,-0.03,2399.78,2595.0,1.01,0.76,postcentral_lh_knee_cf_alpha
112,postcentral_rh_knee_cf_alpha,0.98,0.0,0.17,0.02,2448.07,2643.12,0.98,0.23,postcentral_rh_knee_cf_alpha
113,posteriorcingulate_lh_knee_cf_alpha,0.95,0.0,-0.52,0.6,2815.02,3011.61,0.99,0.02,posteriorcingulate_lh_knee_cf_alpha
114,posteriorcingulate_rh_knee_cf_alpha,0.98,0.0,-0.1,-0.01,2625.26,2821.81,0.96,-0.03,posteriorcingulate_rh_knee_cf_alpha
115,precentral_lh_knee_cf_alpha,0.99,0.0,0.11,-0.29,2355.55,2550.97,1.01,0.79,precentral_lh_knee_cf_alpha
116,precentral_rh_knee_cf_alpha,0.99,0.0,0.14,-0.2,2364.47,2560.38,0.99,0.67,precentral_rh_knee_cf_alpha
117,precuneus_lh_knee_cf_alpha,0.99,0.0,0.09,-0.25,2379.84,2576.75,0.94,0.53,precuneus_lh_knee_cf_alpha
118,precuneus_rh_knee_cf_alpha,1.0,0.0,0.01,-0.24,2345.13,2541.95,0.94,0.87,precuneus_rh_knee_cf_alpha
119,rostralanteriorcingulate_lh_knee_cf_alpha,0.99,0.0,0.01,0.07,2429.89,2621.54,0.97,-0.03,rostralanteriorcingulate_lh_knee_cf_alpha
120,rostralanteriorcingulate_rh_knee_cf_alpha,0.98,0.0,-0.0,-0.08,2455.99,2648.13,0.97,-0.01,rostralanteriorcingulate_rh_knee_cf_alpha
121,rostralmiddlefrontal_lh_knee_cf_alpha,0.98,0.0,0.08,-0.01,2229.3,2417.23,0.96,-0.03,rostralmiddlefrontal_lh_knee_cf_alpha
122,rostralmiddlefrontal_rh_knee_cf_alpha,0.98,0.0,0.04,-0.06,2226.61,2413.84,0.98,-0.01,rostralmiddlefrontal_rh_knee_cf_alpha
123,superiorfrontal_lh_knee_cf_alpha,0.98,0.0,-0.05,0.16,2596.32,2790.28,0.97,-0.01,superiorfrontal_lh_knee_cf_alpha
124,superiorfrontal_rh_knee_cf_alpha,0.99,0.0,-0.07,0.13,2495.62,2687.59,0.97,-0.01,superiorfrontal_rh_knee_cf_alpha
125,superiorparietal_lh_knee_cf_alpha,0.99,0.0,0.13,-0.14,2417.51,2614.3,0.96,0.79,superiorparietal_lh_knee_cf_alpha
126,superiorparietal_rh_knee_cf_alpha,1.0,0.03,0.09,0.02,2347.05,2543.6,0.94,0.69,superiorparietal_rh_knee_cf_alpha
127,superiortemporal_lh_knee_cf_alpha,0.96,0.0,-0.24,-0.39,2323.92,2514.43,0.98,-0.01,superiortemporal_lh_knee_cf_alpha
128,superiortemporal_rh_knee_cf_alpha,0.97,0.0,-0.14,-0.34,2403.14,2595.06,0.96,-0.02,superiortemporal_rh_knee_cf_alpha
129,supramarginal_lh_knee_cf_alpha,0.98,0.0,0.16,-0.32,2447.87,2643.21,0.99,0.56,supramarginal_lh_knee_cf_alpha
130,supramarginal_rh_knee_cf_alpha,0.96,0.0,-0.29,0.0,2509.79,2703.33,0.96,-0.06,supramarginal_rh_knee_cf_alpha
131,temporalpole_lh_knee_cf_alpha,0.97,0.0,-0.08,-0.36,2477.87,2671.36,0.96,-0.02,temporalpole_lh_knee_cf_alpha
132,temporalpole_rh_knee_cf_alpha,0.98,0.0,-0.06,0.03,2520.29,2713.82,0.95,-0.02,temporalpole_rh_knee_cf_alpha
133,transversetemporal_lh_knee_cf_alpha,0.97,0.0,-0.2,-0.13,2238.77,2427.19,0.98,-0.0,transversetemporal_lh_knee_cf_alpha
134,transversetemporal_rh_knee_cf_alpha,0.97,0.0,-0.27,-0.07,2298.14,2486.95,0.98,0.01,transversetemporal_rh_knee_cf_alpha
135,bankssts_lh_pw_alpha,1.0,0.28,0.04,-0.27,1971.39,2156.57,1.01,0.19,bankssts_lh_pw_alpha
136,bankssts_rh_pw_alpha,1.0,0.69,0.06,-0.19,2027.53,2213.44,0.99,0.05,bankssts_rh_pw_alpha
137,caudalanteriorcingulate_lh_pw_alpha,1.0,0.26,0.06,-0.1,2356.02,2547.8,0.97,0.02,caudalanteriorcingulate_lh_pw_alpha
138,caudalanteriorcingulate_rh_pw_alpha,1.0,0.09,0.07,-0.14,2360.28,2551.84,0.97,-0.03,caudalanteriorcingulate_rh_pw_alpha
139,caudalmiddlefrontal_lh_pw_alpha,1.0,0.09,0.06,-0.34,2091.58,2279.27,0.97,0.04,caudalmiddlefrontal_lh_pw_alpha
140,caudalmiddlefrontal_rh_pw_alpha,1.0,0.02,0.07,-0.34,1982.56,2168.37,0.98,0.08,caudalmiddlefrontal_rh_pw_alpha
141,cuneus_lh_pw_alpha,1.0,0.05,0.05,-0.39,2322.5,2517.47,0.95,0.1,cuneus_lh_pw_alpha
142,cuneus_rh_pw_alpha,1.0,0.29,0.02,-0.29,2282.05,2476.72,0.95,0.1,cuneus_rh_pw_alpha
143,entorhinal_lh_pw_alpha,1.0,0.79,0.01,-0.1,2070.82,2258.65,0.98,-0.05,entorhinal_lh_pw_alpha
144,entorhinal_rh_pw_alpha,1.0,0.27,0.07,-0.24,2081.77,2269.46,0.98,0.01,entorhinal_rh_pw_alpha
145,frontalpole_lh_pw_alpha,1.0,0.45,0.07,-0.23,1615.37,1791.44,0.99,0.01,frontalpole_lh_pw_alpha
146,frontalpole_rh_pw_alpha,1.0,0.41,0.05,-0.26,1726.73,1905.5,0.98,-0.0,frontalpole_rh_pw_alpha
147,fusiform_lh_pw_alpha,1.0,0.19,0.07,-0.26,2278.78,2468.54,0.99,0.01,fusiform_lh_pw_alpha
148,fusiform_rh_pw_alpha,1.0,0.41,0.06,-0.24,2204.19,2393.38,0.98,-0.02,fusiform_rh_pw_alpha
149,inferiorparietal_lh_pw_alpha,1.0,0.04,0.06,-0.39,2222.24,2411.62,1.0,0.05,inferiorparietal_lh_pw_alpha
150,inferiorparietal_rh_pw_alpha,1.0,0.15,0.05,-0.34,2290.77,2481.28,1.0,0.06,inferiorparietal_rh_pw_alpha
151,inferiortemporal_lh_pw_alpha,1.0,0.72,0.04,-0.13,2164.53,2352.46,0.98,-0.03,inferiortemporal_lh_pw_alpha
152,inferiortemporal_rh_pw_alpha,1.0,0.14,0.06,-0.26,2170.35,2358.82,0.99,0.06,inferiortemporal_rh_pw_alpha
153,insula_lh_pw_alpha,1.0,0.04,0.07,-0.32,2100.08,2287.46,0.98,0.02,insula_lh_pw_alpha
154,insula_rh_pw_alpha,1.0,0.49,0.05,-0.1,2142.59,2331.16,0.98,0.03,insula_rh_pw_alpha
155,isthmuscingulate_lh_pw_alpha,1.0,0.08,0.07,-0.33,2671.95,2868.3,0.98,-0.04,isthmuscingulate_lh_pw_alpha
156,isthmuscingulate_rh_pw_alpha,0.99,0.0,0.11,-0.46,2667.1,2863.37,0.98,-0.05,isthmuscingulate_rh_pw_alpha
157,lateraloccipital_lh_pw_alpha,1.0,0.09,0.04,-0.38,2202.58,2393.41,0.98,0.1,lateraloccipital_lh_pw_alpha
158,lateraloccipital_rh_pw_alpha,1.0,0.27,0.03,-0.26,2215.38,2407.78,0.95,0.02,lateraloccipital_rh_pw_alpha
159,lateralorbitofrontal_lh_pw_alpha,1.0,0.08,0.04,-0.36,2114.22,2301.36,0.99,-0.02,lateralorbitofrontal_lh_pw_alpha
160,lateralorbitofrontal_rh_pw_alpha,1.0,0.65,0.04,-0.26,2120.65,2308.88,1.0,0.06,lateralorbitofrontal_rh_pw_alpha
161,lingual_lh_pw_alpha,1.0,0.31,0.06,-0.2,2350.83,2543.89,0.98,0.09,lingual_lh_pw_alpha
162,lingual_rh_pw_alpha,1.0,0.25,0.04,-0.28,2270.19,2463.03,0.96,0.02,lingual_rh_pw_alpha
163,medialorbitofrontal_lh_pw_alpha,1.0,0.19,0.06,-0.32,1923.32,2106.38,1.0,0.03,medialorbitofrontal_lh_pw_alpha
164,medialorbitofrontal_rh_pw_alpha,1.0,0.4,0.06,-0.24,1892.59,2075.2,1.0,0.01,medialorbitofrontal_rh_pw_alpha
165,middletemporal_lh_pw_alpha,1.0,0.08,0.06,-0.3,2014.82,2201.09,0.98,0.02,middletemporal_lh_pw_alpha
166,middletemporal_rh_pw_alpha,1.0,0.38,0.04,-0.31,2083.42,2270.86,1.0,0.07,middletemporal_rh_pw_alpha
167,paracentral_lh_pw_alpha,1.0,0.01,0.03,-0.45,2402.5,2597.38,0.97,0.15,paracentral_lh_pw_alpha
168,paracentral_rh_pw_alpha,1.0,0.02,-0.01,-0.39,2381.97,2577.06,0.97,0.2,paracentral_rh_pw_alpha
169,parahippocampal_lh_pw_alpha,1.0,0.03,0.07,-0.33,2254.94,2445.86,0.99,0.04,parahippocampal_lh_pw_alpha
170,parahippocampal_rh_pw_alpha,1.0,0.2,0.07,-0.3,2250.63,2440.72,0.99,-0.0,parahippocampal_rh_pw_alpha
171,parsopercularis_lh_pw_alpha,1.0,0.54,0.05,-0.27,1870.66,2052.53,0.98,-0.01,parsopercularis_lh_pw_alpha
172,parsopercularis_rh_pw_alpha,1.0,0.05,0.07,-0.32,1880.9,2064.23,0.98,0.02,parsopercularis_rh_pw_alpha
173,parsorbitalis_lh_pw_alpha,1.0,0.31,0.05,-0.26,1903.68,2087.18,0.99,0.02,parsorbitalis_lh_pw_alpha
174,parsorbitalis_rh_pw_alpha,1.0,0.27,0.07,-0.12,1925.34,2108.4,1.0,0.03,parsorbitalis_rh_pw_alpha
175,parstriangularis_lh_pw_alpha,0.99,0.02,0.09,-0.16,1856.19,2038.06,0.98,0.02,parstriangularis_lh_pw_alpha
176,parstriangularis_rh_pw_alpha,1.0,0.12,0.07,-0.26,1850.62,2032.6,0.99,0.03,parstriangularis_rh_pw_alpha
177,pericalcarine_lh_pw_alpha,1.0,0.13,0.02,-0.26,2255.15,2448.82,0.95,0.08,pericalcarine_lh_pw_alpha
178,pericalcarine_rh_pw_alpha,1.0,0.24,0.03,-0.31,2228.52,2422.7,0.94,0.1,pericalcarine_rh_pw_alpha
179,postcentral_lh_pw_alpha,1.0,0.12,0.05,-0.32,2303.94,2496.22,0.96,0.05,postcentral_lh_pw_alpha
180,postcentral_rh_pw_alpha,1.0,0.15,0.05,-0.26,2361.16,2553.07,0.97,0.0,postcentral_rh_pw_alpha
181,posteriorcingulate_lh_pw_alpha,1.0,0.05,0.09,-0.26,2551.86,2747.2,0.95,-0.05,posteriorcingulate_lh_pw_alpha
182,posteriorcingulate_rh_pw_alpha,1.0,0.1,0.06,-0.35,2504.94,2699.7,0.96,-0.02,posteriorcingulate_rh_pw_alpha
183,precentral_lh_pw_alpha,0.99,0.0,0.08,-0.37,2349.66,2543.36,0.96,0.02,precentral_lh_pw_alpha
184,precentral_rh_pw_alpha,0.99,0.0,0.03,-0.52,2318.55,2513.15,0.97,0.2,precentral_rh_pw_alpha
185,precuneus_lh_pw_alpha,1.0,0.01,0.08,-0.43,2601.51,2797.78,0.97,-0.05,precuneus_lh_pw_alpha
186,precuneus_rh_pw_alpha,1.0,0.01,0.09,-0.37,2651.98,2848.17,0.97,-0.04,precuneus_rh_pw_alpha
187,rostralanteriorcingulate_lh_pw_alpha,1.0,0.65,0.03,-0.12,2084.7,2270.45,0.99,0.01,rostralanteriorcingulate_lh_pw_alpha
188,rostralanteriorcingulate_rh_pw_alpha,1.0,0.96,0.03,-0.11,1987.81,2173.04,1.0,0.06,rostralanteriorcingulate_rh_pw_alpha
189,rostralmiddlefrontal_lh_pw_alpha,1.0,0.52,0.05,-0.29,1834.09,2015.79,0.98,-0.01,rostralmiddlefrontal_lh_pw_alpha
190,rostralmiddlefrontal_rh_pw_alpha,1.0,0.1,0.06,-0.39,1896.12,2079.06,1.0,0.05,rostralmiddlefrontal_rh_pw_alpha
191,superiorfrontal_lh_pw_alpha,1.0,0.18,0.06,-0.16,2207.08,2396.85,0.96,-0.03,superiorfrontal_lh_pw_alpha
192,superiorfrontal_rh_pw_alpha,1.0,0.2,0.05,-0.36,2098.54,2286.57,0.98,0.02,superiorfrontal_rh_pw_alpha
193,superiorparietal_lh_pw_alpha,1.0,0.0,0.07,-0.42,2541.15,2736.78,0.98,-0.02,superiorparietal_lh_pw_alpha
194,superiorparietal_rh_pw_alpha,1.0,0.01,0.07,-0.36,2601.57,2797.52,0.97,-0.04,superiorparietal_rh_pw_alpha
195,superiortemporal_lh_pw_alpha,1.0,0.19,0.07,-0.27,1978.4,2163.41,0.96,-0.06,superiortemporal_lh_pw_alpha
196,superiortemporal_rh_pw_alpha,1.0,0.71,0.04,-0.19,2018.7,2204.19,0.98,0.02,superiortemporal_rh_pw_alpha
197,supramarginal_lh_pw_alpha,1.0,0.02,0.04,-0.45,2297.16,2489.21,0.98,0.1,supramarginal_lh_pw_alpha
198,supramarginal_rh_pw_alpha,1.0,0.2,0.04,-0.25,2210.06,2398.72,1.0,0.06,supramarginal_rh_pw_alpha
199,temporalpole_lh_pw_alpha,1.0,0.39,0.06,-0.22,2009.68,2196.3,0.97,0.01,temporalpole_lh_pw_alpha
200,temporalpole_rh_pw_alpha,1.0,0.3,0.03,-0.29,1995.58,2182.31,0.97,-0.0,temporalpole_rh_pw_alpha
201,transversetemporal_lh_pw_alpha,1.0,0.43,0.07,-0.27,1971.38,2155.37,0.97,-0.06,transversetemporal_lh_pw_alpha
202,transversetemporal_rh_pw_alpha,1.0,0.16,0.07,-0.15,1988.41,2173.8,0.99,0.07,transversetemporal_rh_pw_alpha
203,bankssts_lh_knee_pw_alpha,1.0,0.87,0.02,-0.17,2253.9,2445.1,0.99,0.17,bankssts_lh_knee_pw_alpha
204,bankssts_rh_knee_pw_alpha,1.0,0.58,0.03,-0.27,2259.5,2451.33,0.98,0.16,bankssts_rh_knee_pw_alpha
205,caudalanteriorcingulate_lh_knee_pw_alpha,1.0,0.56,0.03,-0.11,2494.45,2689.3,0.96,0.03,caudalanteriorcingulate_lh_knee_pw_alpha
206,caudalanteriorcingulate_rh_knee_pw_alpha,1.0,0.17,0.07,-0.14,2498.72,2693.11,0.96,-0.03,caudalanteriorcingulate_rh_knee_pw_alpha
207,caudalmiddlefrontal_lh_knee_pw_alpha,1.0,0.52,0.04,-0.21,2255.6,2447.83,0.96,0.11,caudalmiddlefrontal_lh_knee_pw_alpha
208,caudalmiddlefrontal_rh_knee_pw_alpha,1.0,0.75,0.02,-0.23,2163.1,2353.89,0.97,0.18,caudalmiddlefrontal_rh_knee_pw_alpha
209,cuneus_lh_knee_pw_alpha,1.0,0.14,0.04,-0.32,2425.37,2621.96,0.95,0.12,cuneus_lh_knee_pw_alpha
210,cuneus_rh_knee_pw_alpha,1.0,0.49,-0.0,-0.09,2399.45,2595.88,0.94,0.05,cuneus_rh_knee_pw_alpha
211,entorhinal_lh_knee_pw_alpha,1.0,0.78,0.02,-0.17,2322.19,2515.55,0.97,-0.01,entorhinal_lh_knee_pw_alpha
212,entorhinal_rh_knee_pw_alpha,1.0,0.6,-0.0,-0.16,2348.63,2542.16,0.98,0.03,entorhinal_rh_knee_pw_alpha
213,frontalpole_lh_knee_pw_alpha,1.0,0.6,0.05,-0.11,1875.34,2057.44,0.98,0.02,frontalpole_lh_knee_pw_alpha
214,frontalpole_rh_knee_pw_alpha,1.0,0.24,0.07,-0.29,2114.3,2301.29,0.98,-0.02,frontalpole_rh_knee_pw_alpha
215,fusiform_lh_knee_pw_alpha,1.0,0.29,0.05,-0.16,2513.75,2708.22,0.99,0.05,fusiform_lh_knee_pw_alpha
216,fusiform_rh_knee_pw_alpha,1.0,0.1,0.05,-0.36,2457.39,2651.98,0.98,0.07,fusiform_rh_knee_pw_alpha
217,inferiorparietal_lh_knee_pw_alpha,1.0,0.14,0.05,-0.3,2466.96,2661.85,0.99,0.12,inferiorparietal_lh_knee_pw_alpha
218,inferiorparietal_rh_knee_pw_alpha,1.0,0.23,0.02,-0.27,2509.69,2704.45,0.99,0.07,inferiorparietal_rh_knee_pw_alpha
219,inferiortemporal_lh_knee_pw_alpha,1.0,0.83,0.01,-0.08,2396.6,2589.49,0.98,0.02,inferiortemporal_lh_knee_pw_alpha
220,inferiortemporal_rh_knee_pw_alpha,1.0,0.77,-0.01,-0.08,2426.58,2620.03,1.0,0.08,inferiortemporal_rh_knee_pw_alpha
221,insula_lh_knee_pw_alpha,1.0,0.73,0.05,-0.2,2364.47,2557.23,0.97,0.02,insula_lh_knee_pw_alpha
222,insula_rh_knee_pw_alpha,1.0,0.38,0.05,-0.05,2387.31,2580.15,0.99,0.05,insula_rh_knee_pw_alpha
223,isthmuscingulate_lh_knee_pw_alpha,1.0,0.11,0.07,-0.32,2722.53,2919.63,0.97,-0.03,isthmuscingulate_lh_knee_pw_alpha
224,isthmuscingulate_rh_knee_pw_alpha,0.99,0.0,0.09,-0.44,2687.75,2884.66,0.98,-0.01,isthmuscingulate_rh_knee_pw_alpha
225,lateraloccipital_lh_knee_pw_alpha,1.0,0.29,0.03,-0.27,2396.37,2590.84,0.98,0.08,lateraloccipital_lh_knee_pw_alpha
226,lateraloccipital_rh_knee_pw_alpha,1.0,0.25,0.03,-0.2,2390.69,2586.23,0.95,0.01,lateraloccipital_rh_knee_pw_alpha
227,lateralorbitofrontal_lh_knee_pw_alpha,1.0,0.2,0.02,-0.26,2353.31,2545.58,0.98,-0.01,lateralorbitofrontal_lh_knee_pw_alpha
228,lateralorbitofrontal_rh_knee_pw_alpha,1.0,0.39,0.03,-0.27,2331.02,2523.69,0.98,-0.02,lateralorbitofrontal_rh_knee_pw_alpha
229,lingual_lh_knee_pw_alpha,1.0,0.22,0.05,-0.22,2450.88,2646.99,0.98,0.23,lingual_lh_knee_pw_alpha
230,lingual_rh_knee_pw_alpha,1.0,0.17,0.05,-0.23,2411.52,2607.3,0.95,0.04,lingual_rh_knee_pw_alpha
231,medialorbitofrontal_lh_knee_pw_alpha,1.0,0.22,0.04,-0.23,2202.73,2392.91,1.0,0.1,medialorbitofrontal_lh_knee_pw_alpha
232,medialorbitofrontal_rh_knee_pw_alpha,1.0,0.54,0.05,-0.17,2151.71,2340.56,0.99,0.07,medialorbitofrontal_rh_knee_pw_alpha
233,middletemporal_lh_knee_pw_alpha,1.0,0.95,0.02,-0.13,2356.44,2548.84,0.98,0.06,middletemporal_lh_knee_pw_alpha
234,middletemporal_rh_knee_pw_alpha,1.0,0.14,0.05,-0.32,2342.16,2535.04,1.0,0.12,middletemporal_rh_knee_pw_alpha
235,paracentral_lh_knee_pw_alpha,1.0,0.03,0.03,-0.39,2405.88,2602.03,0.95,0.18,paracentral_lh_knee_pw_alpha
236,paracentral_rh_knee_pw_alpha,1.0,0.07,0.02,-0.4,2429.72,2626.15,0.94,0.11,paracentral_rh_knee_pw_alpha
237,parahippocampal_lh_knee_pw_alpha,1.0,0.35,0.04,-0.16,2583.09,2779.0,0.99,0.06,parahippocampal_lh_knee_pw_alpha
238,parahippocampal_rh_knee_pw_alpha,1.0,0.7,0.01,-0.18,2493.54,2688.3,0.99,0.06,parahippocampal_rh_knee_pw_alpha
239,parsopercularis_lh_knee_pw_alpha,1.0,0.03,0.07,-0.17,2126.48,2313.96,0.98,0.02,parsopercularis_lh_knee_pw_alpha
240,parsopercularis_rh_knee_pw_alpha,1.0,0.31,0.04,-0.11,2082.72,2271.14,0.97,0.11,parsopercularis_rh_knee_pw_alpha
241,parsorbitalis_lh_knee_pw_alpha,1.0,0.09,0.07,-0.25,2238.84,2429.21,0.97,-0.03,parsorbitalis_lh_knee_pw_alpha
242,parsorbitalis_rh_knee_pw_alpha,1.0,0.53,0.06,-0.17,2176.4,2365.26,0.98,-0.01,parsorbitalis_rh_knee_pw_alpha
243,parstriangularis_lh_knee_pw_alpha,1.0,0.94,0.04,-0.17,2052.49,2239.42,0.98,0.01,parstriangularis_lh_knee_pw_alpha
244,parstriangularis_rh_knee_pw_alpha,1.0,0.15,0.06,-0.29,2101.46,2289.44,0.99,0.04,parstriangularis_rh_knee_pw_alpha
245,pericalcarine_lh_knee_pw_alpha,1.0,0.27,0.02,-0.24,2383.59,2579.66,0.95,0.11,pericalcarine_lh_knee_pw_alpha
246,pericalcarine_rh_knee_pw_alpha,1.0,0.6,0.01,-0.17,2355.47,2552.14,0.94,0.12,pericalcarine_rh_knee_pw_alpha
247,postcentral_lh_knee_pw_alpha,1.0,0.28,0.03,-0.24,2390.42,2585.51,0.94,0.08,postcentral_lh_knee_pw_alpha
248,postcentral_rh_knee_pw_alpha,1.0,0.07,0.04,-0.37,2454.62,2649.67,0.97,0.1,postcentral_rh_knee_pw_alpha
249,posteriorcingulate_lh_knee_pw_alpha,1.0,0.54,0.05,-0.22,2572.41,2768.96,0.93,-0.05,posteriorcingulate_lh_knee_pw_alpha
250,posteriorcingulate_rh_knee_pw_alpha,1.0,0.16,0.06,-0.27,2579.27,2775.74,0.93,-0.06,posteriorcingulate_rh_knee_pw_alpha
251,precentral_lh_knee_pw_alpha,1.0,0.0,0.05,-0.34,2325.3,2520.72,0.94,0.12,precentral_lh_knee_pw_alpha
252,precentral_rh_knee_pw_alpha,1.0,0.03,0.02,-0.4,2336.85,2532.75,0.94,0.19,precentral_rh_knee_pw_alpha
253,precuneus_lh_knee_pw_alpha,1.0,0.11,0.06,-0.3,2660.39,2857.26,0.97,-0.05,precuneus_lh_knee_pw_alpha
254,precuneus_rh_knee_pw_alpha,1.0,0.01,0.08,-0.39,2662.57,2859.36,0.97,-0.02,precuneus_rh_knee_pw_alpha
255,rostralanteriorcingulate_lh_knee_pw_alpha,1.0,0.67,0.04,-0.08,2287.55,2478.84,0.97,0.08,rostralanteriorcingulate_lh_knee_pw_alpha
256,rostralanteriorcingulate_rh_knee_pw_alpha,1.0,0.95,0.04,-0.11,2341.08,2532.86,0.98,0.02,rostralanteriorcingulate_rh_knee_pw_alpha
257,rostralmiddlefrontal_lh_knee_pw_alpha,1.0,0.15,0.06,-0.29,2085.14,2273.02,0.97,0.01,rostralmiddlefrontal_lh_knee_pw_alpha
258,rostralmiddlefrontal_rh_knee_pw_alpha,1.0,0.43,0.04,-0.28,2067.23,2254.21,0.99,0.07,rostralmiddlefrontal_rh_knee_pw_alpha
259,superiorfrontal_lh_knee_pw_alpha,1.0,0.61,0.04,-0.13,2389.9,2583.74,0.94,-0.03,superiorfrontal_lh_knee_pw_alpha
260,superiorfrontal_rh_knee_pw_alpha,1.0,0.54,0.05,-0.26,2276.47,2468.35,0.97,0.03,superiorfrontal_rh_knee_pw_alpha
261,superiorparietal_lh_knee_pw_alpha,1.0,0.09,0.06,-0.3,2645.23,2841.94,0.97,-0.03,superiorparietal_lh_knee_pw_alpha
262,superiorparietal_rh_knee_pw_alpha,0.99,0.0,0.09,-0.42,2631.7,2828.25,0.96,-0.03,superiorparietal_rh_knee_pw_alpha
263,superiortemporal_lh_knee_pw_alpha,1.0,0.47,0.05,-0.23,2199.65,2389.98,0.97,0.03,superiortemporal_lh_knee_pw_alpha
264,superiortemporal_rh_knee_pw_alpha,1.0,0.94,0.04,-0.16,2337.81,2529.64,0.99,0.04,superiortemporal_rh_knee_pw_alpha
265,supramarginal_lh_knee_pw_alpha,1.0,0.03,0.02,-0.45,2368.49,2563.78,0.97,0.27,supramarginal_lh_knee_pw_alpha
266,supramarginal_rh_knee_pw_alpha,1.0,0.08,0.05,-0.35,2402.33,2595.74,1.0,0.18,supramarginal_rh_knee_pw_alpha
267,temporalpole_lh_knee_pw_alpha,1.0,0.62,0.05,-0.14,2311.59,2504.48,0.93,-0.06,temporalpole_lh_knee_pw_alpha
268,temporalpole_rh_knee_pw_alpha,1.0,0.75,0.03,-0.14,2328.06,2520.86,0.96,-0.01,temporalpole_rh_knee_pw_alpha
269,transversetemporal_lh_knee_pw_alpha,1.0,0.06,0.07,-0.31,2097.8,2286.07,0.95,-0.03,transversetemporal_lh_knee_pw_alpha
270,transversetemporal_rh_knee_pw_alpha,1.0,0.45,0.06,-0.16,2117.07,2305.73,0.99,0.09,transversetemporal_rh_knee_pw_alpha
271,bankssts_lh_bw_alpha,0.96,0.0,-0.56,-0.05,1178.56,1369.27,1.2,930.41,bankssts_lh_bw_alpha
272,bankssts_rh_bw_alpha,0.96,0.0,-0.37,-0.65,940.28,1130.61,1.14,891.42,bankssts_rh_bw_alpha
273,caudalanteriorcingulate_lh_bw_alpha,0.63,0.0,-3.77,18.06,1377.23,1569.06,1.13,646.88,caudalanteriorcingulate_lh_bw_alpha
274,caudalanteriorcingulate_rh_bw_alpha,0.95,0.0,-0.34,-0.72,1356.67,1548.37,1.12,356.24,caudalanteriorcingulate_rh_bw_alpha
275,caudalmiddlefrontal_lh_bw_alpha,0.94,0.0,-0.84,0.1,657.53,857.12,1.19,40149.27,caudalmiddlefrontal_lh_bw_alpha
276,caudalmiddlefrontal_rh_bw_alpha,0.88,0.0,-1.56,3.84,352.14,553.38,1.19,220918.6,caudalmiddlefrontal_rh_bw_alpha
277,cuneus_lh_bw_alpha,0.97,0.0,-0.12,-0.69,1705.49,1899.45,1.07,33.33,cuneus_lh_bw_alpha
278,cuneus_rh_bw_alpha,0.98,0.0,-0.09,-0.74,1930.57,2124.02,1.05,6.8,cuneus_rh_bw_alpha
279,entorhinal_lh_bw_alpha,0.87,0.0,-1.44,2.22,860.12,1060.23,1.18,5570.56,entorhinal_lh_bw_alpha
280,entorhinal_rh_bw_alpha,0.95,0.0,-0.74,0.09,973.58,1164.44,1.16,2023.98,entorhinal_rh_bw_alpha
281,frontalpole_lh_bw_alpha,0.97,0.0,-0.44,-0.59,1011.92,1188.06,1.16,399.73,frontalpole_lh_bw_alpha
282,frontalpole_rh_bw_alpha,0.95,0.0,-0.65,-0.24,779.24,959.92,1.21,6949.12,frontalpole_rh_bw_alpha
283,fusiform_lh_bw_alpha,0.94,0.0,-0.27,-0.84,1085.15,1275.15,1.11,676.15,fusiform_lh_bw_alpha
284,fusiform_rh_bw_alpha,0.95,0.0,-0.23,-0.82,1253.14,1442.47,1.1,231.14,fusiform_rh_bw_alpha
285,inferiorparietal_lh_bw_alpha,0.96,0.0,-0.17,-0.65,1214.27,1403.84,1.08,180.66,inferiorparietal_lh_bw_alpha
286,inferiorparietal_rh_bw_alpha,0.71,0.0,-2.4,5.78,1193.64,1385.26,1.1,232.78,inferiorparietal_rh_bw_alpha
287,inferiortemporal_lh_bw_alpha,0.93,0.0,-0.86,0.18,1230.28,1429.77,1.17,1275.89,inferiortemporal_lh_bw_alpha
288,inferiortemporal_rh_bw_alpha,0.96,0.0,-0.78,0.54,1333.18,1530.69,1.15,804.68,inferiortemporal_rh_bw_alpha
289,insula_lh_bw_alpha,0.9,0.0,-1.15,0.84,1205.52,1396.92,1.13,411.16,insula_lh_bw_alpha
290,insula_rh_bw_alpha,0.78,0.0,-2.06,4.45,1139.04,1333.79,1.16,1143.3,insula_rh_bw_alpha
291,isthmuscingulate_lh_bw_alpha,0.98,0.0,-0.03,-0.41,1896.89,2092.47,1.05,9.47,isthmuscingulate_lh_bw_alpha
292,isthmuscingulate_rh_bw_alpha,0.98,0.0,-0.01,-0.59,2057.96,2253.5,1.04,3.82,isthmuscingulate_rh_bw_alpha
293,lateraloccipital_lh_bw_alpha,0.98,0.0,-0.08,-0.61,1563.13,1754.05,1.05,19.69,lateraloccipital_lh_bw_alpha
294,lateraloccipital_rh_bw_alpha,0.97,0.0,-0.09,-0.51,1671.17,1863.17,1.07,23.62,lateraloccipital_rh_bw_alpha
295,lateralorbitofrontal_lh_bw_alpha,0.75,0.0,-2.32,5.96,1117.2,1309.94,1.16,1215.45,lateralorbitofrontal_lh_bw_alpha
296,lateralorbitofrontal_rh_bw_alpha,0.96,0.0,-0.55,-0.25,1087.56,1285.79,1.13,1256.27,lateralorbitofrontal_rh_bw_alpha
297,lingual_lh_bw_alpha,0.97,0.0,-0.14,-0.67,1540.88,1734.03,1.05,43.4,lingual_lh_bw_alpha
298,lingual_rh_bw_alpha,0.97,0.0,-0.11,-0.7,1656.57,1848.98,1.05,20.69,lingual_rh_bw_alpha
299,medialorbitofrontal_lh_bw_alpha,0.9,0.0,-1.31,2.19,762.06,957.52,1.29,9842.46,medialorbitofrontal_lh_bw_alpha
300,medialorbitofrontal_rh_bw_alpha,0.95,0.0,-0.64,-0.45,857.23,1043.76,1.47,5611.92,medialorbitofrontal_rh_bw_alpha
301,middletemporal_lh_bw_alpha,0.97,0.0,-0.39,-0.59,1090.44,1279.26,1.15,687.88,middletemporal_lh_bw_alpha
302,middletemporal_rh_bw_alpha,0.65,0.0,-2.58,6.21,1219.04,1407.94,1.1,297.03,middletemporal_rh_bw_alpha
303,paracentral_lh_bw_alpha,0.96,0.0,-0.11,-0.55,1400.08,1594.17,1.08,90.7,paracentral_lh_bw_alpha
304,paracentral_rh_bw_alpha,0.98,0.0,-0.11,-0.58,1547.47,1741.34,1.08,54.69,paracentral_rh_bw_alpha
305,parahippocampal_lh_bw_alpha,0.95,0.0,-0.63,-0.28,1135.14,1326.52,1.13,532.79,parahippocampal_lh_bw_alpha
306,parahippocampal_rh_bw_alpha,0.95,0.0,-0.27,-0.88,1225.38,1415.75,1.1,345.39,parahippocampal_rh_bw_alpha
307,parsopercularis_lh_bw_alpha,0.94,0.0,-0.41,-0.66,1004.72,1186.65,1.18,811.66,parsopercularis_lh_bw_alpha
308,parsopercularis_rh_bw_alpha,0.74,0.0,-1.99,3.44,782.42,975.47,1.22,17713.02,parsopercularis_rh_bw_alpha
309,parsorbitalis_lh_bw_alpha,0.94,0.0,-0.68,-0.31,702.61,898.45,1.2,17946.04,parsorbitalis_lh_bw_alpha
310,parsorbitalis_rh_bw_alpha,0.74,0.0,-2.25,5.16,898.41,1086.44,1.23,4974.84,parsorbitalis_rh_bw_alpha
311,parstriangularis_lh_bw_alpha,0.79,0.0,-2.88,16.37,1039.18,1221.22,1.18,737.35,parstriangularis_lh_bw_alpha
312,parstriangularis_rh_bw_alpha,0.8,0.0,-2.68,15.1,1116.81,1298.85,1.16,315.56,parstriangularis_rh_bw_alpha
313,pericalcarine_lh_bw_alpha,0.97,0.0,-0.08,-0.57,1730.75,1923.86,1.06,18.72,pericalcarine_lh_bw_alpha
314,pericalcarine_rh_bw_alpha,0.98,0.0,-0.05,-0.51,1821.99,2015.53,1.06,12.69,pericalcarine_rh_bw_alpha
315,postcentral_lh_bw_alpha,0.82,0.0,-2.24,7.55,1331.34,1530.91,1.18,473.62,postcentral_lh_bw_alpha
316,postcentral_rh_bw_alpha,0.78,0.0,-2.15,5.17,994.09,1188.14,1.12,558.79,postcentral_rh_bw_alpha
317,posteriorcingulate_lh_bw_alpha,0.98,0.0,-0.1,-0.58,1479.53,1674.91,1.09,86.52,posteriorcingulate_lh_bw_alpha
318,posteriorcingulate_rh_bw_alpha,0.98,0.0,-0.08,-0.52,1498.34,1693.22,1.09,77.24,posteriorcingulate_rh_bw_alpha
319,precentral_lh_bw_alpha,0.97,0.0,-0.13,-0.49,1211.81,1404.96,1.09,214.97,precentral_lh_bw_alpha
320,precentral_rh_bw_alpha,0.96,0.0,-0.17,-0.63,1200.47,1394.68,1.09,332.05,precentral_rh_bw_alpha
321,precuneus_lh_bw_alpha,0.98,0.0,-0.02,-0.48,2079.21,2274.63,1.04,3.88,precuneus_lh_bw_alpha
322,precuneus_rh_bw_alpha,0.99,0.0,0.01,-0.43,2122.47,2317.44,1.06,3.54,precuneus_rh_bw_alpha
323,rostralanteriorcingulate_lh_bw_alpha,0.71,0.0,-2.11,3.73,1091.45,1280.21,1.19,1451.96,rostralanteriorcingulate_lh_bw_alpha
324,rostralanteriorcingulate_rh_bw_alpha,0.93,0.0,-0.33,-1.01,1076.44,1261.93,1.15,564.38,rostralanteriorcingulate_rh_bw_alpha
325,rostralmiddlefrontal_lh_bw_alpha,0.96,0.0,-0.57,-0.37,1105.3,1298.7,1.2,1729.93,rostralmiddlefrontal_lh_bw_alpha
326,rostralmiddlefrontal_rh_bw_alpha,0.9,0.0,-0.93,0.2,241.28,453.85,1.24,770618.82,rostralmiddlefrontal_rh_bw_alpha
327,superiorfrontal_lh_bw_alpha,0.96,0.0,-0.55,-0.42,1184.85,1382.53,1.18,1838.94,superiorfrontal_lh_bw_alpha
328,superiorfrontal_rh_bw_alpha,0.96,0.0,-0.52,-0.6,1201.54,1390.47,1.17,873.96,superiorfrontal_rh_bw_alpha
329,superiorparietal_lh_bw_alpha,0.98,0.0,-0.05,-0.5,2044.95,2239.58,1.07,9.01,superiorparietal_lh_bw_alpha
330,superiorparietal_rh_bw_alpha,0.98,0.0,0.01,-0.53,2200.45,2395.38,1.05,2.62,superiorparietal_rh_bw_alpha
331,superiortemporal_lh_bw_alpha,0.96,0.0,-0.5,-0.56,941.49,1129.38,1.17,2469.78,superiortemporal_lh_bw_alpha
332,superiortemporal_rh_bw_alpha,0.8,0.0,-2.06,5.05,742.06,936.78,1.2,8563.52,superiortemporal_rh_bw_alpha
333,supramarginal_lh_bw_alpha,0.96,0.0,-0.17,-0.7,1235.52,1427.61,1.09,167.31,supramarginal_lh_bw_alpha
334,supramarginal_rh_bw_alpha,0.97,0.0,-0.37,-0.59,712.34,910.62,1.13,3042.59,supramarginal_rh_bw_alpha
335,temporalpole_lh_bw_alpha,0.96,0.0,-0.55,-0.31,1159.94,1351.42,1.14,587.96,temporalpole_lh_bw_alpha
336,temporalpole_rh_bw_alpha,0.72,0.0,-2.14,4.0,1051.22,1243.14,1.22,1650.2,temporalpole_rh_bw_alpha
337,transversetemporal_lh_bw_alpha,0.84,0.0,-1.6,2.49,659.77,858.01,1.19,14124.86,transversetemporal_lh_bw_alpha
338,transversetemporal_rh_bw_alpha,0.87,0.0,-1.54,2.69,976.27,1166.94,1.18,2629.22,transversetemporal_rh_bw_alpha
339,bankssts_lh_knee_bw_alpha,0.94,0.0,-0.96,2.64,1453.99,1644.64,1.17,416.6,bankssts_lh_knee_bw_alpha
340,bankssts_rh_knee_bw_alpha,0.93,0.0,-1.32,4.25,1750.83,1950.38,1.16,316.43,bankssts_rh_knee_bw_alpha
341,caudalanteriorcingulate_lh_knee_bw_alpha,0.96,0.0,-0.45,-0.26,1828.95,2023.67,1.13,128.46,caudalanteriorcingulate_lh_knee_bw_alpha
342,caudalanteriorcingulate_rh_knee_bw_alpha,0.73,0.0,-3.8,26.09,2339.99,2539.81,1.12,228.71,caudalanteriorcingulate_rh_knee_bw_alpha
343,caudalmiddlefrontal_lh_knee_bw_alpha,0.81,0.0,-1.78,3.13,1304.19,1499.87,1.13,425.66,caudalmiddlefrontal_lh_knee_bw_alpha
344,caudalmiddlefrontal_rh_knee_bw_alpha,0.95,0.0,-0.59,-0.39,818.65,1011.86,1.19,6232.53,caudalmiddlefrontal_rh_knee_bw_alpha
345,cuneus_lh_knee_bw_alpha,0.97,0.0,-0.1,-0.67,2089.31,2285.38,1.07,12.01,cuneus_lh_knee_bw_alpha
346,cuneus_rh_knee_bw_alpha,0.97,0.0,-0.07,-0.69,2218.12,2413.66,1.06,4.86,cuneus_rh_knee_bw_alpha
347,entorhinal_lh_knee_bw_alpha,0.95,0.0,-0.59,-0.17,1134.7,1335.37,1.15,2918.04,entorhinal_lh_knee_bw_alpha
348,entorhinal_rh_knee_bw_alpha,0.96,0.0,-0.48,-0.3,1438.49,1633.79,1.22,766.06,entorhinal_rh_knee_bw_alpha
349,frontalpole_lh_knee_bw_alpha,0.82,0.0,-1.68,2.72,1004.41,1193.1,1.19,5534.0,frontalpole_lh_knee_bw_alpha
350,frontalpole_rh_knee_bw_alpha,0.96,0.0,-0.67,-0.15,908.83,1100.29,1.17,5963.66,frontalpole_rh_knee_bw_alpha
351,fusiform_lh_knee_bw_alpha,0.79,0.0,-2.4,8.03,2976.89,3184.88,1.16,83.57,fusiform_lh_knee_bw_alpha
352,fusiform_rh_knee_bw_alpha,0.92,0.0,-0.36,-1.0,1628.88,1822.59,1.14,299.94,fusiform_rh_knee_bw_alpha
353,inferiorparietal_lh_knee_bw_alpha,0.95,0.0,-0.19,-0.78,1812.39,2006.44,1.1,60.07,inferiorparietal_lh_knee_bw_alpha
354,inferiorparietal_rh_knee_bw_alpha,0.94,0.0,-0.22,-0.76,1627.15,1820.85,1.11,132.65,inferiorparietal_rh_knee_bw_alpha
355,inferiortemporal_lh_knee_bw_alpha,0.93,0.0,-0.26,-0.96,1627.46,1819.69,1.1,104.93,inferiortemporal_lh_knee_bw_alpha
356,inferiortemporal_rh_knee_bw_alpha,0.93,0.0,-0.32,-0.95,1420.95,1613.66,1.13,513.97,inferiortemporal_rh_knee_bw_alpha
357,insula_lh_knee_bw_alpha,0.94,0.0,-0.28,-0.89,1493.9,1686.44,1.12,287.41,insula_lh_knee_bw_alpha
358,insula_rh_knee_bw_alpha,0.97,0.0,-0.42,-0.43,1353.55,1545.78,1.16,876.0,insula_rh_knee_bw_alpha
359,isthmuscingulate_lh_knee_bw_alpha,0.98,0.0,0.01,-0.44,2353.22,2549.41,1.05,2.08,isthmuscingulate_lh_knee_bw_alpha
360,isthmuscingulate_rh_knee_bw_alpha,0.98,0.0,0.0,-0.56,2353.61,2550.0,1.04,1.77,isthmuscingulate_rh_knee_bw_alpha
361,lateraloccipital_lh_knee_bw_alpha,0.98,0.0,-0.03,-0.58,2134.43,2328.48,1.05,4.01,lateraloccipital_lh_knee_bw_alpha
362,lateraloccipital_rh_knee_bw_alpha,0.96,0.0,-0.11,-0.69,2053.78,2248.79,1.08,13.38,lateraloccipital_rh_knee_bw_alpha
363,lateralorbitofrontal_lh_knee_bw_alpha,0.97,0.0,-0.38,-0.33,1234.74,1428.26,1.15,1082.44,lateralorbitofrontal_lh_knee_bw_alpha
364,lateralorbitofrontal_rh_knee_bw_alpha,0.93,0.0,-0.36,-0.98,1263.29,1456.36,1.13,421.12,lateralorbitofrontal_rh_knee_bw_alpha
365,lingual_lh_knee_bw_alpha,0.96,0.0,-0.16,-0.79,1949.35,2144.41,1.09,28.36,lingual_lh_knee_bw_alpha
366,lingual_rh_knee_bw_alpha,0.96,0.0,-0.16,-0.79,1984.83,2179.43,1.1,23.23,lingual_rh_knee_bw_alpha
367,medialorbitofrontal_lh_knee_bw_alpha,0.94,0.0,-0.5,-0.71,849.42,1053.14,1.18,8168.64,medialorbitofrontal_lh_knee_bw_alpha
368,medialorbitofrontal_rh_knee_bw_alpha,0.88,0.0,-1.4,2.42,618.66,829.1,1.17,38495.47,medialorbitofrontal_rh_knee_bw_alpha
369,middletemporal_lh_knee_bw_alpha,0.96,0.0,-0.3,-0.86,1676.27,1868.18,1.15,50.08,middletemporal_lh_knee_bw_alpha
370,middletemporal_rh_knee_bw_alpha,0.79,0.0,-2.02,4.52,2701.99,2900.96,1.15,249.32,middletemporal_rh_knee_bw_alpha
371,paracentral_lh_knee_bw_alpha,0.98,0.0,-0.06,-0.55,2037.28,2232.54,1.07,9.75,paracentral_lh_knee_bw_alpha
372,paracentral_rh_knee_bw_alpha,0.97,0.0,-0.14,-0.76,1994.02,2189.44,1.09,19.77,paracentral_rh_knee_bw_alpha
373,parahippocampal_lh_knee_bw_alpha,0.95,0.0,-0.24,-0.96,1657.55,1852.31,1.13,221.92,parahippocampal_lh_knee_bw_alpha
374,parahippocampal_rh_knee_bw_alpha,0.94,0.0,-0.25,-0.92,1594.0,1787.88,1.11,180.75,parahippocampal_rh_knee_bw_alpha
375,parsopercularis_lh_knee_bw_alpha,0.84,0.0,-1.53,2.03,1033.14,1230.71,1.39,2700.27,parsopercularis_lh_knee_bw_alpha
376,parsopercularis_rh_knee_bw_alpha,0.82,0.0,-1.62,2.16,771.7,966.09,1.19,8395.77,parsopercularis_rh_knee_bw_alpha
377,parsorbitalis_lh_knee_bw_alpha,0.8,0.0,-1.93,3.97,590.39,792.2,1.18,38598.23,parsorbitalis_lh_knee_bw_alpha
378,parsorbitalis_rh_knee_bw_alpha,0.95,0.0,-0.35,-0.78,834.94,1026.26,1.18,12176.48,parsorbitalis_rh_knee_bw_alpha
379,parstriangularis_lh_knee_bw_alpha,0.86,0.0,-1.33,1.19,1176.5,1375.3,1.21,1703.15,parstriangularis_lh_knee_bw_alpha
380,parstriangularis_rh_knee_bw_alpha,0.88,0.0,-1.4,2.25,988.26,1182.03,1.31,3888.71,parstriangularis_rh_knee_bw_alpha
381,pericalcarine_lh_knee_bw_alpha,0.97,0.0,-0.08,-0.67,2129.73,2325.07,1.07,9.19,pericalcarine_lh_knee_bw_alpha
382,pericalcarine_rh_knee_bw_alpha,0.97,0.0,-0.09,-0.65,2067.78,2263.32,1.07,11.32,pericalcarine_rh_knee_bw_alpha
383,postcentral_lh_knee_bw_alpha,0.96,0.0,-0.15,-0.74,1836.86,2031.0,1.09,34.21,postcentral_lh_knee_bw_alpha
384,postcentral_rh_knee_bw_alpha,0.95,0.0,-0.26,-0.87,1608.04,1802.21,1.13,186.13,postcentral_rh_knee_bw_alpha
385,posteriorcingulate_lh_knee_bw_alpha,0.97,0.0,-0.06,-0.57,2026.05,2221.96,1.07,11.82,posteriorcingulate_lh_knee_bw_alpha
386,posteriorcingulate_rh_knee_bw_alpha,0.97,0.0,-0.12,-0.69,2014.14,2209.73,1.09,19.34,posteriorcingulate_rh_knee_bw_alpha
387,precentral_lh_knee_bw_alpha,0.97,0.0,-0.13,-0.66,1830.33,2024.93,1.09,27.83,precentral_lh_knee_bw_alpha
388,precentral_rh_knee_bw_alpha,0.96,0.0,-0.14,-0.76,1921.6,2116.45,1.09,26.77,precentral_rh_knee_bw_alpha
389,precuneus_lh_knee_bw_alpha,0.98,0.0,-0.03,-0.54,2284.9,2481.45,1.05,3.43,precuneus_lh_knee_bw_alpha
390,precuneus_rh_knee_bw_alpha,0.98,0.0,-0.01,-0.52,2387.5,2583.49,1.05,1.92,precuneus_rh_knee_bw_alpha
391,rostralanteriorcingulate_lh_knee_bw_alpha,0.92,0.0,-0.82,0.11,846.1,1060.84,1.22,92346.93,rostralanteriorcingulate_lh_knee_bw_alpha
392,rostralanteriorcingulate_rh_knee_bw_alpha,0.94,0.0,-0.99,2.7,1262.38,1461.01,1.17,1716.62,rostralanteriorcingulate_rh_knee_bw_alpha
393,rostralmiddlefrontal_lh_knee_bw_alpha,0.82,0.0,-2.34,9.58,647.57,846.36,1.21,48308.33,rostralmiddlefrontal_lh_knee_bw_alpha
394,rostralmiddlefrontal_rh_knee_bw_alpha,0.86,0.0,-1.29,2.04,-227.6,6.46,1.61,17633129.75,rostralmiddlefrontal_rh_knee_bw_alpha
395,superiorfrontal_lh_knee_bw_alpha,0.94,0.0,-0.3,-0.91,1421.52,1615.1,1.14,544.75,superiorfrontal_lh_knee_bw_alpha
396,superiorfrontal_rh_knee_bw_alpha,0.95,0.0,-0.49,-0.68,1235.47,1427.26,1.17,1078.05,superiorfrontal_rh_knee_bw_alpha
397,superiorparietal_lh_knee_bw_alpha,0.98,0.0,-0.01,-0.46,2295.79,2491.86,1.06,3.16,superiorparietal_lh_knee_bw_alpha
398,superiorparietal_rh_knee_bw_alpha,0.98,0.0,-0.01,-0.51,2273.87,2469.82,1.05,2.99,superiorparietal_rh_knee_bw_alpha
399,superiortemporal_lh_knee_bw_alpha,0.95,0.0,-0.21,-0.93,1302.59,1492.68,1.15,242.6,superiortemporal_lh_knee_bw_alpha
400,superiortemporal_rh_knee_bw_alpha,0.97,0.0,-0.6,0.17,1454.04,1652.4,1.16,773.99,superiortemporal_rh_knee_bw_alpha
401,supramarginal_lh_knee_bw_alpha,0.96,0.0,-0.19,-0.76,1800.98,1994.94,1.1,51.27,supramarginal_lh_knee_bw_alpha
402,supramarginal_rh_knee_bw_alpha,0.94,0.0,-0.36,-0.91,1506.29,1698.7,1.16,156.28,supramarginal_rh_knee_bw_alpha
403,temporalpole_lh_knee_bw_alpha,0.92,0.0,-1.12,1.11,1364.37,1557.13,1.13,168.72,temporalpole_lh_knee_bw_alpha
404,temporalpole_rh_knee_bw_alpha,0.88,0.0,-1.37,2.74,1624.4,1821.41,1.11,376.05,temporalpole_rh_knee_bw_alpha
405,transversetemporal_lh_knee_bw_alpha,0.91,0.0,-0.86,-0.09,824.63,1022.17,1.19,16484.78,transversetemporal_lh_knee_bw_alpha
406,transversetemporal_rh_knee_bw_alpha,0.94,0.0,-0.52,-0.64,1202.65,1392.92,1.2,2266.71,transversetemporal_rh_knee_bw_alpha
407,bankssts_lh_exponent,1.0,0.49,0.01,0.08,2822.4,3020.89,0.91,-0.1,bankssts_lh_exponent
408,bankssts_rh_exponent,1.0,0.62,-0.01,-0.07,2815.16,3013.62,0.9,-0.11,bankssts_rh_exponent
409,caudalanteriorcingulate_lh_exponent,1.0,0.85,-0.02,0.04,2690.48,2888.93,0.85,-0.17,caudalanteriorcingulate_lh_exponent
410,caudalanteriorcingulate_rh_exponent,1.0,0.91,-0.03,0.03,2679.95,2878.44,0.85,-0.18,caudalanteriorcingulate_rh_exponent
411,caudalmiddlefrontal_lh_exponent,1.0,0.89,-0.01,0.04,2757.27,2955.73,0.88,-0.13,caudalmiddlefrontal_lh_exponent
412,caudalmiddlefrontal_rh_exponent,1.0,0.41,0.03,0.13,2813.73,3012.22,0.9,-0.12,caudalmiddlefrontal_rh_exponent
413,cuneus_lh_exponent,1.0,0.84,0.02,0.06,2527.51,2726.0,0.79,-0.24,cuneus_lh_exponent
414,cuneus_rh_exponent,1.0,0.96,-0.02,0.06,2530.66,2729.15,0.79,-0.26,cuneus_rh_exponent
415,entorhinal_lh_exponent,1.0,0.58,-0.04,0.05,2824.35,3022.76,0.91,-0.11,entorhinal_lh_exponent
416,entorhinal_rh_exponent,1.0,0.49,-0.03,0.11,2819.89,3018.3,0.9,-0.12,entorhinal_rh_exponent
417,frontalpole_lh_exponent,1.0,0.96,-0.02,0.01,2694.64,2889.81,0.95,-0.07,frontalpole_lh_exponent
418,frontalpole_rh_exponent,1.0,0.94,-0.02,-0.01,2901.39,3099.81,0.94,-0.07,frontalpole_rh_exponent
419,fusiform_lh_exponent,1.0,0.62,0.01,0.11,2815.85,3014.3,0.9,-0.11,fusiform_lh_exponent
420,fusiform_rh_exponent,1.0,0.52,-0.04,-0.01,2784.64,2983.13,0.88,-0.14,fusiform_rh_exponent
421,inferiorparietal_lh_exponent,1.0,0.54,0.0,0.19,2718.64,2917.09,0.86,-0.16,inferiorparietal_lh_exponent
422,inferiorparietal_rh_exponent,1.0,0.32,-0.01,0.1,2723.5,2921.99,0.87,-0.14,inferiorparietal_rh_exponent
423,inferiortemporal_lh_exponent,1.0,0.62,0.01,0.11,2841.66,3040.15,0.91,-0.09,inferiortemporal_lh_exponent
424,inferiortemporal_rh_exponent,1.0,0.23,-0.07,0.12,2840.31,3038.8,0.92,-0.1,inferiortemporal_rh_exponent
425,insula_lh_exponent,1.0,0.92,-0.03,0.01,2816.7,3015.19,0.9,-0.12,insula_lh_exponent
426,insula_rh_exponent,1.0,0.24,-0.04,0.15,2808.03,3006.44,0.9,-0.12,insula_rh_exponent
427,isthmuscingulate_lh_exponent,1.0,0.97,-0.01,0.04,2598.27,2796.76,0.81,-0.22,isthmuscingulate_lh_exponent
428,isthmuscingulate_rh_exponent,1.0,0.83,0.02,0.06,2555.12,2753.61,0.8,-0.24,isthmuscingulate_rh_exponent
429,lateraloccipital_lh_exponent,1.0,0.87,-0.03,0.06,2703.6,2902.09,0.87,-0.15,lateraloccipital_lh_exponent
430,lateraloccipital_rh_exponent,1.0,0.56,0.01,0.13,2655.03,2853.48,0.85,-0.17,lateraloccipital_rh_exponent
431,lateralorbitofrontal_lh_exponent,1.0,0.8,-0.01,-0.0,2848.88,3047.33,0.92,-0.1,lateralorbitofrontal_lh_exponent
432,lateralorbitofrontal_rh_exponent,1.0,0.78,-0.01,-0.03,2840.23,3038.68,0.92,-0.11,lateralorbitofrontal_rh_exponent
433,lingual_lh_exponent,1.0,0.2,-0.03,0.11,2721.04,2919.53,0.86,-0.16,lingual_lh_exponent
434,lingual_rh_exponent,1.0,0.13,0.01,0.13,2695.86,2894.35,0.85,-0.18,lingual_rh_exponent
435,medialorbitofrontal_lh_exponent,1.0,0.81,-0.02,0.07,2855.63,3054.12,0.93,-0.1,medialorbitofrontal_lh_exponent
436,medialorbitofrontal_rh_exponent,1.0,0.19,0.01,0.14,2881.51,3080.0,0.93,-0.09,medialorbitofrontal_rh_exponent
437,middletemporal_lh_exponent,1.0,0.67,0.02,0.09,2821.47,3019.92,0.91,-0.11,middletemporal_lh_exponent
438,middletemporal_rh_exponent,1.0,0.97,0.01,0.07,2787.39,2985.88,0.89,-0.12,middletemporal_rh_exponent
439,paracentral_lh_exponent,1.0,0.96,0.01,0.06,2441.48,2639.93,0.77,-0.29,paracentral_lh_exponent
440,paracentral_rh_exponent,1.0,0.71,-0.01,0.15,2436.57,2635.06,0.77,-0.28,paracentral_rh_exponent
441,parahippocampal_lh_exponent,1.0,0.63,-0.01,0.02,2794.17,2992.62,0.89,-0.13,parahippocampal_lh_exponent
442,parahippocampal_rh_exponent,1.0,0.92,-0.02,0.09,2754.57,2953.06,0.87,-0.15,parahippocampal_rh_exponent
443,parsopercularis_lh_exponent,1.0,0.8,-0.02,-0.07,2893.61,3092.1,0.93,-0.08,parsopercularis_lh_exponent
444,parsopercularis_rh_exponent,1.0,0.73,-0.03,-0.01,2861.09,3059.58,0.92,-0.09,parsopercularis_rh_exponent
445,parsorbitalis_lh_exponent,1.0,0.63,-0.01,0.02,2854.47,3052.96,0.92,-0.09,parsorbitalis_lh_exponent
446,parsorbitalis_rh_exponent,1.0,0.94,-0.02,-0.03,2877.12,3075.61,0.94,-0.08,parsorbitalis_rh_exponent
447,parstriangularis_lh_exponent,1.0,0.93,-0.01,-0.04,2893.08,3091.57,0.93,-0.08,parstriangularis_lh_exponent
448,parstriangularis_rh_exponent,1.0,0.99,-0.01,-0.06,2857.92,3056.41,0.93,-0.09,parstriangularis_rh_exponent
449,pericalcarine_lh_exponent,1.0,0.34,0.04,0.06,2558.62,2757.11,0.8,-0.24,pericalcarine_lh_exponent
450,pericalcarine_rh_exponent,1.0,0.07,0.04,0.14,2556.43,2754.92,0.81,-0.23,pericalcarine_rh_exponent
451,postcentral_lh_exponent,1.0,0.98,0.01,0.06,2657.83,2856.28,0.85,-0.19,postcentral_lh_exponent
452,postcentral_rh_exponent,1.0,0.84,0.04,0.04,2691.1,2889.59,0.86,-0.17,postcentral_rh_exponent
453,posteriorcingulate_lh_exponent,1.0,0.94,0.01,0.05,2464.85,2663.34,0.78,-0.27,posteriorcingulate_lh_exponent
454,posteriorcingulate_rh_exponent,1.0,0.89,0.02,0.02,2497.0,2695.49,0.78,-0.27,posteriorcingulate_rh_exponent
455,precentral_lh_exponent,1.0,0.83,-0.03,-0.02,2478.15,2676.6,0.79,-0.24,precentral_lh_exponent
456,precentral_rh_exponent,1.0,0.68,0.02,0.09,2428.07,2626.56,0.77,-0.28,precentral_rh_exponent
457,precuneus_lh_exponent,1.0,0.35,0.04,0.14,2379.26,2577.75,0.74,-0.32,precuneus_lh_exponent
458,precuneus_rh_exponent,1.0,0.46,0.02,0.07,2312.79,2511.28,0.73,-0.36,precuneus_rh_exponent
459,rostralanteriorcingulate_lh_exponent,1.0,0.89,-0.02,0.06,2864.01,3062.5,0.92,-0.1,rostralanteriorcingulate_lh_exponent
460,rostralanteriorcingulate_rh_exponent,1.0,0.92,-0.0,0.03,2853.51,3052.0,0.92,-0.1,rostralanteriorcingulate_rh_exponent
461,rostralmiddlefrontal_lh_exponent,1.0,0.81,-0.01,-0.03,2890.34,3088.83,0.94,-0.08,rostralmiddlefrontal_lh_exponent
462,rostralmiddlefrontal_rh_exponent,1.0,0.82,-0.06,-0.02,2869.78,3068.24,0.93,-0.08,rostralmiddlefrontal_rh_exponent
463,superiorfrontal_lh_exponent,1.0,0.72,-0.01,0.01,2795.43,2993.92,0.9,-0.11,superiorfrontal_lh_exponent
464,superiorfrontal_rh_exponent,1.0,0.78,-0.02,-0.03,2806.3,3004.79,0.9,-0.11,superiorfrontal_rh_exponent
465,superiorparietal_lh_exponent,1.0,0.1,0.04,0.18,2307.95,2506.44,0.72,-0.35,superiorparietal_lh_exponent
466,superiorparietal_rh_exponent,1.0,0.35,0.02,0.11,2314.88,2513.37,0.73,-0.35,superiorparietal_rh_exponent
467,superiortemporal_lh_exponent,1.0,0.98,-0.01,0.0,2877.6,3076.09,0.92,-0.09,superiortemporal_lh_exponent
468,superiortemporal_rh_exponent,1.0,0.37,-0.05,-0.01,2855.14,3053.63,0.92,-0.1,superiortemporal_rh_exponent
469,supramarginal_lh_exponent,1.0,0.61,0.05,0.08,2607.4,2805.89,0.84,-0.19,supramarginal_lh_exponent
470,supramarginal_rh_exponent,1.0,0.37,0.0,0.09,2769.5,2967.95,0.88,-0.14,supramarginal_rh_exponent
471,temporalpole_lh_exponent,1.0,0.11,-0.0,0.16,2798.54,2997.03,0.9,-0.13,temporalpole_lh_exponent
472,temporalpole_rh_exponent,1.0,0.62,-0.04,0.0,2820.74,3019.2,0.9,-0.11,temporalpole_rh_exponent
473,transversetemporal_lh_exponent,1.0,0.68,-0.02,-0.05,2899.22,3097.71,0.93,-0.07,transversetemporal_lh_exponent
474,transversetemporal_rh_exponent,1.0,0.85,-0.02,0.05,2869.26,3067.71,0.92,-0.09,transversetemporal_rh_exponent
475,bankssts_lh_knee_exponent,0.81,0.0,-2.07,9.55,1421.55,1667.19,1.35,274685.3,bankssts_lh_knee_exponent
476,bankssts_rh_knee_exponent,0.96,0.0,-0.54,-0.14,3205.33,3422.62,1.22,41.24,bankssts_rh_knee_exponent
477,caudalanteriorcingulate_lh_knee_exponent,1.0,0.0,0.08,-0.05,2806.04,3004.15,0.93,-0.09,caudalanteriorcingulate_lh_knee_exponent
478,caudalanteriorcingulate_rh_knee_exponent,1.0,0.0,0.07,0.13,2787.6,2985.64,0.92,-0.09,caudalanteriorcingulate_rh_knee_exponent
479,caudalmiddlefrontal_lh_knee_exponent,0.98,0.0,0.01,-0.49,2598.26,2796.48,0.98,0.5,caudalmiddlefrontal_lh_knee_exponent
480,caudalmiddlefrontal_rh_knee_exponent,0.93,0.0,-0.76,2.46,2110.15,2313.37,1.33,509.24,caudalmiddlefrontal_rh_knee_exponent
481,cuneus_lh_knee_exponent,1.0,0.05,0.04,0.09,2841.12,3039.38,0.93,-0.09,cuneus_lh_knee_exponent
482,cuneus_rh_knee_exponent,1.0,0.79,0.02,0.02,2819.17,3017.43,0.93,-0.1,cuneus_rh_knee_exponent
483,entorhinal_lh_knee_exponent,0.99,0.0,0.08,-0.34,2709.68,2907.9,0.96,0.01,entorhinal_lh_knee_exponent
484,entorhinal_rh_knee_exponent,0.99,0.0,0.11,-0.38,2725.56,2923.67,0.95,-0.05,entorhinal_rh_knee_exponent
485,frontalpole_lh_knee_exponent,0.87,0.0,-1.08,1.24,236.83,477.96,1.3,621030.99,frontalpole_lh_knee_exponent
486,frontalpole_rh_knee_exponent,0.86,0.0,-0.92,0.72,1041.07,1260.65,1.29,32930.38,frontalpole_rh_knee_exponent
487,fusiform_lh_knee_exponent,0.99,0.0,0.09,-0.3,2738.38,2936.45,0.96,-0.03,fusiform_lh_knee_exponent
488,fusiform_rh_knee_exponent,0.99,0.0,0.06,-0.42,2627.71,2825.89,0.97,0.14,fusiform_rh_knee_exponent
489,inferiorparietal_lh_knee_exponent,0.99,0.0,0.1,0.09,2788.46,2986.72,0.94,-0.07,inferiorparietal_lh_knee_exponent
490,inferiorparietal_rh_knee_exponent,0.99,0.0,0.09,0.23,2774.99,2973.26,0.92,-0.09,inferiorparietal_rh_knee_exponent
491,inferiortemporal_lh_knee_exponent,0.97,0.0,-0.07,-0.74,2555.79,2753.93,1.02,1.57,inferiortemporal_lh_knee_exponent
492,inferiortemporal_rh_knee_exponent,0.96,0.0,-0.13,-0.88,2483.85,2682.04,1.03,2.59,inferiortemporal_rh_knee_exponent
493,insula_lh_knee_exponent,0.95,0.0,-0.22,-0.89,2424.31,2622.54,1.07,10.9,insula_lh_knee_exponent
494,insula_rh_knee_exponent,0.91,0.0,-0.7,4.1,6148.34,6346.45,1.16,29140.81,insula_rh_knee_exponent
495,isthmuscingulate_lh_knee_exponent,1.0,0.96,-0.0,-0.04,2795.22,2993.33,0.97,-0.11,isthmuscingulate_lh_knee_exponent
496,isthmuscingulate_rh_knee_exponent,1.0,0.74,0.02,0.01,2806.57,3004.61,0.97,-0.1,isthmuscingulate_rh_knee_exponent
497,lateraloccipital_lh_knee_exponent,0.99,0.0,0.08,-0.05,2836.78,3035.05,0.95,-0.07,lateraloccipital_lh_knee_exponent
498,lateraloccipital_rh_knee_exponent,1.0,0.0,0.07,0.05,2801.94,3000.16,0.94,-0.09,lateraloccipital_rh_knee_exponent
499,lateralorbitofrontal_lh_knee_exponent,0.98,0.0,0.04,-0.53,2643.49,2841.64,0.98,0.25,lateralorbitofrontal_lh_knee_exponent
500,lateralorbitofrontal_rh_knee_exponent,0.98,0.0,0.08,-0.35,2723.8,2921.99,0.98,0.05,lateralorbitofrontal_rh_knee_exponent
501,lingual_lh_knee_exponent,0.99,0.0,0.09,-0.03,2791.98,2990.21,0.95,-0.08,lingual_lh_knee_exponent
502,lingual_rh_knee_exponent,0.99,0.0,0.09,-0.1,2776.47,2974.66,0.95,-0.08,lingual_rh_knee_exponent
503,medialorbitofrontal_lh_knee_exponent,0.87,0.0,-1.26,1.03,1955.28,2153.51,1.2,356.96,medialorbitofrontal_lh_knee_exponent
504,medialorbitofrontal_rh_knee_exponent,0.83,0.0,-2.04,10.77,1975.58,2176.18,1.24,392.77,medialorbitofrontal_rh_knee_exponent
505,middletemporal_lh_knee_exponent,0.94,0.0,-0.86,2.83,2160.86,2359.04,1.27,144.52,middletemporal_lh_knee_exponent
506,middletemporal_rh_knee_exponent,0.95,0.0,-0.22,-0.72,2474.13,2672.28,1.04,4.95,middletemporal_rh_knee_exponent
507,paracentral_lh_knee_exponent,1.0,0.22,0.05,-0.01,2793.25,2991.01,0.94,-0.09,paracentral_lh_knee_exponent
508,paracentral_rh_knee_exponent,1.0,0.89,0.02,0.01,2788.79,2986.75,0.95,-0.09,paracentral_rh_knee_exponent
509,parahippocampal_lh_knee_exponent,0.99,0.0,0.08,-0.41,2735.34,2933.45,0.97,-0.03,parahippocampal_lh_knee_exponent
510,parahippocampal_rh_knee_exponent,0.99,0.0,0.04,0.11,2660.14,2858.25,0.98,0.17,parahippocampal_rh_knee_exponent
511,parsopercularis_lh_knee_exponent,0.87,0.0,-1.19,1.94,166.56,423.19,1.29,1037851.78,parsopercularis_lh_knee_exponent
512,parsopercularis_rh_knee_exponent,0.88,0.0,-0.97,0.73,549.08,785.74,1.28,159015.85,parsopercularis_rh_knee_exponent
513,parsorbitalis_lh_knee_exponent,0.9,0.0,-0.71,-0.06,1843.86,2045.3,1.23,1961.03,parsorbitalis_lh_knee_exponent
514,parsorbitalis_rh_knee_exponent,0.86,0.0,-1.5,3.18,1683.27,1890.69,1.25,3187.95,parsorbitalis_rh_knee_exponent
515,parstriangularis_lh_knee_exponent,0.86,0.0,-1.14,1.68,351.05,601.63,1.31,536596.69,parstriangularis_lh_knee_exponent
516,parstriangularis_rh_knee_exponent,0.85,0.0,-1.2,2.19,556.65,796.51,1.31,321119.26,parstriangularis_rh_knee_exponent
517,pericalcarine_lh_knee_exponent,1.0,0.03,0.05,0.05,2828.54,3026.8,0.93,-0.1,pericalcarine_lh_knee_exponent
518,pericalcarine_rh_knee_exponent,1.0,0.16,0.05,0.01,2809.15,3007.41,0.92,-0.1,pericalcarine_rh_knee_exponent
519,postcentral_lh_knee_exponent,0.99,0.0,0.09,0.3,2823.74,3021.89,0.93,-0.09,postcentral_lh_knee_exponent
520,postcentral_rh_knee_exponent,0.99,0.0,0.1,-0.2,2704.52,2902.71,0.93,-0.07,postcentral_rh_knee_exponent
521,posteriorcingulate_lh_knee_exponent,1.0,0.11,0.03,-0.0,2802.81,3000.8,0.94,-0.11,posteriorcingulate_lh_knee_exponent
522,posteriorcingulate_rh_knee_exponent,1.0,0.78,0.03,-0.05,2785.81,2983.73,0.95,-0.1,posteriorcingulate_rh_knee_exponent
523,precentral_lh_knee_exponent,1.0,0.07,0.06,0.04,2767.04,2965.08,0.92,-0.1,precentral_lh_knee_exponent
524,precentral_rh_knee_exponent,1.0,0.22,0.04,-0.01,2735.18,2933.06,0.92,-0.12,precentral_rh_knee_exponent
525,precuneus_lh_knee_exponent,1.0,0.31,0.02,-0.01,2770.65,2968.61,0.94,-0.12,precuneus_lh_knee_exponent
526,precuneus_rh_knee_exponent,1.0,1.0,0.0,-0.03,2746.36,2944.24,0.94,-0.12,precuneus_rh_knee_exponent
527,rostralanteriorcingulate_lh_knee_exponent,0.96,0.0,-0.15,-0.86,2556.76,2754.98,1.03,2.22,rostralanteriorcingulate_lh_knee_exponent
528,rostralanteriorcingulate_rh_knee_exponent,0.97,0.0,-0.02,-0.74,2646.72,2844.94,1.0,0.44,rostralanteriorcingulate_rh_knee_exponent
529,rostralmiddlefrontal_lh_knee_exponent,0.85,0.0,-1.08,0.95,504.91,747.06,1.31,398742.91,rostralmiddlefrontal_lh_knee_exponent
530,rostralmiddlefrontal_rh_knee_exponent,0.86,0.0,-1.0,0.83,1056.1,1282.61,1.29,66057.27,rostralmiddlefrontal_rh_knee_exponent
531,superiorfrontal_lh_knee_exponent,0.99,0.0,0.14,0.16,2816.89,3014.96,0.94,-0.07,superiorfrontal_lh_knee_exponent
532,superiorfrontal_rh_knee_exponent,0.98,0.0,0.11,-0.38,2713.23,2911.22,0.95,-0.05,superiorfrontal_rh_knee_exponent
533,superiorparietal_lh_knee_exponent,1.0,0.81,0.02,-0.07,2735.21,2933.09,0.94,-0.13,superiorparietal_lh_knee_exponent
534,superiorparietal_rh_knee_exponent,1.0,0.95,0.01,-0.04,2750.67,2948.59,0.95,-0.12,superiorparietal_rh_knee_exponent
535,superiortemporal_lh_knee_exponent,0.85,0.0,-1.35,4.67,827.11,1064.36,1.31,267076.69,superiortemporal_lh_knee_exponent
536,superiortemporal_rh_knee_exponent,0.93,0.0,-0.68,0.0,2003.97,2202.15,1.25,414.21,superiortemporal_rh_knee_exponent
537,supramarginal_lh_knee_exponent,0.99,0.0,0.07,0.11,2771.99,2970.18,0.94,-0.08,supramarginal_lh_knee_exponent
538,supramarginal_rh_knee_exponent,0.95,0.0,-0.19,-0.9,2360.48,2558.7,1.07,15.02,supramarginal_rh_knee_exponent
539,temporalpole_lh_knee_exponent,0.98,0.0,0.05,-0.41,2630.37,2828.6,0.96,0.14,temporalpole_lh_knee_exponent
540,temporalpole_rh_knee_exponent,0.98,0.0,0.06,-0.56,2630.13,2828.36,0.96,0.06,temporalpole_rh_knee_exponent
541,transversetemporal_lh_knee_exponent,0.9,0.0,-0.79,-0.18,-253.22,-2.59,1.26,385994.41,transversetemporal_lh_knee_exponent
542,transversetemporal_rh_knee_exponent,0.88,0.0,-1.13,2.14,-227.03,36.22,1.28,1586094.44,transversetemporal_rh_knee_exponent
543,bankssts_lh_offset,1.0,0.39,0.03,-0.05,2409.58,2608.07,0.74,-0.32,bankssts_lh_offset
544,bankssts_rh_offset,1.0,0.26,0.03,-0.11,2401.85,2600.34,0.75,-0.32,bankssts_rh_offset
545,caudalanteriorcingulate_lh_offset,1.0,0.83,-0.03,-0.05,2294.0,2492.49,0.72,-0.37,caudalanteriorcingulate_lh_offset
546,caudalanteriorcingulate_rh_offset,1.0,0.78,-0.02,-0.06,2249.73,2448.22,0.7,-0.39,caudalanteriorcingulate_rh_offset
547,caudalmiddlefrontal_lh_offset,1.0,0.94,-0.02,-0.0,2367.52,2566.01,0.73,-0.33,caudalmiddlefrontal_lh_offset
548,caudalmiddlefrontal_rh_offset,1.0,0.66,0.01,0.01,2421.3,2619.79,0.75,-0.31,caudalmiddlefrontal_rh_offset
549,cuneus_lh_offset,1.0,0.94,0.01,0.02,2234.04,2432.53,0.7,-0.4,cuneus_lh_offset
550,cuneus_rh_offset,1.0,0.86,-0.01,-0.01,2261.55,2460.04,0.71,-0.38,cuneus_rh_offset
551,entorhinal_lh_offset,1.0,0.59,-0.02,0.1,2533.41,2731.86,0.8,-0.25,entorhinal_lh_offset
552,entorhinal_rh_offset,1.0,0.38,0.02,0.12,2518.47,2716.93,0.79,-0.26,entorhinal_rh_offset
553,frontalpole_lh_offset,1.0,0.91,-0.01,0.02,2419.73,2614.9,0.83,-0.21,frontalpole_lh_offset
554,frontalpole_rh_offset,1.0,0.98,-0.02,0.06,2602.65,2801.06,0.83,-0.21,frontalpole_rh_offset
555,fusiform_lh_offset,1.0,0.99,-0.02,-0.01,2417.01,2615.5,0.76,-0.31,fusiform_lh_offset
556,fusiform_rh_offset,1.0,0.77,0.01,-0.08,2317.36,2515.85,0.72,-0.36,fusiform_rh_offset
557,inferiorparietal_lh_offset,1.0,0.89,0.02,0.03,2317.79,2516.28,0.72,-0.36,inferiorparietal_lh_offset
558,inferiorparietal_rh_offset,1.0,0.44,0.02,-0.04,2301.21,2499.7,0.72,-0.37,inferiorparietal_rh_offset
559,inferiortemporal_lh_offset,1.0,0.6,0.0,0.03,2449.69,2648.18,0.77,-0.29,inferiortemporal_lh_offset
560,inferiortemporal_rh_offset,1.0,0.95,0.0,-0.06,2484.44,2682.93,0.77,-0.28,inferiortemporal_rh_offset
561,insula_lh_offset,1.0,0.79,-0.0,-0.06,2374.7,2573.19,0.73,-0.33,insula_lh_offset
562,insula_rh_offset,1.0,0.96,0.0,-0.02,2371.97,2570.46,0.73,-0.33,insula_rh_offset
563,isthmuscingulate_lh_offset,1.0,0.98,-0.0,-0.03,2210.9,2409.39,0.69,-0.4,isthmuscingulate_lh_offset
564,isthmuscingulate_rh_offset,1.0,0.96,-0.01,-0.03,2213.45,2411.94,0.68,-0.4,isthmuscingulate_rh_offset
565,lateraloccipital_lh_offset,1.0,0.65,0.01,0.04,2324.94,2523.43,0.72,-0.35,lateraloccipital_lh_offset
566,lateraloccipital_rh_offset,1.0,0.88,-0.0,0.01,2308.6,2507.09,0.72,-0.36,lateraloccipital_rh_offset
567,lateralorbitofrontal_lh_offset,1.0,0.76,0.0,0.03,2432.29,2630.78,0.76,-0.3,lateralorbitofrontal_lh_offset
568,lateralorbitofrontal_rh_offset,1.0,0.33,0.02,0.08,2385.3,2583.79,0.75,-0.32,lateralorbitofrontal_rh_offset
569,lingual_lh_offset,1.0,0.81,-0.0,0.03,2333.32,2531.81,0.73,-0.35,lingual_lh_offset
570,lingual_rh_offset,1.0,0.8,0.01,0.0,2281.34,2479.83,0.71,-0.37,lingual_rh_offset
571,medialorbitofrontal_lh_offset,1.0,1.0,-0.02,0.03,2473.91,2672.4,0.78,-0.28,medialorbitofrontal_lh_offset
572,medialorbitofrontal_rh_offset,1.0,0.99,-0.02,-0.03,2464.18,2662.67,0.77,-0.29,medialorbitofrontal_rh_offset
573,middletemporal_lh_offset,1.0,0.93,0.01,0.02,2511.27,2709.76,0.79,-0.27,middletemporal_lh_offset
574,middletemporal_rh_offset,1.0,0.4,0.0,-0.09,2436.75,2635.24,0.75,-0.3,middletemporal_rh_offset
575,paracentral_lh_offset,1.0,0.77,-0.0,0.04,2322.19,2520.68,0.73,-0.35,paracentral_lh_offset
576,paracentral_rh_offset,1.0,0.91,-0.01,-0.03,2313.04,2511.53,0.72,-0.36,paracentral_rh_offset
577,parahippocampal_lh_offset,1.0,0.52,-0.03,0.01,2335.36,2533.85,0.73,-0.34,parahippocampal_lh_offset
578,parahippocampal_rh_offset,1.0,0.93,-0.01,-0.06,2354.2,2552.69,0.73,-0.34,parahippocampal_rh_offset
579,parsopercularis_lh_offset,1.0,0.88,0.0,0.02,2515.92,2714.41,0.78,-0.26,parsopercularis_lh_offset
580,parsopercularis_rh_offset,1.0,0.63,-0.02,-0.04,2405.49,2603.98,0.75,-0.31,parsopercularis_rh_offset
581,parsorbitalis_lh_offset,1.0,0.88,0.01,-0.05,2521.57,2720.06,0.79,-0.25,parsorbitalis_lh_offset
582,parsorbitalis_rh_offset,1.0,0.82,-0.01,0.04,2527.65,2726.14,0.79,-0.25,parsorbitalis_rh_offset
583,parstriangularis_lh_offset,1.0,0.8,-0.02,-0.01,2528.1,2726.59,0.78,-0.26,parstriangularis_lh_offset
584,parstriangularis_rh_offset,1.0,0.94,-0.04,-0.0,2534.45,2732.94,0.8,-0.25,parstriangularis_rh_offset
585,pericalcarine_lh_offset,1.0,0.89,0.0,0.01,2263.81,2462.3,0.71,-0.38,pericalcarine_lh_offset
586,pericalcarine_rh_offset,1.0,0.85,-0.0,-0.0,2275.2,2473.69,0.71,-0.38,pericalcarine_rh_offset
587,postcentral_lh_offset,1.0,0.57,0.03,-0.0,2345.54,2544.03,0.73,-0.35,postcentral_lh_offset
588,postcentral_rh_offset,1.0,1.0,-0.02,0.01,2455.92,2654.41,0.76,-0.29,postcentral_rh_offset
589,posteriorcingulate_lh_offset,1.0,0.32,-0.04,-0.07,2243.62,2442.11,0.7,-0.39,posteriorcingulate_lh_offset
590,posteriorcingulate_rh_offset,1.0,0.78,-0.03,-0.08,2262.67,2461.16,0.7,-0.38,posteriorcingulate_rh_offset
591,precentral_lh_offset,1.0,0.53,0.01,0.13,2310.16,2508.65,0.73,-0.36,precentral_lh_offset
592,precentral_rh_offset,1.0,0.68,0.02,-0.06,2294.82,2493.31,0.72,-0.37,precentral_rh_offset
593,precuneus_lh_offset,1.0,0.72,0.02,-0.05,2226.38,2424.87,0.69,-0.39,precuneus_lh_offset
594,precuneus_rh_offset,1.0,0.58,0.02,-0.04,2194.5,2392.99,0.69,-0.41,precuneus_rh_offset
595,rostralanteriorcingulate_lh_offset,1.0,0.64,0.02,0.02,2412.48,2610.97,0.75,-0.31,rostralanteriorcingulate_lh_offset
596,rostralanteriorcingulate_rh_offset,1.0,0.99,-0.03,0.01,2403.74,2602.23,0.75,-0.31,rostralanteriorcingulate_rh_offset
597,rostralmiddlefrontal_lh_offset,1.0,0.78,0.01,-0.06,2493.21,2691.69,0.78,-0.27,rostralmiddlefrontal_lh_offset
598,rostralmiddlefrontal_rh_offset,1.0,0.94,-0.02,-0.03,2477.07,2675.56,0.77,-0.28,rostralmiddlefrontal_rh_offset
599,superiorfrontal_lh_offset,1.0,0.61,-0.01,-0.1,2348.57,2547.06,0.74,-0.34,superiorfrontal_lh_offset
600,superiorfrontal_rh_offset,1.0,0.89,-0.02,-0.03,2337.63,2536.12,0.72,-0.34,superiorfrontal_rh_offset
601,superiorparietal_lh_offset,1.0,0.23,0.03,-0.07,2222.88,2421.37,0.7,-0.38,superiorparietal_lh_offset
602,superiorparietal_rh_offset,1.0,0.54,-0.01,-0.02,2188.82,2387.31,0.69,-0.42,superiorparietal_rh_offset
603,superiortemporal_lh_offset,1.0,0.54,0.02,0.05,2403.09,2601.58,0.75,-0.32,superiortemporal_lh_offset
604,superiortemporal_rh_offset,1.0,0.73,0.01,0.01,2497.96,2696.45,0.78,-0.27,superiortemporal_rh_offset
605,supramarginal_lh_offset,1.0,0.56,-0.03,-0.08,2456.59,2655.08,0.76,-0.29,supramarginal_lh_offset
606,supramarginal_rh_offset,1.0,0.98,-0.01,0.01,2585.47,2783.95,0.81,-0.22,supramarginal_rh_offset
607,temporalpole_lh_offset,1.0,0.81,-0.03,-0.02,2592.57,2791.06,0.82,-0.22,temporalpole_lh_offset
608,temporalpole_rh_offset,1.0,0.94,-0.01,-0.0,2523.59,2722.08,0.79,-0.26,temporalpole_rh_offset
609,transversetemporal_lh_offset,1.0,0.7,0.0,-0.07,2324.37,2522.86,0.72,-0.35,transversetemporal_lh_offset
610,transversetemporal_rh_offset,1.0,0.75,-0.01,-0.01,2314.91,2513.4,0.72,-0.36,transversetemporal_rh_offset
611,bankssts_lh_knee_offset,0.97,0.0,-0.38,-0.08,2724.73,2922.99,0.93,-0.06,bankssts_lh_knee_offset
612,bankssts_rh_knee_offset,0.99,0.0,-0.07,0.11,2720.06,2918.32,0.91,-0.12,bankssts_rh_knee_offset
613,caudalanteriorcingulate_lh_knee_offset,1.0,0.35,-0.03,-0.1,2485.08,2683.08,0.87,-0.13,caudalanteriorcingulate_lh_knee_offset
614,caudalanteriorcingulate_rh_knee_offset,1.0,0.68,0.01,0.09,2446.2,2644.19,0.87,0.05,caudalanteriorcingulate_rh_knee_offset
615,caudalmiddlefrontal_lh_knee_offset,1.0,0.01,0.06,-0.15,2552.74,2750.96,0.9,0.03,caudalmiddlefrontal_lh_knee_offset
616,caudalmiddlefrontal_rh_knee_offset,0.98,0.0,-0.09,0.05,2662.15,2860.42,0.89,-0.13,caudalmiddlefrontal_rh_knee_offset
617,cuneus_lh_knee_offset,1.0,0.19,-0.06,0.16,2656.1,2853.9,0.9,-0.13,cuneus_lh_knee_offset
618,cuneus_rh_knee_offset,1.0,0.04,-0.09,0.08,2655.01,2852.85,0.9,-0.11,cuneus_rh_knee_offset
619,entorhinal_lh_knee_offset,1.0,0.04,0.03,-0.09,2652.56,2850.78,0.96,0.07,entorhinal_lh_knee_offset
620,entorhinal_rh_knee_offset,1.0,0.01,0.04,-0.05,2666.97,2865.19,0.96,0.15,entorhinal_rh_knee_offset
621,frontalpole_lh_knee_offset,0.97,0.0,-0.11,0.18,2585.2,2780.13,0.96,-0.01,frontalpole_lh_knee_offset
622,frontalpole_rh_knee_offset,0.96,0.0,-0.23,0.1,2819.17,3017.35,0.97,0.0,frontalpole_rh_knee_offset
623,fusiform_lh_knee_offset,1.0,0.25,0.05,-0.04,2627.27,2825.5,0.97,0.15,fusiform_lh_knee_offset
624,fusiform_rh_knee_offset,1.0,0.01,0.05,-0.23,2655.39,2853.65,0.96,0.08,fusiform_rh_knee_offset
625,inferiorparietal_lh_knee_offset,1.0,0.31,0.01,-0.12,2541.92,2740.18,0.91,0.04,inferiorparietal_lh_knee_offset
626,inferiorparietal_rh_knee_offset,1.0,0.1,0.02,-0.19,2484.46,2682.72,0.9,0.09,inferiorparietal_rh_knee_offset
627,inferiortemporal_lh_knee_offset,0.99,0.0,0.16,0.14,2686.36,2884.62,0.98,0.19,inferiortemporal_lh_knee_offset
628,inferiortemporal_rh_knee_offset,0.99,0.0,0.09,-0.12,2717.41,2915.67,0.97,0.03,inferiortemporal_rh_knee_offset
629,insula_lh_knee_offset,0.99,0.0,0.11,0.04,2622.98,2821.25,0.91,-0.07,insula_lh_knee_offset
630,insula_rh_knee_offset,0.99,0.0,0.17,0.17,2655.85,2854.11,0.91,-0.06,insula_rh_knee_offset
631,isthmuscingulate_lh_knee_offset,1.0,0.02,-0.1,0.17,2656.09,2854.01,0.93,-0.07,isthmuscingulate_lh_knee_offset
632,isthmuscingulate_rh_knee_offset,1.0,0.24,-0.07,0.2,2681.91,2879.71,0.94,-0.14,isthmuscingulate_rh_knee_offset
633,lateraloccipital_lh_knee_offset,1.0,0.03,-0.0,-0.22,2575.61,2773.87,0.94,0.05,lateraloccipital_lh_knee_offset
634,lateraloccipital_rh_knee_offset,1.0,0.08,-0.05,-0.15,2621.69,2819.95,0.93,0.03,lateraloccipital_rh_knee_offset
635,lateralorbitofrontal_lh_knee_offset,0.99,0.0,0.08,-0.1,2682.95,2881.21,0.97,0.15,lateralorbitofrontal_lh_knee_offset
636,lateralorbitofrontal_rh_knee_offset,0.99,0.0,0.03,-0.18,2642.42,2840.69,0.98,0.28,lateralorbitofrontal_rh_knee_offset
637,lingual_lh_knee_offset,1.0,0.28,-0.0,-0.15,2617.56,2815.82,0.94,0.1,lingual_lh_knee_offset
638,lingual_rh_knee_offset,1.0,0.31,0.04,-0.07,2646.41,2844.67,0.94,0.06,lingual_rh_knee_offset
639,medialorbitofrontal_lh_knee_offset,0.97,0.0,-0.49,-0.08,2796.32,2994.59,0.96,-0.02,medialorbitofrontal_lh_knee_offset
640,medialorbitofrontal_rh_knee_offset,0.95,0.0,-0.3,1.16,2875.36,3073.62,0.97,0.0,medialorbitofrontal_rh_knee_offset
641,middletemporal_lh_knee_offset,0.96,0.0,-0.29,0.66,2845.45,3043.71,0.95,-0.05,middletemporal_lh_knee_offset
642,middletemporal_rh_knee_offset,0.99,0.0,0.13,0.02,2686.16,2884.43,0.95,0.02,middletemporal_rh_knee_offset
643,paracentral_lh_knee_offset,1.0,0.51,-0.0,0.1,2706.76,2904.02,0.92,-0.11,paracentral_lh_knee_offset
644,paracentral_rh_knee_offset,1.0,0.26,-0.05,0.14,2713.85,2911.34,0.93,-0.11,paracentral_rh_knee_offset
645,parahippocampal_lh_knee_offset,1.0,0.59,0.0,-0.09,2637.46,2835.65,0.95,0.03,parahippocampal_lh_knee_offset
646,parahippocampal_rh_knee_offset,1.0,0.11,0.06,0.0,2627.28,2825.54,0.95,0.12,parahippocampal_rh_knee_offset
647,parsopercularis_lh_knee_offset,0.97,0.0,-0.15,-0.54,2728.78,2927.05,0.94,-0.04,parsopercularis_lh_knee_offset
648,parsopercularis_rh_knee_offset,0.96,0.0,-0.04,1.18,2784.53,2982.76,0.93,-0.06,parsopercularis_rh_knee_offset
649,parsorbitalis_lh_knee_offset,0.96,0.0,-0.33,0.68,2842.86,3041.13,0.96,-0.02,parsorbitalis_lh_knee_offset
650,parsorbitalis_rh_knee_offset,0.95,0.0,-0.57,-0.28,2802.4,3000.66,0.98,0.0,parsorbitalis_rh_knee_offset
651,parstriangularis_lh_knee_offset,0.97,0.0,-0.25,-0.73,2694.74,2892.96,0.94,-0.04,parstriangularis_lh_knee_offset
652,parstriangularis_rh_knee_offset,0.96,0.0,-0.33,-0.66,2737.22,2935.48,0.96,-0.03,parstriangularis_rh_knee_offset
653,pericalcarine_lh_knee_offset,1.0,0.73,-0.03,-0.08,2553.55,2751.66,0.92,-0.01,pericalcarine_lh_knee_offset
654,pericalcarine_rh_knee_offset,1.0,0.06,-0.05,-0.13,2569.75,2767.82,0.91,-0.01,pericalcarine_rh_knee_offset
655,postcentral_lh_knee_offset,1.0,0.09,0.01,0.05,2568.03,2765.99,0.94,0.2,postcentral_lh_knee_offset
656,postcentral_rh_knee_offset,1.0,0.04,0.08,-0.05,2572.69,2770.95,0.93,-0.01,postcentral_rh_knee_offset
657,posteriorcingulate_lh_knee_offset,1.0,0.08,-0.07,0.25,2625.04,2822.34,0.9,-0.14,posteriorcingulate_lh_knee_offset
658,posteriorcingulate_rh_knee_offset,1.0,0.75,-0.01,0.1,2647.62,2844.99,0.9,-0.16,posteriorcingulate_rh_knee_offset
659,precentral_lh_knee_offset,1.0,0.1,-0.04,0.09,2588.7,2785.84,0.92,0.02,precentral_lh_knee_offset
660,precentral_rh_knee_offset,1.0,0.25,-0.05,0.18,2584.06,2780.89,0.91,-0.1,precentral_rh_knee_offset
661,precuneus_lh_knee_offset,1.0,0.94,-0.0,-0.02,2712.75,2910.7,0.91,-0.15,precuneus_lh_knee_offset
662,precuneus_rh_knee_offset,1.0,0.99,-0.02,-0.0,2696.18,2894.14,0.92,-0.16,precuneus_rh_knee_offset
663,rostralanteriorcingulate_lh_knee_offset,0.99,0.0,0.08,-0.07,2621.05,2819.31,0.94,0.05,rostralanteriorcingulate_lh_knee_offset
664,rostralanteriorcingulate_rh_knee_offset,0.99,0.0,0.16,0.19,2609.58,2807.84,0.94,0.17,rostralanteriorcingulate_rh_knee_offset
665,rostralmiddlefrontal_lh_knee_offset,0.96,0.0,-0.31,-0.68,2737.16,2935.43,0.95,-0.03,rostralmiddlefrontal_lh_knee_offset
666,rostralmiddlefrontal_rh_knee_offset,0.95,0.0,-0.03,1.33,2852.75,3050.97,0.93,-0.07,rostralmiddlefrontal_rh_knee_offset
667,superiorfrontal_lh_knee_offset,0.99,0.0,0.06,-0.08,2477.37,2675.52,0.94,0.46,superiorfrontal_lh_knee_offset
668,superiorfrontal_rh_knee_offset,0.99,0.0,0.19,0.24,2571.03,2769.21,0.93,0.3,superiorfrontal_rh_knee_offset
669,superiorparietal_lh_knee_offset,1.0,0.89,-0.02,0.02,2653.38,2851.45,0.91,-0.17,superiorparietal_lh_knee_offset
670,superiorparietal_rh_knee_offset,1.0,0.97,-0.01,-0.07,2704.08,2901.96,0.93,-0.14,superiorparietal_rh_knee_offset
671,superiortemporal_lh_knee_offset,0.96,0.0,-0.14,1.11,2817.39,3015.66,0.95,-0.03,superiortemporal_lh_knee_offset
672,superiortemporal_rh_knee_offset,0.96,0.0,-0.5,-0.01,2787.18,2985.45,0.96,-0.03,superiortemporal_rh_knee_offset
673,supramarginal_lh_knee_offset,1.0,0.04,-0.05,-0.17,2550.92,2749.1,0.92,0.09,supramarginal_lh_knee_offset
674,supramarginal_rh_knee_offset,1.0,0.01,0.06,-0.14,2712.53,2910.79,0.94,-0.07,supramarginal_rh_knee_offset
675,temporalpole_lh_knee_offset,1.0,0.0,0.08,-0.07,2679.27,2877.53,0.98,0.16,temporalpole_lh_knee_offset
676,temporalpole_rh_knee_offset,1.0,0.01,0.06,-0.09,2669.74,2868.01,0.96,0.07,temporalpole_rh_knee_offset
677,transversetemporal_lh_knee_offset,0.98,0.0,0.08,0.11,2814.65,3012.91,0.94,-0.04,transversetemporal_lh_knee_offset
678,transversetemporal_rh_knee_offset,0.98,0.0,0.03,-0.44,2719.66,2917.93,0.93,-0.04,transversetemporal_rh_knee_offset
679,bankssts_lh_delta_periodic,1.0,0.64,0.03,-0.05,2701.74,2900.12,0.96,0.01,bankssts_lh_delta_periodic
680,bankssts_rh_delta_periodic,1.0,0.8,0.03,-0.06,2599.65,2798.03,0.93,-0.0,bankssts_rh_delta_periodic
681,caudalanteriorcingulate_lh_delta_periodic,1.0,0.49,0.05,-0.09,2610.8,2809.1,0.96,0.05,caudalanteriorcingulate_lh_delta_periodic
682,caudalanteriorcingulate_rh_delta_periodic,1.0,0.82,0.04,-0.02,2652.75,2851.2,0.96,0.06,caudalanteriorcingulate_rh_delta_periodic
683,caudalmiddlefrontal_lh_delta_periodic,1.0,0.5,0.05,-0.05,2745.04,2943.41,0.98,0.07,caudalmiddlefrontal_lh_delta_periodic
684,caudalmiddlefrontal_rh_delta_periodic,1.0,0.45,0.05,0.06,2818.32,3016.77,0.98,0.01,caudalmiddlefrontal_rh_delta_periodic
685,cuneus_lh_delta_periodic,1.0,0.29,0.05,0.0,2501.43,2699.77,0.94,-0.03,cuneus_lh_delta_periodic
686,cuneus_rh_delta_periodic,1.0,0.47,0.03,0.13,2513.72,2712.13,0.95,-0.0,cuneus_rh_delta_periodic
687,entorhinal_lh_delta_periodic,1.0,0.89,0.03,0.01,2581.7,2780.15,0.92,-0.05,entorhinal_lh_delta_periodic
688,entorhinal_rh_delta_periodic,1.0,0.51,0.04,0.05,2554.86,2753.24,0.91,-0.02,entorhinal_rh_delta_periodic
689,frontalpole_lh_delta_periodic,1.0,0.54,0.04,-0.12,2530.15,2725.29,0.98,0.07,frontalpole_lh_delta_periodic
690,frontalpole_rh_delta_periodic,1.0,0.91,0.02,-0.07,2768.43,2966.77,0.97,0.03,frontalpole_rh_delta_periodic
691,fusiform_lh_delta_periodic,1.0,0.78,0.04,-0.08,2602.05,2800.51,0.92,-0.05,fusiform_lh_delta_periodic
692,fusiform_rh_delta_periodic,1.0,0.94,0.02,-0.07,2593.54,2791.88,0.93,-0.03,fusiform_rh_delta_periodic
693,inferiorparietal_lh_delta_periodic,1.0,0.32,0.05,0.07,2695.32,2893.78,0.95,-0.01,inferiorparietal_lh_delta_periodic
694,inferiorparietal_rh_delta_periodic,1.0,0.9,0.02,-0.0,2634.68,2832.98,0.95,0.02,inferiorparietal_rh_delta_periodic
695,inferiortemporal_lh_delta_periodic,1.0,0.23,0.07,0.04,2666.12,2864.61,0.94,0.02,inferiortemporal_lh_delta_periodic
696,inferiortemporal_rh_delta_periodic,1.0,0.65,0.01,0.06,2605.44,2803.81,0.93,-0.04,inferiortemporal_rh_delta_periodic
697,insula_lh_delta_periodic,1.0,0.36,0.04,-0.03,2689.11,2887.52,0.97,0.06,insula_lh_delta_periodic
698,insula_rh_delta_periodic,1.0,0.93,0.03,-0.01,2669.97,2868.35,0.96,0.01,insula_rh_delta_periodic
699,isthmuscingulate_lh_delta_periodic,1.0,0.55,-0.03,-0.05,2454.93,2653.31,0.93,0.01,isthmuscingulate_lh_delta_periodic
700,isthmuscingulate_rh_delta_periodic,1.0,0.88,0.02,0.05,2520.34,2718.6,0.94,0.08,isthmuscingulate_rh_delta_periodic
701,lateraloccipital_lh_delta_periodic,1.0,0.46,0.05,0.04,2575.66,2773.99,0.92,-0.05,lateraloccipital_lh_delta_periodic
702,lateraloccipital_rh_delta_periodic,1.0,0.65,0.04,0.08,2525.17,2723.59,0.94,0.05,lateraloccipital_rh_delta_periodic
703,lateralorbitofrontal_lh_delta_periodic,1.0,0.93,0.0,-0.01,2605.48,2803.97,0.93,0.01,lateralorbitofrontal_lh_delta_periodic
704,lateralorbitofrontal_rh_delta_periodic,1.0,0.1,0.07,0.04,2595.83,2794.32,0.94,0.05,lateralorbitofrontal_rh_delta_periodic
705,lingual_lh_delta_periodic,1.0,0.53,-0.02,0.07,2544.72,2743.06,0.92,-0.02,lingual_lh_delta_periodic
706,lingual_rh_delta_periodic,1.0,0.14,0.06,0.08,2559.99,2758.41,0.91,-0.1,lingual_rh_delta_periodic
707,medialorbitofrontal_lh_delta_periodic,1.0,0.1,0.07,-0.02,2717.36,2915.81,0.95,0.02,medialorbitofrontal_lh_delta_periodic
708,medialorbitofrontal_rh_delta_periodic,1.0,0.38,0.03,-0.14,2719.11,2917.6,0.96,0.01,medialorbitofrontal_rh_delta_periodic
709,middletemporal_lh_delta_periodic,1.0,0.4,0.05,0.03,2596.56,2795.05,0.92,-0.06,middletemporal_lh_delta_periodic
710,middletemporal_rh_delta_periodic,1.0,0.49,0.05,-0.03,2613.37,2811.82,0.93,-0.04,middletemporal_rh_delta_periodic
711,paracentral_lh_delta_periodic,1.0,0.79,-0.0,-0.07,2523.69,2722.07,0.94,-0.0,paracentral_lh_delta_periodic
712,paracentral_rh_delta_periodic,1.0,0.77,0.03,-0.09,2562.95,2761.36,0.94,-0.0,paracentral_rh_delta_periodic
713,parahippocampal_lh_delta_periodic,1.0,0.19,0.06,0.04,2641.89,2840.3,0.94,-0.01,parahippocampal_lh_delta_periodic
714,parahippocampal_rh_delta_periodic,1.0,0.2,0.06,-0.06,2619.85,2818.26,0.92,-0.06,parahippocampal_rh_delta_periodic
715,parsopercularis_lh_delta_periodic,1.0,0.89,0.03,-0.09,2761.83,2960.32,0.97,0.01,parsopercularis_lh_delta_periodic
716,parsopercularis_rh_delta_periodic,1.0,0.48,0.04,-0.13,2797.91,2996.29,0.98,0.01,parsopercularis_rh_delta_periodic
717,parsorbitalis_lh_delta_periodic,1.0,0.15,0.05,-0.03,2698.46,2896.95,0.95,0.03,parsorbitalis_lh_delta_periodic
718,parsorbitalis_rh_delta_periodic,1.0,0.44,0.05,-0.08,2728.44,2926.85,0.96,0.01,parsorbitalis_rh_delta_periodic
719,parstriangularis_lh_delta_periodic,1.0,0.05,0.08,0.02,2795.84,2994.33,0.96,-0.02,parstriangularis_lh_delta_periodic
720,parstriangularis_rh_delta_periodic,1.0,0.99,0.02,-0.01,2726.26,2924.71,0.97,0.09,parstriangularis_rh_delta_periodic
721,pericalcarine_lh_delta_periodic,1.0,0.38,0.01,0.11,2611.82,2810.23,0.95,0.06,pericalcarine_lh_delta_periodic
722,pericalcarine_rh_delta_periodic,1.0,0.74,0.03,-0.05,2559.31,2757.61,0.96,0.06,pericalcarine_rh_delta_periodic
723,postcentral_lh_delta_periodic,1.0,0.41,0.03,-0.14,2508.26,2706.71,0.97,0.17,postcentral_lh_delta_periodic
724,postcentral_rh_delta_periodic,1.0,0.64,0.04,-0.07,2508.1,2706.51,0.93,-0.01,postcentral_rh_delta_periodic
725,posteriorcingulate_lh_delta_periodic,1.0,0.99,0.01,-0.1,2579.04,2777.42,0.96,0.14,posteriorcingulate_lh_delta_periodic
726,posteriorcingulate_rh_delta_periodic,1.0,0.63,0.03,-0.13,2546.66,2745.04,0.93,0.01,posteriorcingulate_rh_delta_periodic
727,precentral_lh_delta_periodic,1.0,0.78,0.03,-0.03,2661.43,2859.73,0.96,0.03,precentral_lh_delta_periodic
728,precentral_rh_delta_periodic,1.0,0.78,0.01,0.0,2655.91,2854.25,0.97,0.08,precentral_rh_delta_periodic
729,precuneus_lh_delta_periodic,1.0,0.54,-0.02,0.0,2403.4,2601.7,0.92,0.04,precuneus_lh_delta_periodic
730,precuneus_rh_delta_periodic,1.0,0.66,-0.0,0.08,2522.23,2720.49,0.91,-0.12,precuneus_rh_delta_periodic
731,rostralanteriorcingulate_lh_delta_periodic,1.0,0.14,0.06,-0.13,2724.69,2923.14,0.98,0.07,rostralanteriorcingulate_lh_delta_periodic
732,rostralanteriorcingulate_rh_delta_periodic,1.0,0.06,0.07,-0.08,2751.9,2950.39,0.96,-0.03,rostralanteriorcingulate_rh_delta_periodic
733,rostralmiddlefrontal_lh_delta_periodic,1.0,0.47,0.05,-0.11,2810.55,3009.0,0.98,0.0,rostralmiddlefrontal_lh_delta_periodic
734,rostralmiddlefrontal_rh_delta_periodic,1.0,0.65,0.04,-0.09,2779.7,2978.15,0.99,0.05,rostralmiddlefrontal_rh_delta_periodic
735,superiorfrontal_lh_delta_periodic,1.0,0.33,0.03,0.06,2678.02,2876.47,0.96,0.03,superiorfrontal_lh_delta_periodic
736,superiorfrontal_rh_delta_periodic,1.0,0.39,0.05,-0.13,2717.93,2916.38,0.98,0.05,superiorfrontal_rh_delta_periodic
737,superiorparietal_lh_delta_periodic,1.0,0.53,0.02,-0.01,2578.43,2776.73,0.95,0.04,superiorparietal_lh_delta_periodic
738,superiorparietal_rh_delta_periodic,1.0,0.71,-0.01,0.11,2532.97,2731.27,0.93,-0.04,superiorparietal_rh_delta_periodic
739,superiortemporal_lh_delta_periodic,1.0,0.59,0.04,0.03,2705.64,2904.09,0.95,-0.01,superiortemporal_lh_delta_periodic
740,superiortemporal_rh_delta_periodic,1.0,0.44,0.05,-0.03,2591.18,2789.63,0.95,0.07,superiortemporal_rh_delta_periodic
741,supramarginal_lh_delta_periodic,1.0,0.71,0.01,-0.09,2583.05,2781.39,0.95,0.06,supramarginal_lh_delta_periodic
742,supramarginal_rh_delta_periodic,1.0,0.95,0.02,-0.07,2697.06,2895.4,0.96,-0.04,supramarginal_rh_delta_periodic
743,temporalpole_lh_delta_periodic,1.0,0.7,0.03,0.02,2597.63,2796.08,0.92,-0.02,temporalpole_lh_delta_periodic
744,temporalpole_rh_delta_periodic,1.0,0.67,0.03,0.01,2609.15,2807.6,0.94,0.06,temporalpole_rh_delta_periodic
745,transversetemporal_lh_delta_periodic,1.0,0.54,0.05,-0.05,2800.14,2998.6,0.98,-0.0,transversetemporal_lh_delta_periodic
746,transversetemporal_rh_delta_periodic,1.0,0.24,0.04,-0.06,2735.24,2933.58,0.97,0.01,transversetemporal_rh_delta_periodic
747,bankssts_lh_theta_periodic,1.0,0.85,0.01,-0.11,2504.72,2703.17,0.92,-0.03,bankssts_lh_theta_periodic
748,bankssts_rh_theta_periodic,1.0,0.01,-0.07,0.18,2388.07,2586.52,0.9,-0.04,bankssts_rh_theta_periodic
749,caudalanteriorcingulate_lh_theta_periodic,1.0,0.17,0.07,-0.08,2710.5,2908.95,0.92,-0.1,caudalanteriorcingulate_lh_theta_periodic
750,caudalanteriorcingulate_rh_theta_periodic,1.0,0.24,0.06,-0.04,2733.63,2932.08,0.93,-0.09,caudalanteriorcingulate_rh_theta_periodic
751,caudalmiddlefrontal_lh_theta_periodic,1.0,0.57,0.02,0.02,2527.45,2725.94,0.93,0.06,caudalmiddlefrontal_lh_theta_periodic
752,caudalmiddlefrontal_rh_theta_periodic,1.0,0.05,0.04,-0.26,2537.95,2736.44,0.95,0.11,caudalmiddlefrontal_rh_theta_periodic
753,cuneus_lh_theta_periodic,1.0,0.18,0.05,0.08,2276.29,2474.7,0.82,-0.25,cuneus_lh_theta_periodic
754,cuneus_rh_theta_periodic,1.0,0.03,0.03,0.26,2313.31,2511.8,0.82,-0.22,cuneus_rh_theta_periodic
755,entorhinal_lh_theta_periodic,1.0,0.21,0.02,-0.16,2460.09,2658.54,0.91,-0.02,entorhinal_lh_theta_periodic
756,entorhinal_rh_theta_periodic,1.0,0.05,0.03,-0.05,2418.18,2616.64,0.93,0.11,entorhinal_rh_theta_periodic
757,frontalpole_lh_theta_periodic,0.99,0.0,-0.05,-0.26,2366.05,2561.22,1.0,0.36,frontalpole_lh_theta_periodic
758,frontalpole_rh_theta_periodic,1.0,0.0,-0.03,-0.26,2577.52,2775.94,1.0,0.3,frontalpole_rh_theta_periodic
759,fusiform_lh_theta_periodic,1.0,0.34,0.01,-0.1,2553.31,2751.8,0.94,-0.0,fusiform_lh_theta_periodic
760,fusiform_rh_theta_periodic,1.0,0.72,0.01,-0.07,2506.89,2705.38,0.93,-0.08,fusiform_rh_theta_periodic
761,inferiorparietal_lh_theta_periodic,1.0,0.01,0.05,0.34,2403.13,2601.58,0.89,-0.06,inferiorparietal_lh_theta_periodic
762,inferiorparietal_rh_theta_periodic,1.0,0.07,0.06,0.21,2406.15,2604.6,0.9,0.05,inferiorparietal_rh_theta_periodic
763,inferiortemporal_lh_theta_periodic,1.0,0.52,0.01,-0.1,2469.85,2668.34,0.92,0.03,inferiortemporal_lh_theta_periodic
764,inferiortemporal_rh_theta_periodic,1.0,0.19,0.02,-0.17,2508.43,2706.76,0.94,0.02,inferiortemporal_rh_theta_periodic
765,insula_lh_theta_periodic,1.0,0.26,-0.02,-0.15,2407.71,2606.09,0.92,0.06,insula_lh_theta_periodic
766,insula_rh_theta_periodic,1.0,0.1,0.04,-0.05,2379.05,2577.47,0.92,0.12,insula_rh_theta_periodic
767,isthmuscingulate_lh_theta_periodic,1.0,0.18,0.06,0.16,2346.23,2544.6,0.82,-0.22,isthmuscingulate_lh_theta_periodic
768,isthmuscingulate_rh_theta_periodic,1.0,0.39,0.05,0.01,2415.37,2613.82,0.86,-0.13,isthmuscingulate_rh_theta_periodic
769,lateraloccipital_lh_theta_periodic,1.0,0.05,0.02,0.29,2364.89,2563.34,0.88,-0.05,lateraloccipital_lh_theta_periodic
770,lateraloccipital_rh_theta_periodic,1.0,0.14,-0.01,0.11,2461.78,2660.2,0.88,-0.08,lateraloccipital_rh_theta_periodic
771,lateralorbitofrontal_lh_theta_periodic,1.0,0.67,-0.0,-0.11,2451.2,2649.69,0.92,0.06,lateralorbitofrontal_lh_theta_periodic
772,lateralorbitofrontal_rh_theta_periodic,1.0,0.06,0.0,-0.08,2477.01,2675.5,0.94,0.13,lateralorbitofrontal_rh_theta_periodic
773,lingual_lh_theta_periodic,1.0,0.18,0.05,0.08,2497.87,2696.25,0.9,-0.12,lingual_lh_theta_periodic
774,lingual_rh_theta_periodic,1.0,0.21,0.05,0.1,2486.19,2684.6,0.9,-0.12,lingual_rh_theta_periodic
775,medialorbitofrontal_lh_theta_periodic,1.0,0.04,-0.03,-0.14,2540.53,2739.02,0.97,0.18,medialorbitofrontal_lh_theta_periodic
776,medialorbitofrontal_rh_theta_periodic,1.0,0.01,-0.01,-0.0,2561.01,2759.46,0.95,0.03,medialorbitofrontal_rh_theta_periodic
777,middletemporal_lh_theta_periodic,1.0,0.07,-0.04,0.07,2456.76,2655.21,0.94,0.08,middletemporal_lh_theta_periodic
778,middletemporal_rh_theta_periodic,1.0,0.36,-0.01,-0.15,2385.71,2584.16,0.92,0.02,middletemporal_rh_theta_periodic
779,paracentral_lh_theta_periodic,1.0,0.58,0.04,-0.05,2293.07,2491.52,0.83,-0.16,paracentral_lh_theta_periodic
780,paracentral_rh_theta_periodic,1.0,0.07,0.06,0.06,2343.22,2541.68,0.82,-0.21,paracentral_rh_theta_periodic
781,parahippocampal_lh_theta_periodic,1.0,0.12,0.03,0.04,2560.58,2758.99,0.95,0.04,parahippocampal_lh_theta_periodic
782,parahippocampal_rh_theta_periodic,1.0,0.29,-0.0,-0.11,2498.97,2697.42,0.92,-0.05,parahippocampal_rh_theta_periodic
783,parsopercularis_lh_theta_periodic,1.0,0.01,-0.01,-0.35,2534.66,2733.14,0.96,0.12,parsopercularis_lh_theta_periodic
784,parsopercularis_rh_theta_periodic,1.0,0.47,0.01,-0.23,2575.8,2774.25,0.98,0.17,parsopercularis_rh_theta_periodic
785,parsorbitalis_lh_theta_periodic,1.0,0.03,-0.0,-0.14,2576.99,2775.48,0.97,0.13,parsorbitalis_lh_theta_periodic
786,parsorbitalis_rh_theta_periodic,1.0,0.02,-0.02,-0.28,2568.03,2766.49,0.97,0.15,parsorbitalis_rh_theta_periodic
787,parstriangularis_lh_theta_periodic,1.0,0.07,-0.01,-0.29,2516.22,2714.71,0.96,0.12,parstriangularis_lh_theta_periodic
788,parstriangularis_rh_theta_periodic,1.0,0.06,-0.05,-0.03,2533.1,2731.58,0.97,0.28,parstriangularis_rh_theta_periodic
789,pericalcarine_lh_theta_periodic,1.0,0.02,-0.02,0.34,2356.36,2554.78,0.84,-0.23,pericalcarine_lh_theta_periodic
790,pericalcarine_rh_theta_periodic,1.0,0.33,-0.02,0.24,2385.27,2583.76,0.87,-0.09,pericalcarine_rh_theta_periodic
791,postcentral_lh_theta_periodic,1.0,0.84,0.02,-0.02,2255.94,2454.43,0.86,-0.13,postcentral_lh_theta_periodic
792,postcentral_rh_theta_periodic,1.0,0.98,0.0,-0.04,2399.85,2598.3,0.88,-0.12,postcentral_rh_theta_periodic
793,posteriorcingulate_lh_theta_periodic,1.0,0.03,0.05,0.06,2513.06,2711.55,0.85,-0.17,posteriorcingulate_lh_theta_periodic
794,posteriorcingulate_rh_theta_periodic,1.0,0.1,0.05,0.0,2447.1,2645.59,0.84,-0.2,posteriorcingulate_rh_theta_periodic
795,precentral_lh_theta_periodic,1.0,0.61,0.02,0.0,2366.47,2564.92,0.84,-0.18,precentral_lh_theta_periodic
796,precentral_rh_theta_periodic,1.0,0.08,0.07,0.01,2420.12,2618.61,0.86,-0.13,precentral_rh_theta_periodic
797,precuneus_lh_theta_periodic,1.0,0.14,0.05,0.13,2280.53,2478.94,0.8,-0.21,precuneus_lh_theta_periodic
798,precuneus_rh_theta_periodic,1.0,0.17,0.06,0.14,2297.13,2495.54,0.83,-0.11,precuneus_rh_theta_periodic
799,rostralanteriorcingulate_lh_theta_periodic,1.0,0.15,0.02,-0.3,2589.88,2788.3,0.95,0.05,rostralanteriorcingulate_lh_theta_periodic
800,rostralanteriorcingulate_rh_theta_periodic,1.0,0.04,0.01,-0.0,2560.95,2759.44,0.94,0.02,rostralanteriorcingulate_rh_theta_periodic
801,rostralmiddlefrontal_lh_theta_periodic,1.0,0.03,0.0,-0.32,2614.15,2812.64,0.98,0.15,rostralmiddlefrontal_lh_theta_periodic
802,rostralmiddlefrontal_rh_theta_periodic,1.0,0.13,-0.0,-0.13,2675.17,2873.66,0.98,0.1,rostralmiddlefrontal_rh_theta_periodic
803,superiorfrontal_lh_theta_periodic,1.0,0.08,0.06,0.05,2692.53,2891.02,0.92,-0.08,superiorfrontal_lh_theta_periodic
804,superiorfrontal_rh_theta_periodic,1.0,0.75,0.04,-0.07,2657.56,2856.05,0.95,-0.01,superiorfrontal_rh_theta_periodic
805,superiorparietal_lh_theta_periodic,1.0,0.03,0.07,0.19,2310.81,2509.22,0.82,-0.13,superiorparietal_lh_theta_periodic
806,superiorparietal_rh_theta_periodic,1.0,0.01,0.08,0.17,2275.08,2473.53,0.83,-0.06,superiorparietal_rh_theta_periodic
807,superiortemporal_lh_theta_periodic,1.0,0.42,0.0,-0.25,2380.16,2578.61,0.93,0.13,superiortemporal_lh_theta_periodic
808,superiortemporal_rh_theta_periodic,1.0,0.25,0.03,-0.1,2412.67,2611.08,0.93,0.08,superiortemporal_rh_theta_periodic
809,supramarginal_lh_theta_periodic,1.0,0.76,0.02,-0.0,2381.07,2579.44,0.87,-0.12,supramarginal_lh_theta_periodic
810,supramarginal_rh_theta_periodic,1.0,0.5,-0.05,-0.08,2371.53,2569.9,0.9,0.02,supramarginal_rh_theta_periodic
811,temporalpole_lh_theta_periodic,1.0,0.34,0.0,-0.12,2398.8,2597.25,0.92,0.09,temporalpole_lh_theta_periodic
812,temporalpole_rh_theta_periodic,1.0,0.19,0.02,-0.08,2487.78,2686.24,0.94,0.1,temporalpole_rh_theta_periodic
813,transversetemporal_lh_theta_periodic,1.0,0.55,-0.01,-0.08,2481.73,2680.15,0.95,0.19,transversetemporal_lh_theta_periodic
814,transversetemporal_rh_theta_periodic,1.0,0.72,-0.02,-0.09,2433.72,2632.13,0.95,0.2,transversetemporal_rh_theta_periodic
815,bankssts_lh_alpha_periodic,1.0,0.26,0.05,-0.07,2896.23,3094.6,0.96,-0.02,bankssts_lh_alpha_periodic
816,bankssts_rh_alpha_periodic,1.0,0.54,-0.02,-0.01,2908.3,3106.68,0.96,-0.06,bankssts_rh_alpha_periodic
817,caudalanteriorcingulate_lh_alpha_periodic,1.0,0.19,0.01,-0.14,2940.95,3139.21,0.99,-0.03,caudalanteriorcingulate_lh_alpha_periodic
818,caudalanteriorcingulate_rh_alpha_periodic,1.0,0.57,0.0,-0.1,2909.45,3107.87,0.99,-0.05,caudalanteriorcingulate_rh_alpha_periodic
819,caudalmiddlefrontal_lh_alpha_periodic,1.0,0.66,0.01,-0.13,2945.29,3143.62,0.99,-0.01,caudalmiddlefrontal_lh_alpha_periodic
820,caudalmiddlefrontal_rh_alpha_periodic,1.0,0.26,0.02,-0.14,2919.76,3118.21,0.99,-0.0,caudalmiddlefrontal_rh_alpha_periodic
821,cuneus_lh_alpha_periodic,1.0,0.99,0.0,-0.01,2690.9,2889.31,0.94,-0.06,cuneus_lh_alpha_periodic
822,cuneus_rh_alpha_periodic,1.0,0.46,-0.0,-0.1,2637.39,2835.88,0.93,-0.1,cuneus_rh_alpha_periodic
823,entorhinal_lh_alpha_periodic,1.0,0.93,0.01,-0.08,2760.24,2958.39,0.93,-0.11,entorhinal_lh_alpha_periodic
824,entorhinal_rh_alpha_periodic,1.0,0.78,0.0,-0.05,2750.99,2949.02,0.92,-0.11,entorhinal_rh_alpha_periodic
825,frontalpole_lh_alpha_periodic,1.0,0.56,0.01,0.05,2637.57,2832.74,0.93,-0.09,frontalpole_lh_alpha_periodic
826,frontalpole_rh_alpha_periodic,1.0,0.07,0.04,-0.0,2853.7,3052.0,0.94,-0.08,frontalpole_rh_alpha_periodic
827,fusiform_lh_alpha_periodic,1.0,0.4,0.04,-0.07,2808.81,3007.11,0.93,-0.09,fusiform_lh_alpha_periodic
828,fusiform_rh_alpha_periodic,1.0,0.86,-0.01,0.03,2741.07,2939.41,0.92,-0.13,fusiform_rh_alpha_periodic
829,inferiorparietal_lh_alpha_periodic,1.0,0.44,0.02,-0.0,2868.26,3066.56,0.96,-0.05,inferiorparietal_lh_alpha_periodic
830,inferiorparietal_rh_alpha_periodic,1.0,0.46,0.02,-0.09,2828.62,3027.0,0.95,-0.05,inferiorparietal_rh_alpha_periodic
831,inferiortemporal_lh_alpha_periodic,1.0,0.17,0.05,0.0,2828.05,3026.39,0.93,-0.09,inferiortemporal_lh_alpha_periodic
832,inferiortemporal_rh_alpha_periodic,1.0,0.54,-0.0,-0.01,2816.04,3014.37,0.93,-0.1,inferiortemporal_rh_alpha_periodic
833,insula_lh_alpha_periodic,1.0,0.07,0.04,0.03,2893.34,3091.79,0.97,-0.06,insula_lh_alpha_periodic
834,insula_rh_alpha_periodic,1.0,0.75,0.02,-0.07,2920.34,3118.64,0.97,-0.03,insula_rh_alpha_periodic
835,isthmuscingulate_lh_alpha_periodic,1.0,0.88,-0.01,-0.09,2787.06,2985.33,0.94,-0.1,isthmuscingulate_lh_alpha_periodic
836,isthmuscingulate_rh_alpha_periodic,1.0,0.74,-0.0,-0.03,2769.4,2967.81,0.94,-0.12,isthmuscingulate_rh_alpha_periodic
837,lateraloccipital_lh_alpha_periodic,1.0,0.66,0.02,-0.09,2714.04,2912.38,0.93,-0.12,lateraloccipital_lh_alpha_periodic
838,lateraloccipital_rh_alpha_periodic,1.0,0.74,-0.02,-0.02,2615.22,2813.6,0.9,-0.16,lateraloccipital_rh_alpha_periodic
839,lateralorbitofrontal_lh_alpha_periodic,1.0,0.77,0.01,-0.04,2776.56,2974.64,0.92,-0.11,lateralorbitofrontal_lh_alpha_periodic
840,lateralorbitofrontal_rh_alpha_periodic,1.0,0.12,0.05,-0.17,2780.65,2978.76,0.93,-0.1,lateralorbitofrontal_rh_alpha_periodic
841,lingual_lh_alpha_periodic,1.0,0.44,0.03,-0.02,2724.86,2923.24,0.92,-0.11,lingual_lh_alpha_periodic
842,lingual_rh_alpha_periodic,1.0,0.95,0.01,-0.04,2702.76,2901.18,0.91,-0.13,lingual_rh_alpha_periodic
843,medialorbitofrontal_lh_alpha_periodic,1.0,0.77,0.02,-0.08,2831.71,3029.97,0.94,-0.08,medialorbitofrontal_lh_alpha_periodic
844,medialorbitofrontal_rh_alpha_periodic,1.0,0.24,-0.01,-0.14,2865.38,3063.61,0.94,-0.07,medialorbitofrontal_rh_alpha_periodic
845,middletemporal_lh_alpha_periodic,1.0,0.72,0.02,0.03,2842.31,3040.65,0.93,-0.09,middletemporal_lh_alpha_periodic
846,middletemporal_rh_alpha_periodic,1.0,0.95,0.0,-0.02,2822.71,3021.09,0.94,-0.08,middletemporal_rh_alpha_periodic
847,paracentral_lh_alpha_periodic,1.0,0.57,0.0,-0.14,2787.93,2986.38,0.98,-0.01,paracentral_lh_alpha_periodic
848,paracentral_rh_alpha_periodic,1.0,0.19,-0.03,-0.02,2788.66,2987.15,0.98,0.02,paracentral_rh_alpha_periodic
849,parahippocampal_lh_alpha_periodic,1.0,0.26,0.01,-0.12,2825.54,3023.92,0.94,-0.08,parahippocampal_lh_alpha_periodic
850,parahippocampal_rh_alpha_periodic,1.0,0.59,-0.01,0.01,2791.49,2989.83,0.93,-0.1,parahippocampal_rh_alpha_periodic
851,parsopercularis_lh_alpha_periodic,1.0,0.35,0.05,-0.06,2919.57,3118.03,0.96,-0.03,parsopercularis_lh_alpha_periodic
852,parsopercularis_rh_alpha_periodic,1.0,0.6,0.02,-0.13,2951.69,3150.1,0.99,-0.01,parsopercularis_rh_alpha_periodic
853,parsorbitalis_lh_alpha_periodic,1.0,1.0,0.02,-0.02,2761.42,2959.61,0.92,-0.1,parsorbitalis_lh_alpha_periodic
854,parsorbitalis_rh_alpha_periodic,1.0,0.74,0.02,-0.08,2796.07,2994.29,0.93,-0.1,parsorbitalis_rh_alpha_periodic
855,parstriangularis_lh_alpha_periodic,1.0,0.91,0.02,0.01,2866.6,3064.98,0.94,-0.07,parstriangularis_lh_alpha_periodic
856,parstriangularis_rh_alpha_periodic,1.0,0.23,0.04,-0.07,2891.85,3090.27,0.95,-0.06,parstriangularis_rh_alpha_periodic
857,pericalcarine_lh_alpha_periodic,1.0,0.42,0.04,-0.01,2677.98,2876.44,0.92,-0.12,pericalcarine_lh_alpha_periodic
858,pericalcarine_rh_alpha_periodic,1.0,0.76,0.04,0.01,2635.05,2833.5,0.92,-0.11,pericalcarine_rh_alpha_periodic
859,postcentral_lh_alpha_periodic,1.0,0.93,0.01,-0.1,2830.56,3028.98,0.97,-0.03,postcentral_lh_alpha_periodic
860,postcentral_rh_alpha_periodic,1.0,0.65,0.02,-0.08,2904.15,3102.56,0.97,-0.03,postcentral_rh_alpha_periodic
861,posteriorcingulate_lh_alpha_periodic,1.0,0.45,-0.01,-0.01,2901.23,3099.6,0.98,-0.05,posteriorcingulate_lh_alpha_periodic
862,posteriorcingulate_rh_alpha_periodic,1.0,0.73,-0.0,-0.07,2883.08,3081.53,0.98,-0.06,posteriorcingulate_rh_alpha_periodic
863,precentral_lh_alpha_periodic,1.0,0.73,0.01,-0.09,2804.21,3002.62,0.96,-0.05,precentral_lh_alpha_periodic
864,precentral_rh_alpha_periodic,1.0,0.81,-0.02,-0.03,2791.6,2990.05,0.97,0.02,precentral_rh_alpha_periodic
865,precuneus_lh_alpha_periodic,1.0,0.75,-0.01,-0.02,2759.22,2957.64,0.94,-0.11,precuneus_lh_alpha_periodic
866,precuneus_rh_alpha_periodic,1.0,0.29,0.01,0.11,2777.87,2976.33,0.95,-0.1,precuneus_rh_alpha_periodic
867,rostralanteriorcingulate_lh_alpha_periodic,1.0,0.59,0.03,-0.02,2925.4,3123.7,0.96,-0.05,rostralanteriorcingulate_lh_alpha_periodic
868,rostralanteriorcingulate_rh_alpha_periodic,1.0,0.63,0.02,-0.1,2916.85,3115.11,0.97,-0.04,rostralanteriorcingulate_rh_alpha_periodic
869,rostralmiddlefrontal_lh_alpha_periodic,1.0,0.23,0.06,-0.04,2893.81,3092.3,0.96,-0.03,rostralmiddlefrontal_lh_alpha_periodic
870,rostralmiddlefrontal_rh_alpha_periodic,1.0,0.31,0.01,-0.14,2899.03,3097.37,0.96,-0.02,rostralmiddlefrontal_rh_alpha_periodic
871,superiorfrontal_lh_alpha_periodic,1.0,0.48,0.03,-0.1,2976.3,3174.71,0.99,-0.03,superiorfrontal_lh_alpha_periodic
872,superiorfrontal_rh_alpha_periodic,1.0,0.92,0.03,-0.04,2948.47,3146.85,0.99,-0.03,superiorfrontal_rh_alpha_periodic
873,superiorparietal_lh_alpha_periodic,1.0,0.24,-0.01,-0.02,2724.57,2923.06,0.95,-0.1,superiorparietal_lh_alpha_periodic
874,superiorparietal_rh_alpha_periodic,1.0,0.41,0.01,0.0,2757.04,2955.53,0.95,-0.1,superiorparietal_rh_alpha_periodic
875,superiortemporal_lh_alpha_periodic,1.0,0.28,0.03,-0.13,2907.54,3105.96,0.97,-0.05,superiortemporal_lh_alpha_periodic
876,superiortemporal_rh_alpha_periodic,1.0,0.41,0.03,-0.03,2901.48,3099.86,0.96,-0.06,superiortemporal_rh_alpha_periodic
877,supramarginal_lh_alpha_periodic,1.0,0.82,0.02,-0.14,2785.33,2983.82,0.96,-0.04,supramarginal_lh_alpha_periodic
878,supramarginal_rh_alpha_periodic,1.0,0.85,-0.01,-0.08,2934.0,3132.37,0.98,-0.02,supramarginal_rh_alpha_periodic
879,temporalpole_lh_alpha_periodic,1.0,0.25,0.03,-0.08,2821.11,3019.22,0.94,-0.07,temporalpole_lh_alpha_periodic
880,temporalpole_rh_alpha_periodic,1.0,0.61,0.0,-0.08,2782.37,2980.33,0.92,-0.1,temporalpole_rh_alpha_periodic
881,transversetemporal_lh_alpha_periodic,1.0,0.25,0.02,-0.12,2951.42,3149.84,0.98,-0.04,transversetemporal_lh_alpha_periodic
882,transversetemporal_rh_alpha_periodic,1.0,0.12,0.05,-0.08,2920.34,3118.75,0.97,-0.03,transversetemporal_rh_alpha_periodic
883,bankssts_lh_beta_periodic,1.0,0.32,-0.04,-0.03,2758.47,2956.65,0.99,0.05,bankssts_lh_beta_periodic
884,bankssts_rh_beta_periodic,1.0,0.07,-0.11,0.15,2749.36,2947.36,1.0,0.19,bankssts_rh_beta_periodic
885,caudalanteriorcingulate_lh_beta_periodic,1.0,0.39,-0.03,0.07,2789.17,2986.98,1.0,0.04,caudalanteriorcingulate_lh_beta_periodic
886,caudalanteriorcingulate_rh_beta_periodic,1.0,0.9,-0.01,0.07,2788.0,2985.8,1.0,0.07,caudalanteriorcingulate_rh_beta_periodic
887,caudalmiddlefrontal_lh_beta_periodic,1.0,0.51,-0.04,-0.05,2807.44,3005.24,1.0,0.05,caudalmiddlefrontal_lh_beta_periodic
888,caudalmiddlefrontal_rh_beta_periodic,1.0,0.92,-0.03,-0.01,2829.51,3027.55,1.0,0.07,caudalmiddlefrontal_rh_beta_periodic
889,cuneus_lh_beta_periodic,1.0,0.0,-0.12,0.1,2571.63,2768.81,0.97,0.13,cuneus_lh_beta_periodic
890,cuneus_rh_beta_periodic,1.0,0.01,-0.11,0.04,2568.39,2765.92,0.98,0.19,cuneus_rh_beta_periodic
891,entorhinal_lh_beta_periodic,1.0,0.64,-0.06,0.01,2774.81,2972.77,0.95,0.01,entorhinal_lh_beta_periodic
892,entorhinal_rh_beta_periodic,1.0,0.57,-0.01,0.05,2805.6,3003.67,0.97,0.07,entorhinal_rh_beta_periodic
893,frontalpole_lh_beta_periodic,1.0,0.52,-0.02,0.04,2570.09,2765.02,0.95,-0.04,frontalpole_lh_beta_periodic
894,frontalpole_rh_beta_periodic,1.0,0.51,-0.0,0.11,2742.09,2940.27,0.94,-0.05,frontalpole_rh_beta_periodic
895,fusiform_lh_beta_periodic,1.0,0.43,-0.07,0.06,2745.01,2943.16,1.0,0.19,fusiform_lh_beta_periodic
896,fusiform_rh_beta_periodic,1.0,0.08,-0.08,0.17,2661.81,2859.42,0.99,0.14,fusiform_rh_beta_periodic
897,inferiorparietal_lh_beta_periodic,1.0,0.22,-0.07,-0.02,2780.84,2978.72,1.01,0.18,inferiorparietal_lh_beta_periodic
898,inferiorparietal_rh_beta_periodic,1.0,0.04,-0.09,0.07,2730.59,2928.24,1.0,0.18,inferiorparietal_rh_beta_periodic
899,inferiortemporal_lh_beta_periodic,1.0,0.93,-0.01,-0.01,2764.89,2963.04,0.98,0.04,inferiortemporal_lh_beta_periodic
900,inferiortemporal_rh_beta_periodic,1.0,0.31,-0.01,0.0,2760.8,2959.02,0.98,0.1,inferiortemporal_rh_beta_periodic
901,insula_lh_beta_periodic,1.0,0.25,-0.06,0.11,2777.2,2975.27,0.98,0.07,insula_lh_beta_periodic
902,insula_rh_beta_periodic,1.0,0.95,-0.02,0.0,2749.64,2947.82,0.99,0.09,insula_rh_beta_periodic
903,isthmuscingulate_lh_beta_periodic,1.0,0.17,-0.06,-0.05,2548.65,2745.55,0.94,0.02,isthmuscingulate_lh_beta_periodic
904,isthmuscingulate_rh_beta_periodic,1.0,0.44,-0.01,-0.14,2472.33,2669.27,0.94,0.03,isthmuscingulate_rh_beta_periodic
905,lateraloccipital_lh_beta_periodic,1.0,0.58,-0.04,-0.04,2732.2,2929.77,0.99,0.13,lateraloccipital_lh_beta_periodic
906,lateraloccipital_rh_beta_periodic,1.0,0.05,-0.1,0.09,2660.89,2858.07,1.0,0.2,lateraloccipital_rh_beta_periodic
907,lateralorbitofrontal_lh_beta_periodic,1.0,0.83,-0.0,-0.03,2789.1,2987.21,0.97,0.05,lateralorbitofrontal_lh_beta_periodic
908,lateralorbitofrontal_rh_beta_periodic,1.0,0.51,0.04,0.03,2785.79,2983.87,0.97,0.03,lateralorbitofrontal_rh_beta_periodic
909,lingual_lh_beta_periodic,1.0,0.23,-0.07,-0.03,2614.78,2812.35,0.98,0.16,lingual_lh_beta_periodic
910,lingual_rh_beta_periodic,0.99,0.0,-0.14,0.06,2559.87,2757.48,0.99,0.29,lingual_rh_beta_periodic
911,medialorbitofrontal_lh_beta_periodic,1.0,0.98,-0.02,0.06,2743.28,2941.46,0.96,0.0,medialorbitofrontal_lh_beta_periodic
912,medialorbitofrontal_rh_beta_periodic,1.0,0.77,0.01,0.08,2776.42,2974.64,0.97,-0.01,medialorbitofrontal_rh_beta_periodic
913,middletemporal_lh_beta_periodic,1.0,0.83,-0.03,-0.06,2770.8,2968.91,0.97,0.01,middletemporal_lh_beta_periodic
914,middletemporal_rh_beta_periodic,1.0,0.21,-0.02,-0.03,2737.9,2936.08,0.98,0.1,middletemporal_rh_beta_periodic
915,paracentral_lh_beta_periodic,1.0,0.47,-0.04,0.03,2409.2,2605.67,0.93,-0.01,paracentral_lh_beta_periodic
916,paracentral_rh_beta_periodic,1.0,0.82,-0.01,-0.1,2370.65,2566.76,0.93,-0.04,paracentral_rh_beta_periodic
917,parahippocampal_lh_beta_periodic,1.0,0.47,-0.04,0.0,2706.13,2904.08,0.99,0.15,parahippocampal_lh_beta_periodic
918,parahippocampal_rh_beta_periodic,1.0,0.84,-0.01,0.06,2726.05,2923.7,0.98,0.09,parahippocampal_rh_beta_periodic
919,parsopercularis_lh_beta_periodic,1.0,0.88,-0.02,0.11,2742.38,2940.6,0.96,0.04,parsopercularis_lh_beta_periodic
920,parsopercularis_rh_beta_periodic,1.0,0.52,-0.04,0.11,2814.42,3012.53,0.98,0.02,parsopercularis_rh_beta_periodic
921,parsorbitalis_lh_beta_periodic,1.0,0.44,0.03,0.1,2786.82,2985.04,0.94,-0.06,parsorbitalis_lh_beta_periodic
922,parsorbitalis_rh_beta_periodic,1.0,0.76,0.03,0.14,2790.94,2989.32,0.96,-0.04,parsorbitalis_rh_beta_periodic
923,parstriangularis_lh_beta_periodic,1.0,0.71,0.01,0.12,2770.11,2968.37,0.95,-0.05,parstriangularis_lh_beta_periodic
924,parstriangularis_rh_beta_periodic,1.0,0.43,0.03,0.14,2677.39,2875.72,0.95,0.02,parstriangularis_rh_beta_periodic
925,pericalcarine_lh_beta_periodic,1.0,0.03,-0.07,0.08,2558.37,2755.67,0.97,0.09,pericalcarine_lh_beta_periodic
926,pericalcarine_rh_beta_periodic,1.0,0.24,-0.06,-0.01,2586.31,2783.68,0.99,0.2,pericalcarine_rh_beta_periodic
927,postcentral_lh_beta_periodic,1.0,0.77,-0.01,-0.02,2713.68,2911.02,0.98,0.04,postcentral_lh_beta_periodic
928,postcentral_rh_beta_periodic,1.0,0.31,-0.06,0.09,2728.6,2926.01,0.97,-0.02,postcentral_rh_beta_periodic
929,posteriorcingulate_lh_beta_periodic,1.0,0.63,-0.03,0.05,2552.1,2748.72,0.95,-0.02,posteriorcingulate_lh_beta_periodic
930,posteriorcingulate_rh_beta_periodic,1.0,0.75,-0.03,-0.03,2473.63,2670.37,0.93,-0.08,posteriorcingulate_rh_beta_periodic
931,precentral_lh_beta_periodic,1.0,0.1,-0.07,0.14,2666.77,2863.76,0.99,0.1,precentral_lh_beta_periodic
932,precentral_rh_beta_periodic,1.0,0.38,-0.01,-0.09,2561.37,2758.08,0.96,-0.01,precentral_rh_beta_periodic
933,precuneus_lh_beta_periodic,0.99,0.0,-0.13,0.24,2353.4,2549.87,0.88,-0.11,precuneus_lh_beta_periodic
934,precuneus_rh_beta_periodic,1.0,0.01,-0.09,0.21,2386.16,2582.66,0.92,0.03,precuneus_rh_beta_periodic
935,rostralanteriorcingulate_lh_beta_periodic,1.0,0.39,-0.03,0.05,2797.34,2995.45,0.98,0.03,rostralanteriorcingulate_lh_beta_periodic
936,rostralanteriorcingulate_rh_beta_periodic,1.0,0.08,-0.04,0.02,2827.74,3025.93,0.99,0.04,rostralanteriorcingulate_rh_beta_periodic
937,rostralmiddlefrontal_lh_beta_periodic,1.0,0.21,-0.04,0.02,2799.07,2997.37,0.96,0.02,rostralmiddlefrontal_lh_beta_periodic
938,rostralmiddlefrontal_rh_beta_periodic,1.0,0.62,-0.04,-0.02,2782.5,2980.68,0.97,-0.01,rostralmiddlefrontal_rh_beta_periodic
939,superiorfrontal_lh_beta_periodic,1.0,0.43,-0.02,0.08,2815.25,3013.09,0.99,0.01,superiorfrontal_lh_beta_periodic
940,superiorfrontal_rh_beta_periodic,1.0,0.69,0.04,0.1,2819.33,3017.4,0.99,0.02,superiorfrontal_rh_beta_periodic
941,superiorparietal_lh_beta_periodic,0.99,0.0,-0.22,0.74,2429.32,2626.06,0.97,0.25,superiorparietal_lh_beta_periodic
942,superiorparietal_rh_beta_periodic,1.0,0.0,-0.12,0.2,2386.37,2582.76,0.94,0.08,superiorparietal_rh_beta_periodic
943,superiortemporal_lh_beta_periodic,1.0,0.71,-0.02,0.12,2712.46,2910.73,0.97,0.03,superiortemporal_lh_beta_periodic
944,superiortemporal_rh_beta_periodic,1.0,0.93,-0.01,0.05,2792.76,2991.09,0.96,-0.03,superiortemporal_rh_beta_periodic
945,supramarginal_lh_beta_periodic,1.0,0.19,-0.07,0.02,2738.7,2935.99,0.99,0.05,supramarginal_lh_beta_periodic
946,supramarginal_rh_beta_periodic,1.0,0.69,-0.05,0.01,2773.03,2970.76,0.98,-0.01,supramarginal_rh_beta_periodic
947,temporalpole_lh_beta_periodic,1.0,0.07,-0.08,0.22,2773.01,2971.08,0.96,0.04,temporalpole_lh_beta_periodic
948,temporalpole_rh_beta_periodic,1.0,0.94,0.01,0.02,2759.41,2957.32,0.96,0.03,temporalpole_rh_beta_periodic
949,transversetemporal_lh_beta_periodic,1.0,0.14,-0.06,0.23,2788.84,2987.1,0.97,0.01,transversetemporal_lh_beta_periodic
950,transversetemporal_rh_beta_periodic,1.0,0.2,-0.06,0.09,2778.6,2976.83,0.96,-0.02,transversetemporal_rh_beta_periodic
951,bankssts_lh_gamma_periodic,1.0,0.12,0.06,0.03,2823.34,3021.83,0.94,-0.05,bankssts_lh_gamma_periodic
952,bankssts_rh_gamma_periodic,1.0,0.07,0.08,0.16,2822.87,3021.36,0.93,-0.07,bankssts_rh_gamma_periodic
953,caudalanteriorcingulate_lh_gamma_periodic,1.0,0.0,0.1,0.14,2732.39,2930.88,0.93,-0.08,caudalanteriorcingulate_lh_gamma_periodic
954,caudalanteriorcingulate_rh_gamma_periodic,1.0,0.56,0.06,-0.17,2732.82,2931.27,0.93,-0.07,caudalanteriorcingulate_rh_gamma_periodic
955,caudalmiddlefrontal_lh_gamma_periodic,1.0,0.1,0.07,-0.02,2771.32,2969.81,0.94,-0.08,caudalmiddlefrontal_lh_gamma_periodic
956,caudalmiddlefrontal_rh_gamma_periodic,1.0,0.07,0.06,-0.02,2777.17,2975.62,0.95,-0.07,caudalmiddlefrontal_rh_gamma_periodic
957,cuneus_lh_gamma_periodic,1.0,0.2,0.07,-0.07,2562.89,2761.38,0.87,-0.17,cuneus_lh_gamma_periodic
958,cuneus_rh_gamma_periodic,1.0,0.51,0.04,-0.15,2543.07,2741.52,0.86,-0.19,cuneus_rh_gamma_periodic
959,entorhinal_lh_gamma_periodic,1.0,0.01,0.09,0.21,2669.02,2867.48,0.91,-0.08,entorhinal_lh_gamma_periodic
960,entorhinal_rh_gamma_periodic,1.0,0.07,0.07,0.05,2615.34,2813.79,0.89,-0.11,entorhinal_rh_gamma_periodic
961,frontalpole_lh_gamma_periodic,1.0,0.16,0.06,-0.09,2600.15,2795.33,0.95,-0.05,frontalpole_lh_gamma_periodic
962,frontalpole_rh_gamma_periodic,1.0,0.03,0.08,0.01,2804.11,3002.48,0.95,-0.04,frontalpole_rh_gamma_periodic
963,fusiform_lh_gamma_periodic,0.99,0.0,0.12,0.2,2657.57,2856.06,0.91,-0.1,fusiform_lh_gamma_periodic
964,fusiform_rh_gamma_periodic,1.0,0.0,0.08,0.26,2683.67,2882.16,0.91,-0.11,fusiform_rh_gamma_periodic
965,inferiorparietal_lh_gamma_periodic,1.0,0.04,0.09,0.05,2746.67,2945.12,0.92,-0.1,inferiorparietal_lh_gamma_periodic
966,inferiorparietal_rh_gamma_periodic,1.0,0.04,0.07,0.1,2799.26,2997.75,0.93,-0.08,inferiorparietal_rh_gamma_periodic
967,inferiortemporal_lh_gamma_periodic,1.0,0.05,0.08,0.04,2697.58,2896.07,0.92,-0.06,inferiortemporal_lh_gamma_periodic
968,inferiortemporal_rh_gamma_periodic,1.0,0.67,0.06,-0.06,2731.84,2930.29,0.92,-0.1,inferiortemporal_rh_gamma_periodic
969,insula_lh_gamma_periodic,1.0,0.02,0.08,-0.02,2796.88,2995.37,0.95,-0.05,insula_lh_gamma_periodic
970,insula_rh_gamma_periodic,1.0,0.25,0.06,0.07,2767.68,2966.17,0.94,-0.06,insula_rh_gamma_periodic
971,isthmuscingulate_lh_gamma_periodic,1.0,0.01,0.06,0.2,2509.44,2707.93,0.87,-0.1,isthmuscingulate_lh_gamma_periodic
972,isthmuscingulate_rh_gamma_periodic,1.0,0.09,0.07,-0.09,2453.63,2652.12,0.89,-0.02,isthmuscingulate_rh_gamma_periodic
973,lateraloccipital_lh_gamma_periodic,1.0,0.19,0.07,0.02,2679.91,2878.37,0.9,-0.12,lateraloccipital_lh_gamma_periodic
974,lateraloccipital_rh_gamma_periodic,1.0,0.34,0.05,-0.02,2715.71,2914.16,0.91,-0.12,lateraloccipital_rh_gamma_periodic
975,lateralorbitofrontal_lh_gamma_periodic,1.0,0.43,0.05,-0.0,2745.6,2944.06,0.92,-0.09,lateralorbitofrontal_lh_gamma_periodic
976,lateralorbitofrontal_rh_gamma_periodic,1.0,0.02,0.08,0.07,2663.96,2862.37,0.9,-0.09,lateralorbitofrontal_rh_gamma_periodic
977,lingual_lh_gamma_periodic,1.0,0.02,0.06,0.03,2671.97,2870.46,0.91,-0.11,lingual_lh_gamma_periodic
978,lingual_rh_gamma_periodic,1.0,0.06,0.08,-0.15,2615.98,2814.47,0.9,-0.15,lingual_rh_gamma_periodic
979,medialorbitofrontal_lh_gamma_periodic,1.0,0.26,0.05,-0.08,2723.41,2921.83,0.93,-0.07,medialorbitofrontal_lh_gamma_periodic
980,medialorbitofrontal_rh_gamma_periodic,1.0,0.21,0.06,0.01,2759.39,2957.84,0.93,-0.08,medialorbitofrontal_rh_gamma_periodic
981,middletemporal_lh_gamma_periodic,1.0,0.42,0.05,-0.03,2739.94,2938.39,0.91,-0.11,middletemporal_lh_gamma_periodic
982,middletemporal_rh_gamma_periodic,1.0,0.31,0.06,0.1,2693.27,2891.76,0.91,-0.09,middletemporal_rh_gamma_periodic
983,paracentral_lh_gamma_periodic,1.0,0.04,0.03,-0.02,2543.68,2742.17,0.89,-0.06,paracentral_lh_gamma_periodic
984,paracentral_rh_gamma_periodic,1.0,0.01,0.09,0.16,2526.29,2724.78,0.87,-0.11,paracentral_rh_gamma_periodic
985,parahippocampal_lh_gamma_periodic,1.0,0.0,0.09,0.11,2694.44,2892.93,0.92,-0.09,parahippocampal_lh_gamma_periodic
986,parahippocampal_rh_gamma_periodic,0.99,0.0,0.11,0.33,2696.33,2894.79,0.89,-0.14,parahippocampal_rh_gamma_periodic
987,parsopercularis_lh_gamma_periodic,1.0,0.01,0.08,0.12,2806.24,3004.73,0.93,-0.1,parsopercularis_lh_gamma_periodic
988,parsopercularis_rh_gamma_periodic,1.0,0.0,0.09,0.02,2750.61,2949.1,0.94,-0.07,parsopercularis_rh_gamma_periodic
989,parsorbitalis_lh_gamma_periodic,1.0,0.01,0.09,0.07,2799.67,2998.16,0.96,-0.03,parsorbitalis_lh_gamma_periodic
990,parsorbitalis_rh_gamma_periodic,1.0,0.02,0.07,0.21,2738.68,2937.02,0.92,-0.1,parsorbitalis_rh_gamma_periodic
991,parstriangularis_lh_gamma_periodic,1.0,0.13,0.06,-0.04,2822.65,3021.14,0.95,-0.06,parstriangularis_lh_gamma_periodic
992,parstriangularis_rh_gamma_periodic,1.0,0.19,0.06,0.0,2785.99,2984.44,0.93,-0.09,parstriangularis_rh_gamma_periodic
993,pericalcarine_lh_gamma_periodic,1.0,0.04,0.09,-0.1,2642.62,2841.11,0.89,-0.15,pericalcarine_lh_gamma_periodic
994,pericalcarine_rh_gamma_periodic,1.0,0.05,0.07,0.03,2687.92,2886.41,0.9,-0.14,pericalcarine_rh_gamma_periodic
995,postcentral_lh_gamma_periodic,1.0,0.07,0.07,-0.01,2697.08,2895.57,0.9,-0.12,postcentral_lh_gamma_periodic
996,postcentral_rh_gamma_periodic,1.0,0.25,0.05,-0.0,2746.3,2944.76,0.91,-0.1,postcentral_rh_gamma_periodic
997,posteriorcingulate_lh_gamma_periodic,1.0,0.03,0.05,0.02,2571.37,2769.86,0.89,-0.05,posteriorcingulate_lh_gamma_periodic
998,posteriorcingulate_rh_gamma_periodic,1.0,0.2,0.07,-0.18,2545.5,2743.99,0.88,-0.08,posteriorcingulate_rh_gamma_periodic
999,precentral_lh_gamma_periodic,1.0,0.06,0.05,-0.06,2674.29,2872.78,0.93,-0.04,precentral_lh_gamma_periodic
1000,precentral_rh_gamma_periodic,1.0,0.01,0.08,0.13,2663.59,2862.08,0.93,-0.02,precentral_rh_gamma_periodic
1001,precuneus_lh_gamma_periodic,1.0,0.08,0.04,-0.16,2309.57,2508.06,0.86,-0.02,precuneus_lh_gamma_periodic
1002,precuneus_rh_gamma_periodic,1.0,0.2,0.03,-0.05,2343.32,2541.81,0.85,-0.14,precuneus_rh_gamma_periodic
1003,rostralanteriorcingulate_lh_gamma_periodic,1.0,0.11,0.06,0.02,2795.84,2994.29,0.94,-0.08,rostralanteriorcingulate_lh_gamma_periodic
1004,rostralanteriorcingulate_rh_gamma_periodic,1.0,0.1,0.07,0.09,2797.55,2996.04,0.95,-0.05,rostralanteriorcingulate_rh_gamma_periodic
1005,rostralmiddlefrontal_lh_gamma_periodic,1.0,0.19,0.07,-0.09,2840.39,3038.81,0.97,-0.04,rostralmiddlefrontal_lh_gamma_periodic
1006,rostralmiddlefrontal_rh_gamma_periodic,1.0,0.01,0.09,0.19,2830.79,3029.21,0.96,-0.04,rostralmiddlefrontal_rh_gamma_periodic
1007,superiorfrontal_lh_gamma_periodic,1.0,0.01,0.09,0.02,2770.54,2968.99,0.94,-0.07,superiorfrontal_lh_gamma_periodic
1008,superiorfrontal_rh_gamma_periodic,1.0,0.0,0.09,0.18,2767.41,2965.79,0.94,-0.07,superiorfrontal_rh_gamma_periodic
1009,superiorparietal_lh_gamma_periodic,1.0,0.12,0.05,-0.04,2428.75,2627.24,0.9,0.06,superiorparietal_lh_gamma_periodic
1010,superiorparietal_rh_gamma_periodic,1.0,0.14,0.05,-0.22,2432.82,2631.31,0.86,-0.11,superiorparietal_rh_gamma_periodic
1011,superiortemporal_lh_gamma_periodic,0.99,0.0,0.1,0.1,2815.52,3014.01,0.94,-0.05,superiortemporal_lh_gamma_periodic
1012,superiortemporal_rh_gamma_periodic,1.0,0.01,0.07,-0.0,2749.22,2947.67,0.92,-0.12,superiortemporal_rh_gamma_periodic
1013,supramarginal_lh_gamma_periodic,1.0,0.28,0.06,-0.0,2758.81,2957.3,0.94,-0.07,supramarginal_lh_gamma_periodic
1014,supramarginal_rh_gamma_periodic,0.99,0.0,0.09,0.19,2813.21,3011.7,0.94,-0.05,supramarginal_rh_gamma_periodic
1015,temporalpole_lh_gamma_periodic,1.0,0.08,0.08,0.1,2707.28,2905.73,0.91,-0.07,temporalpole_lh_gamma_periodic
1016,temporalpole_rh_gamma_periodic,1.0,0.59,0.05,0.0,2609.5,2807.99,0.87,-0.15,temporalpole_rh_gamma_periodic
1017,transversetemporal_lh_gamma_periodic,1.0,0.01,0.08,0.23,2812.33,3010.82,0.96,-0.04,transversetemporal_lh_gamma_periodic
1018,transversetemporal_rh_gamma_periodic,1.0,0.12,0.07,0.11,2809.36,3007.81,0.96,-0.05,transversetemporal_rh_gamma_periodic
1019,bankssts_lh_all_periodic,1.0,0.56,0.02,0.1,2725.97,2924.27,0.93,-0.1,bankssts_lh_all_periodic
1020,bankssts_rh_all_periodic,1.0,0.52,0.04,-0.03,2686.91,2885.32,0.93,-0.02,bankssts_rh_all_periodic
1021,caudalanteriorcingulate_lh_all_periodic,1.0,0.22,0.01,0.1,2861.0,3059.26,0.97,-0.02,caudalanteriorcingulate_lh_all_periodic
1022,caudalanteriorcingulate_rh_all_periodic,1.0,0.7,0.02,0.1,2841.38,3039.79,0.98,0.01,caudalanteriorcingulate_rh_all_periodic
1023,caudalmiddlefrontal_lh_all_periodic,1.0,0.82,-0.0,0.04,2784.53,2983.02,0.96,0.0,caudalmiddlefrontal_lh_all_periodic
1024,caudalmiddlefrontal_rh_all_periodic,1.0,0.46,0.05,0.04,2808.59,3007.04,0.96,0.03,caudalmiddlefrontal_rh_all_periodic
1025,cuneus_lh_all_periodic,1.0,0.37,0.03,0.12,2791.16,2989.58,0.95,-0.07,cuneus_lh_all_periodic
1026,cuneus_rh_all_periodic,1.0,0.86,0.02,0.02,2751.81,2950.26,0.94,-0.05,cuneus_rh_all_periodic
1027,entorhinal_lh_all_periodic,1.0,0.88,0.0,0.08,2731.24,2929.62,0.91,-0.07,entorhinal_lh_all_periodic
1028,entorhinal_rh_all_periodic,1.0,0.18,0.05,0.12,2750.58,2948.95,0.92,-0.07,entorhinal_rh_all_periodic
1029,frontalpole_lh_all_periodic,1.0,0.75,-0.02,-0.06,2614.21,2809.35,0.97,-0.0,frontalpole_lh_all_periodic
1030,frontalpole_rh_all_periodic,1.0,0.63,0.02,-0.11,2831.43,3029.77,0.97,-0.0,frontalpole_rh_all_periodic
1031,fusiform_lh_all_periodic,1.0,0.96,0.0,-0.02,2690.31,2888.76,0.94,0.01,fusiform_lh_all_periodic
1032,fusiform_rh_all_periodic,1.0,0.61,0.02,0.11,2713.68,2912.17,0.93,-0.03,fusiform_rh_all_periodic
1033,inferiorparietal_lh_all_periodic,1.0,0.12,0.0,0.04,2734.23,2932.68,0.93,-0.04,inferiorparietal_lh_all_periodic
1034,inferiorparietal_rh_all_periodic,1.0,0.54,0.05,0.07,2786.64,2985.05,0.96,-0.0,inferiorparietal_rh_all_periodic
1035,inferiortemporal_lh_all_periodic,1.0,0.83,-0.01,0.01,2716.5,2914.84,0.94,-0.05,inferiortemporal_lh_all_periodic
1036,inferiortemporal_rh_all_periodic,1.0,0.57,0.01,0.07,2737.92,2936.41,0.94,-0.06,inferiortemporal_rh_all_periodic
1037,insula_lh_all_periodic,1.0,0.7,-0.01,0.02,2732.36,2930.85,0.93,-0.03,insula_lh_all_periodic
1038,insula_rh_all_periodic,1.0,0.86,0.01,0.05,2680.97,2879.42,0.94,-0.04,insula_rh_all_periodic
1039,isthmuscingulate_lh_all_periodic,1.0,0.26,0.01,-0.06,2752.42,2950.72,0.97,-0.03,isthmuscingulate_lh_all_periodic
1040,isthmuscingulate_rh_all_periodic,1.0,0.74,0.03,-0.03,2744.32,2942.54,0.98,-0.05,isthmuscingulate_rh_all_periodic
1041,lateraloccipital_lh_all_periodic,1.0,0.94,-0.0,-0.01,2714.2,2912.61,0.95,-0.04,lateraloccipital_lh_all_periodic
1042,lateraloccipital_rh_all_periodic,1.0,0.46,0.04,-0.0,2759.51,2958.0,0.94,-0.06,lateraloccipital_rh_all_periodic
1043,lateralorbitofrontal_lh_all_periodic,1.0,0.35,0.05,0.06,2764.61,2963.06,0.94,-0.06,lateralorbitofrontal_lh_all_periodic
1044,lateralorbitofrontal_rh_all_periodic,1.0,0.19,-0.01,0.13,2759.24,2957.66,0.94,-0.03,lateralorbitofrontal_rh_all_periodic
1045,lingual_lh_all_periodic,1.0,0.25,0.03,0.14,2766.4,2964.81,0.94,-0.06,lingual_lh_all_periodic
1046,lingual_rh_all_periodic,1.0,0.73,0.04,0.1,2679.24,2877.65,0.92,-0.06,lingual_rh_all_periodic
1047,medialorbitofrontal_lh_all_periodic,1.0,0.94,0.02,-0.01,2758.78,2957.19,0.95,-0.03,medialorbitofrontal_lh_all_periodic
1048,medialorbitofrontal_rh_all_periodic,1.0,0.97,0.0,0.05,2780.29,2978.75,0.95,-0.01,medialorbitofrontal_rh_all_periodic
1049,middletemporal_lh_all_periodic,1.0,1.0,0.01,-0.04,2713.9,2912.32,0.93,-0.07,middletemporal_lh_all_periodic
1050,middletemporal_rh_all_periodic,1.0,0.22,0.05,0.13,2694.86,2893.31,0.92,-0.09,middletemporal_rh_all_periodic
1051,paracentral_lh_all_periodic,1.0,0.49,0.02,-0.14,2779.66,2977.85,0.98,-0.02,paracentral_lh_all_periodic
1052,paracentral_rh_all_periodic,1.0,0.3,-0.02,-0.12,2755.52,2953.67,0.99,-0.01,paracentral_rh_all_periodic
1053,parahippocampal_lh_all_periodic,1.0,0.42,0.01,0.16,2708.08,2906.49,0.94,-0.05,parahippocampal_lh_all_periodic
1054,parahippocampal_rh_all_periodic,1.0,0.58,0.02,0.14,2683.61,2882.07,0.93,-0.03,parahippocampal_rh_all_periodic
1055,parsopercularis_lh_all_periodic,1.0,0.5,0.02,-0.1,2792.33,2990.78,0.94,-0.05,parsopercularis_lh_all_periodic
1056,parsopercularis_rh_all_periodic,1.0,0.64,0.02,-0.07,2796.75,2995.2,0.97,0.04,parsopercularis_rh_all_periodic
1057,parsorbitalis_lh_all_periodic,1.0,0.08,0.03,0.13,2782.15,2980.6,0.94,-0.05,parsorbitalis_lh_all_periodic
1058,parsorbitalis_rh_all_periodic,1.0,0.36,-0.01,0.03,2805.9,3004.36,0.95,-0.05,parsorbitalis_rh_all_periodic
1059,parstriangularis_lh_all_periodic,1.0,0.41,-0.03,0.01,2776.47,2974.92,0.94,-0.05,parstriangularis_lh_all_periodic
1060,parstriangularis_rh_all_periodic,1.0,0.78,0.03,0.05,2754.36,2952.81,0.94,-0.05,parstriangularis_rh_all_periodic
1061,pericalcarine_lh_all_periodic,1.0,0.58,0.03,0.09,2745.27,2943.76,0.95,-0.01,pericalcarine_lh_all_periodic
1062,pericalcarine_rh_all_periodic,1.0,0.24,0.05,0.17,2699.96,2898.41,0.92,-0.06,pericalcarine_rh_all_periodic
1063,postcentral_lh_all_periodic,1.0,0.09,0.06,0.13,2730.7,2929.15,0.96,0.01,postcentral_lh_all_periodic
1064,postcentral_rh_all_periodic,1.0,0.94,-0.01,-0.02,2741.34,2939.83,0.95,-0.04,postcentral_rh_all_periodic
1065,posteriorcingulate_lh_all_periodic,1.0,0.73,0.04,-0.05,2798.31,2996.57,0.97,-0.05,posteriorcingulate_lh_all_periodic
1066,posteriorcingulate_rh_all_periodic,1.0,0.24,0.04,-0.06,2823.35,3021.65,0.98,-0.03,posteriorcingulate_rh_all_periodic
1067,precentral_lh_all_periodic,1.0,0.85,-0.03,0.06,2839.56,3037.75,0.98,-0.03,precentral_lh_all_periodic
1068,precentral_rh_all_periodic,1.0,1.0,0.0,-0.06,2818.04,3016.11,0.99,0.02,precentral_rh_all_periodic
1069,precuneus_lh_all_periodic,1.0,0.63,0.02,0.06,2729.87,2927.87,0.97,-0.06,precuneus_lh_all_periodic
1070,precuneus_rh_all_periodic,1.0,0.99,0.03,-0.1,2778.32,2976.32,0.98,-0.04,precuneus_rh_all_periodic
1071,rostralanteriorcingulate_lh_all_periodic,1.0,0.78,-0.01,0.05,2802.86,3001.27,0.96,-0.02,rostralanteriorcingulate_lh_all_periodic
1072,rostralanteriorcingulate_rh_all_periodic,1.0,0.58,-0.0,0.09,2788.76,2987.22,0.96,-0.01,rostralanteriorcingulate_rh_all_periodic
1073,rostralmiddlefrontal_lh_all_periodic,1.0,0.42,-0.03,-0.03,2864.4,3062.89,0.96,-0.03,rostralmiddlefrontal_lh_all_periodic
1074,rostralmiddlefrontal_rh_all_periodic,1.0,0.31,-0.01,0.14,2818.33,3016.71,0.98,0.01,rostralmiddlefrontal_rh_all_periodic
1075,superiorfrontal_lh_all_periodic,1.0,0.33,0.04,0.15,2786.96,2985.41,0.96,-0.01,superiorfrontal_lh_all_periodic
1076,superiorfrontal_rh_all_periodic,1.0,0.45,0.03,0.07,2827.01,3025.35,0.96,-0.04,superiorfrontal_rh_all_periodic
1077,superiorparietal_lh_all_periodic,1.0,0.31,-0.04,0.08,2707.34,2905.37,0.98,-0.02,superiorparietal_lh_all_periodic
1078,superiorparietal_rh_all_periodic,1.0,0.94,0.0,-0.0,2743.81,2941.54,0.99,-0.03,superiorparietal_rh_all_periodic
1079,superiortemporal_lh_all_periodic,1.0,0.2,0.04,0.18,2728.91,2927.4,0.94,-0.06,superiortemporal_lh_all_periodic
1080,superiortemporal_rh_all_periodic,1.0,0.66,0.02,-0.01,2688.76,2887.1,0.92,-0.07,superiortemporal_rh_all_periodic
1081,supramarginal_lh_all_periodic,1.0,0.59,-0.0,-0.0,2806.73,3005.06,0.96,-0.05,supramarginal_lh_all_periodic
1082,supramarginal_rh_all_periodic,1.0,0.92,0.01,-0.07,2804.16,3002.62,0.96,-0.06,supramarginal_rh_all_periodic
1083,temporalpole_lh_all_periodic,1.0,0.57,0.03,0.03,2741.53,2939.94,0.92,-0.1,temporalpole_lh_all_periodic
1084,temporalpole_rh_all_periodic,1.0,0.56,0.03,0.03,2756.62,2955.03,0.94,-0.03,temporalpole_rh_all_periodic
1085,transversetemporal_lh_all_periodic,1.0,0.94,0.02,0.02,2724.63,2923.05,0.94,-0.08,transversetemporal_lh_all_periodic
1086,transversetemporal_rh_all_periodic,1.0,0.66,0.04,0.06,2730.89,2929.34,0.94,-0.04,transversetemporal_rh_all_periodic
1087,bankssts_lh_delta_connectivity,1.0,0.03,0.06,0.31,2366.42,2564.84,0.78,-0.24,bankssts_lh_delta_connectivity
1088,bankssts_rh_delta_connectivity,1.0,0.27,0.02,0.21,2390.84,2589.25,0.79,-0.21,bankssts_rh_delta_connectivity
1089,caudalanteriorcingulate_lh_delta_connectivity,1.0,0.01,0.09,0.23,2310.53,2508.94,0.78,-0.16,caudalanteriorcingulate_lh_delta_connectivity
1090,caudalanteriorcingulate_rh_delta_connectivity,1.0,0.03,0.07,0.23,2299.34,2497.8,0.78,-0.19,caudalanteriorcingulate_rh_delta_connectivity
1091,caudalmiddlefrontal_lh_delta_connectivity,1.0,0.03,0.04,0.32,2345.52,2543.89,0.78,-0.25,caudalmiddlefrontal_lh_delta_connectivity
1092,caudalmiddlefrontal_rh_delta_connectivity,1.0,0.03,0.08,0.22,2407.97,2606.42,0.8,-0.2,caudalmiddlefrontal_rh_delta_connectivity
1093,cuneus_lh_delta_connectivity,1.0,0.01,0.08,0.31,2318.62,2517.07,0.78,-0.23,cuneus_lh_delta_connectivity
1094,cuneus_rh_delta_connectivity,1.0,0.02,0.1,0.17,2321.98,2520.4,0.76,-0.27,cuneus_rh_delta_connectivity
1095,entorhinal_lh_delta_connectivity,1.0,0.08,0.02,0.26,2362.7,2561.11,0.79,-0.24,entorhinal_lh_delta_connectivity
1096,entorhinal_rh_delta_connectivity,1.0,0.05,0.0,0.31,2327.35,2525.73,0.77,-0.25,entorhinal_rh_delta_connectivity
1097,frontalpole_lh_delta_connectivity,1.0,0.14,-0.02,0.29,2162.04,2357.17,0.8,-0.12,frontalpole_lh_delta_connectivity
1098,frontalpole_rh_delta_connectivity,1.0,0.11,0.01,0.23,2374.24,2572.58,0.8,-0.2,frontalpole_rh_delta_connectivity
1099,fusiform_lh_delta_connectivity,1.0,0.01,0.06,0.36,2319.24,2517.7,0.78,-0.23,fusiform_lh_delta_connectivity
1100,fusiform_rh_delta_connectivity,1.0,0.34,0.02,0.21,2333.81,2532.26,0.79,-0.15,fusiform_rh_delta_connectivity
1101,inferiorparietal_lh_delta_connectivity,1.0,0.06,0.06,0.25,2378.59,2577.01,0.79,-0.21,inferiorparietal_lh_delta_connectivity
1102,inferiorparietal_rh_delta_connectivity,1.0,0.09,0.06,0.17,2399.23,2597.68,0.8,-0.2,inferiorparietal_rh_delta_connectivity
1103,inferiortemporal_lh_delta_connectivity,1.0,0.02,0.08,0.32,2345.4,2543.85,0.79,-0.21,inferiortemporal_lh_delta_connectivity
1104,inferiortemporal_rh_delta_connectivity,1.0,0.45,0.02,0.2,2365.11,2563.56,0.79,-0.21,inferiortemporal_rh_delta_connectivity
1105,insula_lh_delta_connectivity,1.0,0.01,0.08,0.26,2321.79,2520.24,0.78,-0.24,insula_lh_delta_connectivity
1106,insula_rh_delta_connectivity,1.0,0.0,0.07,0.36,2324.11,2522.56,0.77,-0.24,insula_rh_delta_connectivity
1107,isthmuscingulate_lh_delta_connectivity,1.0,0.03,0.05,0.28,2275.48,2473.93,0.76,-0.26,isthmuscingulate_lh_delta_connectivity
1108,isthmuscingulate_rh_delta_connectivity,1.0,0.01,0.09,0.26,2261.82,2460.27,0.76,-0.22,isthmuscingulate_rh_delta_connectivity
1109,lateraloccipital_lh_delta_connectivity,1.0,0.01,0.1,0.28,2344.79,2543.2,0.78,-0.24,lateraloccipital_lh_delta_connectivity
1110,lateraloccipital_rh_delta_connectivity,1.0,0.01,0.09,0.34,2352.3,2550.75,0.79,-0.17,lateraloccipital_rh_delta_connectivity
1111,lateralorbitofrontal_lh_delta_connectivity,1.0,0.01,0.07,0.35,2308.99,2507.41,0.77,-0.24,lateralorbitofrontal_lh_delta_connectivity
1112,lateralorbitofrontal_rh_delta_connectivity,0.99,0.0,0.02,0.49,2317.17,2515.58,0.78,-0.26,lateralorbitofrontal_rh_delta_connectivity
1113,lingual_lh_delta_connectivity,1.0,0.0,0.02,0.47,2342.58,2541.0,0.78,-0.24,lingual_lh_delta_connectivity
1114,lingual_rh_delta_connectivity,1.0,0.01,0.05,0.45,2364.12,2562.57,0.79,-0.18,lingual_rh_delta_connectivity
1115,medialorbitofrontal_lh_delta_connectivity,1.0,0.0,0.06,0.38,2320.61,2519.03,0.78,-0.2,medialorbitofrontal_lh_delta_connectivity
1116,medialorbitofrontal_rh_delta_connectivity,1.0,0.0,-0.01,0.48,2300.88,2499.29,0.77,-0.2,medialorbitofrontal_rh_delta_connectivity
1117,middletemporal_lh_delta_connectivity,0.99,0.0,0.04,0.52,2355.79,2554.2,0.78,-0.22,middletemporal_lh_delta_connectivity
1118,middletemporal_rh_delta_connectivity,1.0,0.15,0.04,0.25,2343.36,2541.82,0.79,-0.18,middletemporal_rh_delta_connectivity
1119,paracentral_lh_delta_connectivity,1.0,0.74,0.03,0.07,2283.58,2482.0,0.75,-0.28,paracentral_lh_delta_connectivity
1120,paracentral_rh_delta_connectivity,1.0,0.62,0.03,0.15,2324.34,2522.76,0.77,-0.23,paracentral_rh_delta_connectivity
1121,parahippocampal_lh_delta_connectivity,1.0,0.01,0.08,0.31,2305.02,2503.47,0.78,-0.23,parahippocampal_lh_delta_connectivity
1122,parahippocampal_rh_delta_connectivity,1.0,0.03,-0.01,0.32,2314.23,2512.64,0.79,-0.19,parahippocampal_rh_delta_connectivity
1123,parsopercularis_lh_delta_connectivity,1.0,0.0,0.08,0.35,2366.55,2564.93,0.79,-0.24,parsopercularis_lh_delta_connectivity
1124,parsopercularis_rh_delta_connectivity,1.0,0.06,0.06,0.3,2424.33,2622.79,0.79,-0.21,parsopercularis_rh_delta_connectivity
1125,parsorbitalis_lh_delta_connectivity,1.0,0.01,0.09,0.33,2329.69,2528.11,0.77,-0.24,parsorbitalis_lh_delta_connectivity
1126,parsorbitalis_rh_delta_connectivity,1.0,0.01,0.04,0.39,2338.41,2536.82,0.79,-0.21,parsorbitalis_rh_delta_connectivity
1127,parstriangularis_lh_delta_connectivity,1.0,0.0,0.07,0.4,2353.14,2551.52,0.78,-0.25,parstriangularis_lh_delta_connectivity
1128,parstriangularis_rh_delta_connectivity,1.0,0.0,0.06,0.37,2355.16,2553.62,0.78,-0.2,parstriangularis_rh_delta_connectivity
1129,pericalcarine_lh_delta_connectivity,1.0,0.05,0.05,0.26,2328.48,2526.93,0.79,-0.14,pericalcarine_lh_delta_connectivity
1130,pericalcarine_rh_delta_connectivity,1.0,0.06,0.05,0.29,2331.14,2529.55,0.78,-0.2,pericalcarine_rh_delta_connectivity
1131,postcentral_lh_delta_connectivity,1.0,0.05,0.03,0.27,2322.0,2520.38,0.77,-0.24,postcentral_lh_delta_connectivity
1132,postcentral_rh_delta_connectivity,1.0,0.51,0.02,0.19,2336.32,2534.77,0.78,-0.21,postcentral_rh_delta_connectivity
1133,posteriorcingulate_lh_delta_connectivity,1.0,0.02,0.08,0.31,2273.19,2471.65,0.78,-0.17,posteriorcingulate_lh_delta_connectivity
1134,posteriorcingulate_rh_delta_connectivity,1.0,0.56,0.0,0.14,2265.48,2463.94,0.77,-0.24,posteriorcingulate_rh_delta_connectivity
1135,precentral_lh_delta_connectivity,1.0,0.37,0.05,0.1,2331.84,2530.25,0.77,-0.24,precentral_lh_delta_connectivity
1136,precentral_rh_delta_connectivity,1.0,0.64,0.03,0.16,2352.18,2550.59,0.79,-0.18,precentral_rh_delta_connectivity
1137,precuneus_lh_delta_connectivity,1.0,0.01,0.04,0.39,2284.03,2482.45,0.78,-0.2,precuneus_lh_delta_connectivity
1138,precuneus_rh_delta_connectivity,1.0,0.11,0.0,0.27,2296.3,2494.71,0.77,-0.25,precuneus_rh_delta_connectivity
1139,rostralanteriorcingulate_lh_delta_connectivity,1.0,0.31,0.03,0.22,2275.19,2473.6,0.79,-0.14,rostralanteriorcingulate_lh_delta_connectivity
1140,rostralanteriorcingulate_rh_delta_connectivity,1.0,0.02,0.07,0.24,2301.63,2500.08,0.78,-0.23,rostralanteriorcingulate_rh_delta_connectivity
1141,rostralmiddlefrontal_lh_delta_connectivity,1.0,0.06,0.09,0.2,2329.14,2527.59,0.79,-0.16,rostralmiddlefrontal_lh_delta_connectivity
1142,rostralmiddlefrontal_rh_delta_connectivity,1.0,0.12,0.05,0.27,2386.26,2584.71,0.81,-0.15,rostralmiddlefrontal_rh_delta_connectivity
1143,superiorfrontal_lh_delta_connectivity,1.0,0.05,0.05,0.3,2347.21,2545.66,0.8,-0.17,superiorfrontal_lh_delta_connectivity
1144,superiorfrontal_rh_delta_connectivity,1.0,0.07,0.07,0.23,2365.61,2564.06,0.8,-0.21,superiorfrontal_rh_delta_connectivity
1145,superiorparietal_lh_delta_connectivity,1.0,0.02,0.04,0.34,2283.42,2481.83,0.78,-0.22,superiorparietal_lh_delta_connectivity
1146,superiorparietal_rh_delta_connectivity,1.0,0.11,0.01,0.23,2262.75,2461.12,0.75,-0.24,superiorparietal_rh_delta_connectivity
1147,superiortemporal_lh_delta_connectivity,0.99,0.0,0.1,0.25,2314.99,2513.37,0.77,-0.24,superiortemporal_lh_delta_connectivity
1148,superiortemporal_rh_delta_connectivity,1.0,0.2,0.06,0.17,2320.98,2519.44,0.78,-0.22,superiortemporal_rh_delta_connectivity
1149,supramarginal_lh_delta_connectivity,1.0,0.34,0.03,0.22,2371.6,2570.01,0.78,-0.23,supramarginal_lh_delta_connectivity
1150,supramarginal_rh_delta_connectivity,1.0,0.46,0.05,0.16,2363.43,2561.88,0.79,-0.17,supramarginal_rh_delta_connectivity
1151,temporalpole_lh_delta_connectivity,1.0,0.01,0.02,0.37,2291.82,2490.28,0.78,-0.13,temporalpole_lh_delta_connectivity
1152,temporalpole_rh_delta_connectivity,1.0,0.0,-0.01,0.47,2307.76,2506.18,0.76,-0.21,temporalpole_rh_delta_connectivity
1153,transversetemporal_lh_delta_connectivity,1.0,0.01,0.05,0.45,2374.68,2573.09,0.79,-0.2,transversetemporal_lh_delta_connectivity
1154,transversetemporal_rh_delta_connectivity,1.0,0.01,0.09,0.35,2383.04,2581.45,0.79,-0.2,transversetemporal_rh_delta_connectivity
1155,bankssts_lh_theta_connectivity,1.0,0.11,0.05,0.21,2422.54,2620.95,0.84,-0.11,bankssts_lh_theta_connectivity
1156,bankssts_rh_theta_connectivity,1.0,0.18,0.05,0.14,2456.55,2655.01,0.84,-0.14,bankssts_rh_theta_connectivity
1157,caudalanteriorcingulate_lh_theta_connectivity,1.0,0.23,0.07,0.06,2569.27,2767.68,0.87,-0.11,caudalanteriorcingulate_lh_theta_connectivity
1158,caudalanteriorcingulate_rh_theta_connectivity,1.0,0.28,0.06,0.13,2589.77,2788.18,0.88,-0.13,caudalanteriorcingulate_rh_theta_connectivity
1159,caudalmiddlefrontal_lh_theta_connectivity,1.0,0.08,0.05,0.12,2502.17,2700.62,0.83,-0.16,caudalmiddlefrontal_lh_theta_connectivity
1160,caudalmiddlefrontal_rh_theta_connectivity,1.0,0.25,0.07,0.09,2484.5,2682.91,0.86,-0.07,caudalmiddlefrontal_rh_theta_connectivity
1161,cuneus_lh_theta_connectivity,1.0,0.01,0.1,0.23,2506.16,2704.57,0.85,-0.15,cuneus_lh_theta_connectivity
1162,cuneus_rh_theta_connectivity,1.0,0.36,0.04,0.06,2557.28,2755.74,0.86,-0.17,cuneus_rh_theta_connectivity
1163,entorhinal_lh_theta_connectivity,1.0,0.17,0.06,0.15,2494.34,2692.72,0.86,-0.14,entorhinal_lh_theta_connectivity
1164,entorhinal_rh_theta_connectivity,1.0,0.56,0.04,0.14,2474.26,2672.6,0.85,-0.16,entorhinal_rh_theta_connectivity
1165,frontalpole_lh_theta_connectivity,1.0,0.69,0.05,0.1,2323.79,2518.88,0.87,-0.15,frontalpole_lh_theta_connectivity
1166,frontalpole_rh_theta_connectivity,1.0,0.03,0.09,0.17,2515.81,2714.19,0.89,-0.09,frontalpole_rh_theta_connectivity
1167,fusiform_lh_theta_connectivity,1.0,0.02,0.09,0.22,2544.68,2743.09,0.87,-0.11,fusiform_lh_theta_connectivity
1168,fusiform_rh_theta_connectivity,1.0,0.27,0.04,0.18,2447.24,2645.69,0.87,-0.1,fusiform_rh_theta_connectivity
1169,inferiorparietal_lh_theta_connectivity,1.0,0.13,0.08,0.16,2504.53,2702.98,0.86,-0.08,inferiorparietal_lh_theta_connectivity
1170,inferiorparietal_rh_theta_connectivity,1.0,0.06,0.05,0.28,2469.76,2668.21,0.84,-0.16,inferiorparietal_rh_theta_connectivity
1171,inferiortemporal_lh_theta_connectivity,0.99,0.0,0.12,0.34,2497.88,2696.33,0.87,-0.12,inferiortemporal_lh_theta_connectivity
1172,inferiortemporal_rh_theta_connectivity,1.0,0.4,0.02,0.05,2482.88,2681.26,0.85,-0.21,inferiortemporal_rh_theta_connectivity
1173,insula_lh_theta_connectivity,1.0,0.58,0.02,0.18,2504.51,2702.92,0.86,-0.14,insula_lh_theta_connectivity
1174,insula_rh_theta_connectivity,1.0,0.04,0.06,0.27,2483.82,2682.27,0.87,-0.08,insula_rh_theta_connectivity
1175,isthmuscingulate_lh_theta_connectivity,1.0,0.47,0.04,0.13,2610.91,2809.29,0.86,-0.17,isthmuscingulate_lh_theta_connectivity
1176,isthmuscingulate_rh_theta_connectivity,1.0,0.04,0.08,0.12,2563.31,2761.76,0.87,-0.13,isthmuscingulate_rh_theta_connectivity
1177,lateraloccipital_lh_theta_connectivity,0.99,0.0,0.11,0.23,2531.58,2729.99,0.86,-0.13,lateraloccipital_lh_theta_connectivity
1178,lateraloccipital_rh_theta_connectivity,1.0,0.05,0.09,0.14,2508.18,2706.6,0.85,-0.14,lateraloccipital_rh_theta_connectivity
1179,lateralorbitofrontal_lh_theta_connectivity,1.0,0.03,0.08,0.14,2534.35,2732.76,0.87,-0.12,lateralorbitofrontal_lh_theta_connectivity
1180,lateralorbitofrontal_rh_theta_connectivity,1.0,0.09,-0.04,0.27,2537.06,2735.51,0.87,-0.11,lateralorbitofrontal_rh_theta_connectivity
1181,lingual_lh_theta_connectivity,1.0,0.68,0.04,0.0,2611.4,2809.77,0.87,-0.15,lingual_lh_theta_connectivity
1182,lingual_rh_theta_connectivity,1.0,0.4,0.02,0.09,2547.55,2745.97,0.87,-0.1,lingual_rh_theta_connectivity
1183,medialorbitofrontal_lh_theta_connectivity,1.0,0.68,0.02,-0.04,2498.06,2696.43,0.87,-0.12,medialorbitofrontal_lh_theta_connectivity
1184,medialorbitofrontal_rh_theta_connectivity,1.0,0.61,0.03,0.17,2493.24,2691.65,0.87,-0.13,medialorbitofrontal_rh_theta_connectivity
1185,middletemporal_lh_theta_connectivity,1.0,0.0,0.11,0.19,2490.89,2689.27,0.82,-0.18,middletemporal_lh_theta_connectivity
1186,middletemporal_rh_theta_connectivity,1.0,0.03,0.07,0.3,2461.52,2659.93,0.85,-0.15,middletemporal_rh_theta_connectivity
1187,paracentral_lh_theta_connectivity,1.0,0.1,0.07,0.17,2516.09,2714.54,0.84,-0.15,paracentral_lh_theta_connectivity
1188,paracentral_rh_theta_connectivity,1.0,0.18,0.07,0.08,2503.28,2701.74,0.85,-0.11,paracentral_rh_theta_connectivity
1189,parahippocampal_lh_theta_connectivity,1.0,0.27,0.05,0.14,2524.17,2722.58,0.87,-0.13,parahippocampal_lh_theta_connectivity
1190,parahippocampal_rh_theta_connectivity,1.0,0.07,0.07,0.24,2566.9,2765.31,0.88,-0.12,parahippocampal_rh_theta_connectivity
1191,parsopercularis_lh_theta_connectivity,1.0,0.14,0.06,0.13,2521.99,2720.4,0.86,-0.11,parsopercularis_lh_theta_connectivity
1192,parsopercularis_rh_theta_connectivity,1.0,0.82,0.04,0.11,2447.74,2646.15,0.85,-0.1,parsopercularis_rh_theta_connectivity
1193,parsorbitalis_lh_theta_connectivity,1.0,0.12,0.06,0.07,2491.86,2690.24,0.87,-0.15,parsorbitalis_lh_theta_connectivity
1194,parsorbitalis_rh_theta_connectivity,1.0,0.22,0.02,0.19,2507.99,2706.41,0.86,-0.13,parsorbitalis_rh_theta_connectivity
1195,parstriangularis_lh_theta_connectivity,1.0,0.06,0.08,0.12,2496.39,2694.8,0.86,-0.17,parstriangularis_lh_theta_connectivity
1196,parstriangularis_rh_theta_connectivity,1.0,0.01,0.1,0.01,2494.28,2692.7,0.87,-0.07,parstriangularis_rh_theta_connectivity
1197,pericalcarine_lh_theta_connectivity,1.0,0.01,0.08,0.24,2569.2,2767.65,0.86,-0.13,pericalcarine_lh_theta_connectivity
1198,pericalcarine_rh_theta_connectivity,0.99,0.0,0.09,0.35,2541.21,2739.66,0.88,-0.08,pericalcarine_rh_theta_connectivity
1199,postcentral_lh_theta_connectivity,1.0,0.55,0.03,0.03,2460.47,2658.81,0.83,-0.18,postcentral_lh_theta_connectivity
1200,postcentral_rh_theta_connectivity,1.0,0.0,0.09,0.4,2408.65,2607.1,0.85,-0.1,postcentral_rh_theta_connectivity
1201,posteriorcingulate_lh_theta_connectivity,1.0,0.03,0.05,0.23,2571.88,2770.3,0.85,-0.15,posteriorcingulate_lh_theta_connectivity
1202,posteriorcingulate_rh_theta_connectivity,1.0,0.03,0.06,0.24,2527.1,2725.48,0.86,-0.12,posteriorcingulate_rh_theta_connectivity
1203,precentral_lh_theta_connectivity,1.0,0.82,0.03,0.05,2516.59,2715.04,0.83,-0.15,precentral_lh_theta_connectivity
1204,precentral_rh_theta_connectivity,1.0,0.13,0.08,0.09,2508.73,2707.18,0.84,-0.13,precentral_rh_theta_connectivity
1205,precuneus_lh_theta_connectivity,1.0,0.12,0.07,0.16,2557.61,2756.06,0.88,-0.08,precuneus_lh_theta_connectivity
1206,precuneus_rh_theta_connectivity,1.0,0.66,0.04,0.1,2477.27,2675.65,0.84,-0.14,precuneus_rh_theta_connectivity
1207,rostralanteriorcingulate_lh_theta_connectivity,1.0,0.96,0.02,0.06,2530.31,2728.65,0.88,-0.11,rostralanteriorcingulate_lh_theta_connectivity
1208,rostralanteriorcingulate_rh_theta_connectivity,1.0,0.0,0.1,0.31,2587.92,2786.34,0.89,-0.1,rostralanteriorcingulate_rh_theta_connectivity
1209,rostralmiddlefrontal_lh_theta_connectivity,1.0,0.07,0.07,0.17,2514.32,2712.74,0.86,-0.1,rostralmiddlefrontal_lh_theta_connectivity
1210,rostralmiddlefrontal_rh_theta_connectivity,1.0,0.13,0.06,0.18,2537.22,2735.68,0.88,-0.09,rostralmiddlefrontal_rh_theta_connectivity
1211,superiorfrontal_lh_theta_connectivity,1.0,0.03,0.08,0.23,2578.72,2777.17,0.88,-0.09,superiorfrontal_lh_theta_connectivity
1212,superiorfrontal_rh_theta_connectivity,1.0,0.32,0.05,0.16,2574.75,2773.16,0.88,-0.1,superiorfrontal_rh_theta_connectivity
1213,superiorparietal_lh_theta_connectivity,1.0,0.16,0.06,0.12,2502.28,2700.73,0.87,-0.04,superiorparietal_lh_theta_connectivity
1214,superiorparietal_rh_theta_connectivity,0.99,0.0,0.11,0.2,2497.97,2696.3,0.85,-0.14,superiorparietal_rh_theta_connectivity
1215,superiortemporal_lh_theta_connectivity,1.0,0.1,0.06,0.17,2485.87,2684.32,0.85,-0.15,superiortemporal_lh_theta_connectivity
1216,superiortemporal_rh_theta_connectivity,1.0,0.07,0.07,0.24,2466.67,2665.12,0.85,-0.11,superiortemporal_rh_theta_connectivity
1217,supramarginal_lh_theta_connectivity,1.0,0.43,0.06,0.01,2502.92,2701.34,0.85,-0.12,supramarginal_lh_theta_connectivity
1218,supramarginal_rh_theta_connectivity,1.0,0.44,0.05,0.07,2476.48,2674.86,0.86,-0.13,supramarginal_rh_theta_connectivity
1219,temporalpole_lh_theta_connectivity,1.0,0.01,0.09,0.24,2446.13,2644.58,0.85,-0.12,temporalpole_lh_theta_connectivity
1220,temporalpole_rh_theta_connectivity,1.0,0.01,0.08,0.07,2451.86,2650.28,0.84,-0.18,temporalpole_rh_theta_connectivity
1221,transversetemporal_lh_theta_connectivity,1.0,0.15,0.06,0.12,2541.48,2739.89,0.86,-0.1,transversetemporal_lh_theta_connectivity
1222,transversetemporal_rh_theta_connectivity,1.0,0.46,0.03,-0.06,2468.41,2666.75,0.85,-0.17,transversetemporal_rh_theta_connectivity
1223,bankssts_lh_alpha_connectivity,1.0,0.64,-0.03,0.08,2841.63,3039.82,0.99,0.01,bankssts_lh_alpha_connectivity
1224,bankssts_rh_alpha_connectivity,1.0,0.37,0.04,-0.09,2744.35,2942.61,0.99,0.01,bankssts_rh_alpha_connectivity
1225,caudalanteriorcingulate_lh_alpha_connectivity,1.0,0.49,-0.04,0.08,2863.17,3061.32,0.99,-0.01,caudalanteriorcingulate_lh_alpha_connectivity
1226,caudalanteriorcingulate_rh_alpha_connectivity,1.0,0.74,0.02,-0.16,2803.71,3001.7,0.99,-0.01,caudalanteriorcingulate_rh_alpha_connectivity
1227,caudalmiddlefrontal_lh_alpha_connectivity,1.0,0.44,-0.0,-0.04,2835.96,3034.15,1.01,0.05,caudalmiddlefrontal_lh_alpha_connectivity
1228,caudalmiddlefrontal_rh_alpha_connectivity,1.0,0.06,-0.01,-0.02,2836.61,3034.76,1.01,0.06,caudalmiddlefrontal_rh_alpha_connectivity
1229,cuneus_lh_alpha_connectivity,1.0,0.38,0.01,0.11,2674.0,2872.26,0.97,-0.01,cuneus_lh_alpha_connectivity
1230,cuneus_rh_alpha_connectivity,1.0,0.83,0.03,0.0,2681.02,2879.24,0.97,-0.0,cuneus_rh_alpha_connectivity
1231,entorhinal_lh_alpha_connectivity,1.0,0.89,-0.01,-0.04,2738.93,2937.11,0.96,-0.07,entorhinal_lh_alpha_connectivity
1232,entorhinal_rh_alpha_connectivity,1.0,0.7,0.01,-0.09,2724.76,2922.87,0.96,-0.09,entorhinal_rh_alpha_connectivity
1233,frontalpole_lh_alpha_connectivity,0.99,0.0,-0.09,0.29,2556.99,2751.96,0.97,-0.02,frontalpole_lh_alpha_connectivity
1234,frontalpole_rh_alpha_connectivity,1.0,0.22,-0.02,0.15,2795.85,2993.96,0.98,-0.01,frontalpole_rh_alpha_connectivity
1235,fusiform_lh_alpha_connectivity,1.0,0.22,0.06,0.11,2793.77,2991.88,0.96,-0.07,fusiform_lh_alpha_connectivity
1236,fusiform_rh_alpha_connectivity,1.0,0.04,0.06,0.19,2741.47,2939.54,0.96,-0.03,fusiform_rh_alpha_connectivity
1237,inferiorparietal_lh_alpha_connectivity,1.0,0.93,0.01,-0.0,2767.19,2965.49,0.99,0.04,inferiorparietal_lh_alpha_connectivity
1238,inferiorparietal_rh_alpha_connectivity,0.99,0.0,-0.08,0.38,2785.67,2983.67,0.97,-0.04,inferiorparietal_rh_alpha_connectivity
1239,inferiortemporal_lh_alpha_connectivity,1.0,0.04,0.05,0.11,2746.87,2945.05,0.97,-0.03,inferiortemporal_lh_alpha_connectivity
1240,inferiortemporal_rh_alpha_connectivity,1.0,0.64,0.0,0.08,2746.7,2944.92,0.96,-0.05,inferiortemporal_rh_alpha_connectivity
1241,insula_lh_alpha_connectivity,1.0,0.69,0.0,-0.1,2839.33,3037.52,0.98,-0.03,insula_lh_alpha_connectivity
1242,insula_rh_alpha_connectivity,1.0,0.51,0.02,0.04,2856.54,3054.72,0.98,-0.04,insula_rh_alpha_connectivity
1243,isthmuscingulate_lh_alpha_connectivity,1.0,0.72,0.0,0.05,2831.22,3029.48,0.98,-0.01,isthmuscingulate_lh_alpha_connectivity
1244,isthmuscingulate_rh_alpha_connectivity,1.0,0.76,0.05,-0.06,2790.76,2989.06,0.98,-0.02,isthmuscingulate_rh_alpha_connectivity
1245,lateraloccipital_lh_alpha_connectivity,1.0,0.49,0.01,-0.11,2693.03,2891.1,0.96,-0.08,lateraloccipital_lh_alpha_connectivity
1246,lateraloccipital_rh_alpha_connectivity,1.0,0.32,0.04,-0.02,2657.23,2855.57,0.96,-0.06,lateraloccipital_rh_alpha_connectivity
1247,lateralorbitofrontal_lh_alpha_connectivity,1.0,0.42,0.03,0.13,2725.54,2923.61,0.97,-0.06,lateralorbitofrontal_lh_alpha_connectivity
1248,lateralorbitofrontal_rh_alpha_connectivity,1.0,0.87,0.01,0.04,2778.8,2976.94,0.98,-0.03,lateralorbitofrontal_rh_alpha_connectivity
1249,lingual_lh_alpha_connectivity,1.0,0.07,0.04,0.23,2780.64,2978.82,0.96,-0.03,lingual_lh_alpha_connectivity
1250,lingual_rh_alpha_connectivity,1.0,0.09,0.01,0.14,2687.38,2885.37,0.96,-0.04,lingual_rh_alpha_connectivity
1251,medialorbitofrontal_lh_alpha_connectivity,1.0,0.61,0.03,-0.07,2751.44,2949.66,0.97,-0.04,medialorbitofrontal_lh_alpha_connectivity
1252,medialorbitofrontal_rh_alpha_connectivity,1.0,0.15,-0.02,0.13,2789.19,2987.26,0.98,-0.03,medialorbitofrontal_rh_alpha_connectivity
1253,middletemporal_lh_alpha_connectivity,1.0,0.9,0.03,-0.09,2781.91,2980.1,0.97,-0.06,middletemporal_lh_alpha_connectivity
1254,middletemporal_rh_alpha_connectivity,1.0,0.49,-0.01,-0.04,2748.72,2946.91,0.96,-0.06,middletemporal_rh_alpha_connectivity
1255,paracentral_lh_alpha_connectivity,1.0,0.65,0.04,-0.12,2847.35,3045.61,1.0,0.02,paracentral_lh_alpha_connectivity
1256,paracentral_rh_alpha_connectivity,1.0,0.39,0.01,-0.04,2835.29,3033.63,1.0,0.05,paracentral_rh_alpha_connectivity
1257,parahippocampal_lh_alpha_connectivity,1.0,0.99,0.02,0.02,2794.04,2992.03,0.96,-0.08,parahippocampal_lh_alpha_connectivity
1258,parahippocampal_rh_alpha_connectivity,1.0,0.32,0.03,0.12,2806.52,3004.47,0.96,-0.05,parahippocampal_rh_alpha_connectivity
1259,parsopercularis_lh_alpha_connectivity,1.0,0.11,-0.04,0.15,2823.76,3022.02,0.99,0.03,parsopercularis_lh_alpha_connectivity
1260,parsopercularis_rh_alpha_connectivity,1.0,0.42,0.01,-0.18,2845.93,3044.07,1.0,0.02,parsopercularis_rh_alpha_connectivity
1261,parsorbitalis_lh_alpha_connectivity,1.0,0.08,-0.01,0.26,2797.55,2995.7,0.97,-0.06,parsorbitalis_lh_alpha_connectivity
1262,parsorbitalis_rh_alpha_connectivity,1.0,0.48,-0.01,0.03,2795.03,2993.29,0.98,0.0,parsorbitalis_rh_alpha_connectivity
1263,parstriangularis_lh_alpha_connectivity,1.0,0.56,-0.01,-0.02,2810.55,3008.74,0.98,-0.03,parstriangularis_lh_alpha_connectivity
1264,parstriangularis_rh_alpha_connectivity,1.0,0.69,-0.02,0.06,2793.39,2991.65,0.99,0.06,parstriangularis_rh_alpha_connectivity
1265,pericalcarine_lh_alpha_connectivity,1.0,0.02,0.04,0.29,2673.6,2871.83,0.96,-0.02,pericalcarine_lh_alpha_connectivity
1266,pericalcarine_rh_alpha_connectivity,1.0,0.66,-0.0,0.08,2676.28,2874.54,0.96,-0.04,pericalcarine_rh_alpha_connectivity
1267,postcentral_lh_alpha_connectivity,1.0,0.77,0.02,-0.1,2846.67,3044.97,1.0,0.03,postcentral_lh_alpha_connectivity
1268,postcentral_rh_alpha_connectivity,1.0,0.54,0.05,-0.12,2820.52,3018.78,1.0,0.02,postcentral_rh_alpha_connectivity
1269,posteriorcingulate_lh_alpha_connectivity,1.0,0.21,-0.01,-0.02,2870.99,3069.17,0.99,-0.01,posteriorcingulate_lh_alpha_connectivity
1270,posteriorcingulate_rh_alpha_connectivity,1.0,0.54,0.02,-0.05,2846.12,3044.19,1.0,0.01,posteriorcingulate_rh_alpha_connectivity
1271,precentral_lh_alpha_connectivity,1.0,0.54,0.02,-0.14,2805.91,3004.09,1.0,0.08,precentral_lh_alpha_connectivity
1272,precentral_rh_alpha_connectivity,1.0,0.98,0.01,-0.12,2829.57,3027.91,1.01,0.07,precentral_rh_alpha_connectivity
1273,precuneus_lh_alpha_connectivity,1.0,0.7,0.05,-0.01,2747.73,2945.92,0.98,0.01,precuneus_lh_alpha_connectivity
1274,precuneus_rh_alpha_connectivity,1.0,0.52,0.02,0.03,2811.12,3009.34,0.98,-0.02,precuneus_rh_alpha_connectivity
1275,rostralanteriorcingulate_lh_alpha_connectivity,1.0,0.95,0.03,-0.14,2779.86,2978.05,0.97,-0.05,rostralanteriorcingulate_lh_alpha_connectivity
1276,rostralanteriorcingulate_rh_alpha_connectivity,1.0,0.92,0.01,-0.1,2752.15,2950.33,0.98,-0.04,rostralanteriorcingulate_rh_alpha_connectivity
1277,rostralmiddlefrontal_lh_alpha_connectivity,1.0,0.28,-0.03,0.04,2840.44,3038.55,0.98,-0.04,rostralmiddlefrontal_lh_alpha_connectivity
1278,rostralmiddlefrontal_rh_alpha_connectivity,1.0,0.88,-0.01,-0.1,2772.25,2970.36,0.97,-0.04,rostralmiddlefrontal_rh_alpha_connectivity
1279,superiorfrontal_lh_alpha_connectivity,1.0,0.62,0.0,-0.04,2875.13,3073.27,0.99,-0.01,superiorfrontal_lh_alpha_connectivity
1280,superiorfrontal_rh_alpha_connectivity,1.0,0.52,0.03,-0.09,2833.55,3031.78,0.98,-0.01,superiorfrontal_rh_alpha_connectivity
1281,superiorparietal_lh_alpha_connectivity,1.0,0.41,0.04,-0.06,2763.53,2961.75,0.98,-0.0,superiorparietal_lh_alpha_connectivity
1282,superiorparietal_rh_alpha_connectivity,1.0,0.08,0.05,0.02,2779.49,2977.75,0.98,-0.01,superiorparietal_rh_alpha_connectivity
1283,superiortemporal_lh_alpha_connectivity,1.0,0.87,0.02,-0.11,2845.26,3043.53,0.99,-0.02,superiortemporal_lh_alpha_connectivity
1284,superiortemporal_rh_alpha_connectivity,1.0,0.83,0.03,-0.12,2823.51,3021.77,0.97,-0.07,superiortemporal_rh_alpha_connectivity
1285,supramarginal_lh_alpha_connectivity,1.0,0.82,0.01,-0.03,2843.02,3041.36,1.0,0.03,supramarginal_lh_alpha_connectivity
1286,supramarginal_rh_alpha_connectivity,1.0,0.45,-0.0,-0.12,2829.55,3027.85,0.99,0.01,supramarginal_rh_alpha_connectivity
1287,temporalpole_lh_alpha_connectivity,1.0,0.41,-0.01,0.03,2790.38,2988.57,0.98,-0.05,temporalpole_lh_alpha_connectivity
1288,temporalpole_rh_alpha_connectivity,1.0,0.03,-0.09,0.08,2782.86,2981.09,0.97,-0.03,temporalpole_rh_alpha_connectivity
1289,transversetemporal_lh_alpha_connectivity,1.0,0.07,-0.01,-0.21,2859.73,3058.0,1.0,-0.0,transversetemporal_lh_alpha_connectivity
1290,transversetemporal_rh_alpha_connectivity,1.0,0.7,-0.01,-0.1,2848.4,3046.51,0.98,-0.02,transversetemporal_rh_alpha_connectivity
1291,bankssts_lh_beta_connectivity,1.0,0.3,0.04,-0.02,2714.64,2912.87,0.99,0.07,bankssts_lh_beta_connectivity
1292,bankssts_rh_beta_connectivity,1.0,0.88,0.04,0.04,2691.48,2889.62,0.97,0.05,bankssts_rh_beta_connectivity
1293,caudalanteriorcingulate_lh_beta_connectivity,1.0,0.97,0.01,0.03,2757.25,2955.59,0.97,-0.03,caudalanteriorcingulate_lh_beta_connectivity
1294,caudalanteriorcingulate_rh_beta_connectivity,1.0,0.97,-0.01,0.08,2719.72,2918.02,0.99,0.04,caudalanteriorcingulate_rh_beta_connectivity
1295,caudalmiddlefrontal_lh_beta_connectivity,1.0,0.86,0.01,0.04,2776.43,2974.76,0.98,0.0,caudalmiddlefrontal_lh_beta_connectivity
1296,caudalmiddlefrontal_rh_beta_connectivity,1.0,0.86,0.03,0.02,2754.31,2952.65,0.99,0.07,caudalmiddlefrontal_rh_beta_connectivity
1297,cuneus_lh_beta_connectivity,1.0,0.14,0.08,0.09,2734.75,2932.86,0.97,0.0,cuneus_lh_beta_connectivity
1298,cuneus_rh_beta_connectivity,1.0,0.52,0.02,0.14,2718.72,2916.68,0.98,0.0,cuneus_rh_beta_connectivity
1299,entorhinal_lh_beta_connectivity,1.0,0.19,0.04,0.06,2651.2,2849.34,0.98,0.11,entorhinal_lh_beta_connectivity
1300,entorhinal_rh_beta_connectivity,1.0,0.54,0.04,-0.01,2693.77,2892.04,0.97,0.04,entorhinal_rh_beta_connectivity
1301,frontalpole_lh_beta_connectivity,1.0,0.1,0.08,0.13,2461.78,2656.79,0.97,0.07,frontalpole_lh_beta_connectivity
1302,frontalpole_rh_beta_connectivity,1.0,0.53,-0.01,0.15,2701.03,2899.37,0.96,0.07,frontalpole_rh_beta_connectivity
1303,fusiform_lh_beta_connectivity,1.0,0.32,0.05,0.04,2609.87,2807.71,0.99,0.23,fusiform_lh_beta_connectivity
1304,fusiform_rh_beta_connectivity,1.0,0.69,0.04,0.0,2607.93,2805.7,0.99,0.21,fusiform_rh_beta_connectivity
1305,inferiorparietal_lh_beta_connectivity,1.0,0.29,0.05,-0.0,2785.95,2984.05,0.97,0.01,inferiorparietal_lh_beta_connectivity
1306,inferiorparietal_rh_beta_connectivity,1.0,0.5,0.04,0.11,2728.29,2926.51,0.98,0.04,inferiorparietal_rh_beta_connectivity
1307,inferiortemporal_lh_beta_connectivity,1.0,0.63,0.04,0.01,2678.93,2876.89,0.99,0.15,inferiortemporal_lh_beta_connectivity
1308,inferiortemporal_rh_beta_connectivity,1.0,0.79,0.04,0.09,2684.63,2882.62,0.99,0.13,inferiortemporal_rh_beta_connectivity
1309,insula_lh_beta_connectivity,1.0,0.66,0.05,-0.01,2688.06,2886.39,0.97,0.07,insula_lh_beta_connectivity
1310,insula_rh_beta_connectivity,1.0,0.74,0.0,0.09,2777.13,2975.46,0.97,0.01,insula_rh_beta_connectivity
1311,isthmuscingulate_lh_beta_connectivity,1.0,0.38,0.06,0.05,2702.98,2900.79,0.99,0.13,isthmuscingulate_lh_beta_connectivity
1312,isthmuscingulate_rh_beta_connectivity,1.0,0.42,0.06,-0.03,2620.63,2818.47,1.0,0.19,isthmuscingulate_rh_beta_connectivity
1313,lateraloccipital_lh_beta_connectivity,1.0,0.11,0.08,0.1,2703.36,2901.5,0.96,0.02,lateraloccipital_lh_beta_connectivity
1314,lateraloccipital_rh_beta_connectivity,1.0,0.77,0.03,0.05,2706.48,2904.78,0.97,0.06,lateraloccipital_rh_beta_connectivity
1315,lateralorbitofrontal_lh_beta_connectivity,1.0,0.15,0.08,-0.06,2699.43,2897.8,0.96,0.05,lateralorbitofrontal_lh_beta_connectivity
1316,lateralorbitofrontal_rh_beta_connectivity,1.0,0.61,0.04,0.11,2772.23,2970.49,0.97,0.03,lateralorbitofrontal_rh_beta_connectivity
1317,lingual_lh_beta_connectivity,1.0,0.08,0.07,-0.08,2622.75,2820.48,1.0,0.24,lingual_lh_beta_connectivity
1318,lingual_rh_beta_connectivity,1.0,0.2,0.04,-0.07,2507.68,2705.56,0.99,0.24,lingual_rh_beta_connectivity
1319,medialorbitofrontal_lh_beta_connectivity,1.0,0.83,0.04,-0.07,2670.32,2868.62,0.95,0.03,medialorbitofrontal_lh_beta_connectivity
1320,medialorbitofrontal_rh_beta_connectivity,1.0,0.91,0.02,0.09,2737.57,2935.94,0.96,-0.03,medialorbitofrontal_rh_beta_connectivity
1321,middletemporal_lh_beta_connectivity,1.0,0.67,0.02,0.01,2697.9,2895.98,0.98,0.12,middletemporal_lh_beta_connectivity
1322,middletemporal_rh_beta_connectivity,1.0,0.5,0.05,0.06,2694.61,2892.65,0.98,0.07,middletemporal_rh_beta_connectivity
1323,paracentral_lh_beta_connectivity,1.0,0.31,0.03,0.02,2732.71,2931.05,0.98,0.06,paracentral_lh_beta_connectivity
1324,paracentral_rh_beta_connectivity,1.0,0.7,0.03,-0.06,2795.72,2993.94,0.97,-0.01,paracentral_rh_beta_connectivity
1325,parahippocampal_lh_beta_connectivity,1.0,0.09,0.04,-0.02,2579.88,2777.76,1.0,0.3,parahippocampal_lh_beta_connectivity
1326,parahippocampal_rh_beta_connectivity,1.0,0.43,0.05,0.1,2619.1,2816.87,0.99,0.17,parahippocampal_rh_beta_connectivity
1327,parsopercularis_lh_beta_connectivity,1.0,0.96,0.01,-0.03,2692.83,2891.21,0.95,0.04,parsopercularis_lh_beta_connectivity
1328,parsopercularis_rh_beta_connectivity,1.0,0.98,0.02,-0.02,2733.49,2931.79,0.98,0.05,parsopercularis_rh_beta_connectivity
1329,parsorbitalis_lh_beta_connectivity,1.0,0.94,0.01,0.02,2727.86,2926.23,0.96,0.01,parsorbitalis_lh_beta_connectivity
1330,parsorbitalis_rh_beta_connectivity,1.0,0.97,0.03,0.03,2724.03,2922.37,0.96,0.01,parsorbitalis_rh_beta_connectivity
1331,parstriangularis_lh_beta_connectivity,1.0,0.93,-0.01,0.06,2720.05,2918.39,0.95,-0.01,parstriangularis_lh_beta_connectivity
1332,parstriangularis_rh_beta_connectivity,1.0,0.09,0.07,0.19,2710.13,2908.54,0.96,-0.06,parstriangularis_rh_beta_connectivity
1333,pericalcarine_lh_beta_connectivity,1.0,0.05,0.05,0.11,2759.17,2957.39,0.98,0.04,pericalcarine_lh_beta_connectivity
1334,pericalcarine_rh_beta_connectivity,1.0,0.4,0.05,0.08,2726.57,2924.49,0.98,0.05,pericalcarine_rh_beta_connectivity
1335,postcentral_lh_beta_connectivity,1.0,0.39,0.04,-0.0,2761.07,2959.37,0.98,0.04,postcentral_lh_beta_connectivity
1336,postcentral_rh_beta_connectivity,1.0,0.69,0.03,0.09,2781.51,2979.81,0.97,-0.02,postcentral_rh_beta_connectivity
1337,posteriorcingulate_lh_beta_connectivity,1.0,0.74,-0.01,-0.07,2784.8,2983.1,0.98,0.07,posteriorcingulate_lh_beta_connectivity
1338,posteriorcingulate_rh_beta_connectivity,1.0,0.43,0.04,0.07,2814.56,3012.83,0.98,0.02,posteriorcingulate_rh_beta_connectivity
1339,precentral_lh_beta_connectivity,1.0,0.13,0.01,0.14,2801.61,2999.91,0.98,0.01,precentral_lh_beta_connectivity
1340,precentral_rh_beta_connectivity,1.0,0.84,0.03,-0.06,2834.68,3032.98,0.97,-0.0,precentral_rh_beta_connectivity
1341,precuneus_lh_beta_connectivity,1.0,0.77,0.02,0.03,2771.05,2969.31,0.97,0.01,precuneus_lh_beta_connectivity
1342,precuneus_rh_beta_connectivity,1.0,0.93,0.02,-0.02,2747.28,2945.39,0.98,0.01,precuneus_rh_beta_connectivity
1343,rostralanteriorcingulate_lh_beta_connectivity,1.0,0.98,0.02,0.02,2702.72,2901.05,0.96,0.01,rostralanteriorcingulate_lh_beta_connectivity
1344,rostralanteriorcingulate_rh_beta_connectivity,1.0,0.97,-0.0,0.06,2760.53,2958.75,0.96,-0.03,rostralanteriorcingulate_rh_beta_connectivity
1345,rostralmiddlefrontal_lh_beta_connectivity,1.0,0.54,0.04,0.04,2754.24,2952.65,0.96,0.02,rostralmiddlefrontal_lh_beta_connectivity
1346,rostralmiddlefrontal_rh_beta_connectivity,1.0,0.97,0.02,0.07,2738.13,2936.47,0.97,0.06,rostralmiddlefrontal_rh_beta_connectivity
1347,superiorfrontal_lh_beta_connectivity,1.0,0.98,0.01,-0.03,2813.77,3012.15,0.97,-0.03,superiorfrontal_lh_beta_connectivity
1348,superiorfrontal_rh_beta_connectivity,1.0,0.61,0.04,0.09,2801.85,3000.03,0.97,-0.01,superiorfrontal_rh_beta_connectivity
1349,superiorparietal_lh_beta_connectivity,1.0,1.0,0.0,-0.02,2780.41,2978.55,0.97,0.01,superiorparietal_lh_beta_connectivity
1350,superiorparietal_rh_beta_connectivity,1.0,0.72,0.02,0.06,2760.63,2958.81,0.98,0.01,superiorparietal_rh_beta_connectivity
1351,superiortemporal_lh_beta_connectivity,1.0,0.44,0.04,0.07,2713.62,2911.92,0.97,0.07,superiortemporal_lh_beta_connectivity
1352,superiortemporal_rh_beta_connectivity,1.0,0.57,0.05,0.04,2743.37,2941.52,0.97,0.01,superiortemporal_rh_beta_connectivity
1353,supramarginal_lh_beta_connectivity,1.0,0.95,0.03,0.03,2841.52,3039.7,0.98,-0.03,supramarginal_lh_beta_connectivity
1354,supramarginal_rh_beta_connectivity,1.0,0.82,0.02,0.02,2746.16,2944.5,0.97,0.06,supramarginal_rh_beta_connectivity
1355,temporalpole_lh_beta_connectivity,1.0,0.58,0.03,0.02,2699.53,2897.64,0.96,0.01,temporalpole_lh_beta_connectivity
1356,temporalpole_rh_beta_connectivity,1.0,0.32,0.01,0.04,2765.53,2963.53,0.98,0.02,temporalpole_rh_beta_connectivity
1357,transversetemporal_lh_beta_connectivity,1.0,0.78,0.01,0.09,2743.25,2941.59,0.98,0.07,transversetemporal_lh_beta_connectivity
1358,transversetemporal_rh_beta_connectivity,1.0,0.16,0.05,0.04,2786.24,2984.58,0.97,0.05,transversetemporal_rh_beta_connectivity
1359,bankssts_lh_gamma_connectivity,1.0,0.1,0.06,0.2,2445.97,2644.27,0.94,0.12,bankssts_lh_gamma_connectivity
1360,bankssts_rh_gamma_connectivity,1.0,0.18,-0.01,0.27,2423.53,2621.87,0.92,-0.0,bankssts_rh_gamma_connectivity
1361,caudalanteriorcingulate_lh_gamma_connectivity,1.0,0.23,0.05,0.15,2562.53,2760.91,0.94,-0.03,caudalanteriorcingulate_lh_gamma_connectivity
1362,caudalanteriorcingulate_rh_gamma_connectivity,1.0,0.02,0.08,0.17,2487.42,2685.61,0.93,-0.02,caudalanteriorcingulate_rh_gamma_connectivity
1363,caudalmiddlefrontal_lh_gamma_connectivity,1.0,0.12,0.08,0.11,2482.36,2680.7,0.96,0.16,caudalmiddlefrontal_lh_gamma_connectivity
1364,caudalmiddlefrontal_rh_gamma_connectivity,1.0,0.01,0.07,0.4,2414.17,2612.51,0.95,0.15,caudalmiddlefrontal_rh_gamma_connectivity
1365,cuneus_lh_gamma_connectivity,1.0,0.05,0.06,0.24,2521.95,2720.29,0.96,0.12,cuneus_lh_gamma_connectivity
1366,cuneus_rh_gamma_connectivity,1.0,0.38,0.02,0.23,2527.05,2725.35,0.96,0.25,cuneus_rh_gamma_connectivity
1367,entorhinal_lh_gamma_connectivity,1.0,0.02,0.08,0.32,2458.39,2656.61,0.92,0.03,entorhinal_lh_gamma_connectivity
1368,entorhinal_rh_gamma_connectivity,1.0,0.0,0.08,0.31,2450.42,2648.68,0.92,-0.01,entorhinal_rh_gamma_connectivity
1369,frontalpole_lh_gamma_connectivity,1.0,0.01,0.14,0.29,2186.13,2381.22,0.93,0.15,frontalpole_lh_gamma_connectivity
1370,frontalpole_rh_gamma_connectivity,1.0,0.0,0.11,0.28,2454.33,2652.59,0.92,0.06,frontalpole_rh_gamma_connectivity
1371,fusiform_lh_gamma_connectivity,1.0,0.85,0.0,0.04,2524.67,2723.0,0.92,0.09,fusiform_lh_gamma_connectivity
1372,fusiform_rh_gamma_connectivity,1.0,0.05,0.09,0.26,2464.66,2663.04,0.93,0.19,fusiform_rh_gamma_connectivity
1373,inferiorparietal_lh_gamma_connectivity,1.0,0.36,0.06,0.16,2514.85,2713.19,0.93,0.0,inferiorparietal_lh_gamma_connectivity
1374,inferiorparietal_rh_gamma_connectivity,1.0,0.05,0.08,0.21,2417.07,2615.33,0.92,0.09,inferiorparietal_rh_gamma_connectivity
1375,inferiortemporal_lh_gamma_connectivity,1.0,0.84,0.04,0.03,2488.18,2686.55,0.93,0.11,inferiortemporal_lh_gamma_connectivity
1376,inferiortemporal_rh_gamma_connectivity,1.0,0.03,0.06,0.35,2518.04,2716.41,0.92,0.08,inferiortemporal_rh_gamma_connectivity
1377,insula_lh_gamma_connectivity,1.0,0.03,0.08,0.25,2435.83,2634.02,0.93,0.09,insula_lh_gamma_connectivity
1378,insula_rh_gamma_connectivity,1.0,0.12,0.04,0.29,2467.93,2666.23,0.92,-0.01,insula_rh_gamma_connectivity
1379,isthmuscingulate_lh_gamma_connectivity,1.0,0.59,0.05,0.15,2568.95,2767.28,0.95,0.14,isthmuscingulate_lh_gamma_connectivity
1380,isthmuscingulate_rh_gamma_connectivity,1.0,0.18,0.05,0.21,2520.86,2719.24,0.95,0.22,isthmuscingulate_rh_gamma_connectivity
1381,lateraloccipital_lh_gamma_connectivity,1.0,0.02,0.1,0.24,2447.06,2645.4,0.93,0.15,lateraloccipital_lh_gamma_connectivity
1382,lateraloccipital_rh_gamma_connectivity,1.0,0.85,0.04,0.05,2409.36,2607.74,0.93,0.19,lateraloccipital_rh_gamma_connectivity
1383,lateralorbitofrontal_lh_gamma_connectivity,1.0,0.29,0.01,0.21,2461.04,2659.31,0.9,-0.09,lateralorbitofrontal_lh_gamma_connectivity
1384,lateralorbitofrontal_rh_gamma_connectivity,1.0,0.03,0.07,0.3,2471.91,2670.25,0.9,-0.02,lateralorbitofrontal_rh_gamma_connectivity
1385,lingual_lh_gamma_connectivity,1.0,0.07,0.07,0.24,2495.82,2694.16,0.92,0.1,lingual_lh_gamma_connectivity
1386,lingual_rh_gamma_connectivity,1.0,0.05,0.09,0.2,2479.69,2678.03,0.94,0.24,lingual_rh_gamma_connectivity
1387,medialorbitofrontal_lh_gamma_connectivity,1.0,0.08,0.06,0.28,2438.38,2636.68,0.91,-0.05,medialorbitofrontal_lh_gamma_connectivity
1388,medialorbitofrontal_rh_gamma_connectivity,1.0,0.1,0.05,0.28,2374.01,2572.35,0.93,0.15,medialorbitofrontal_rh_gamma_connectivity
1389,middletemporal_lh_gamma_connectivity,1.0,0.04,0.09,0.05,2484.85,2683.19,0.93,0.12,middletemporal_lh_gamma_connectivity
1390,middletemporal_rh_gamma_connectivity,1.0,0.67,0.0,0.06,2393.95,2592.28,0.93,0.26,middletemporal_rh_gamma_connectivity
1391,paracentral_lh_gamma_connectivity,1.0,0.01,0.09,0.23,2625.85,2823.96,0.95,0.01,paracentral_lh_gamma_connectivity
1392,paracentral_rh_gamma_connectivity,1.0,0.02,0.09,0.15,2596.12,2794.35,0.96,0.07,paracentral_rh_gamma_connectivity
1393,parahippocampal_lh_gamma_connectivity,1.0,0.51,0.04,-0.05,2517.42,2715.75,0.91,0.07,parahippocampal_lh_gamma_connectivity
1394,parahippocampal_rh_gamma_connectivity,1.0,0.33,0.08,0.15,2497.96,2696.34,0.94,0.27,parahippocampal_rh_gamma_connectivity
1395,parsopercularis_lh_gamma_connectivity,1.0,0.77,0.01,0.07,2467.48,2665.82,0.93,0.06,parsopercularis_lh_gamma_connectivity
1396,parsopercularis_rh_gamma_connectivity,1.0,0.02,0.03,0.29,2471.59,2669.92,0.92,0.01,parsopercularis_rh_gamma_connectivity
1397,parsorbitalis_lh_gamma_connectivity,1.0,0.33,0.03,0.18,2494.09,2692.46,0.92,0.01,parsorbitalis_lh_gamma_connectivity
1398,parsorbitalis_rh_gamma_connectivity,1.0,0.03,0.08,0.21,2355.38,2553.68,0.91,-0.01,parsorbitalis_rh_gamma_connectivity
1399,parstriangularis_lh_gamma_connectivity,1.0,0.27,0.06,0.09,2464.42,2662.76,0.92,0.04,parstriangularis_lh_gamma_connectivity
1400,parstriangularis_rh_gamma_connectivity,1.0,0.05,0.04,0.21,2371.21,2569.47,0.92,0.11,parstriangularis_rh_gamma_connectivity
1401,pericalcarine_lh_gamma_connectivity,1.0,0.77,0.04,0.03,2533.3,2731.64,0.93,0.12,pericalcarine_lh_gamma_connectivity
1402,pericalcarine_rh_gamma_connectivity,1.0,0.91,-0.01,0.08,2462.95,2661.25,0.94,0.2,pericalcarine_rh_gamma_connectivity
1403,postcentral_lh_gamma_connectivity,1.0,0.19,0.06,0.24,2500.89,2699.27,0.94,0.04,postcentral_lh_gamma_connectivity
1404,postcentral_rh_gamma_connectivity,1.0,0.48,0.01,0.17,2527.89,2726.16,0.94,0.06,postcentral_rh_gamma_connectivity
1405,posteriorcingulate_lh_gamma_connectivity,1.0,0.2,0.07,0.19,2580.86,2779.24,0.96,0.08,posteriorcingulate_lh_gamma_connectivity
1406,posteriorcingulate_rh_gamma_connectivity,1.0,0.18,0.05,0.02,2619.78,2817.97,0.95,-0.03,posteriorcingulate_rh_gamma_connectivity
1407,precentral_lh_gamma_connectivity,1.0,0.24,0.05,0.14,2520.16,2718.46,0.94,0.09,precentral_lh_gamma_connectivity
1408,precentral_rh_gamma_connectivity,1.0,0.01,0.09,0.16,2575.75,2774.01,0.94,-0.01,precentral_rh_gamma_connectivity
1409,precuneus_lh_gamma_connectivity,1.0,0.37,0.05,-0.02,2569.49,2767.86,0.96,0.12,precuneus_lh_gamma_connectivity
1410,precuneus_rh_gamma_connectivity,1.0,0.69,0.03,0.09,2579.84,2778.06,0.95,0.21,precuneus_rh_gamma_connectivity
1411,rostralanteriorcingulate_lh_gamma_connectivity,1.0,0.04,0.07,0.25,2456.39,2654.73,0.91,-0.04,rostralanteriorcingulate_lh_gamma_connectivity
1412,rostralanteriorcingulate_rh_gamma_connectivity,1.0,0.01,0.1,0.26,2433.88,2632.22,0.92,0.02,rostralanteriorcingulate_rh_gamma_connectivity
1413,rostralmiddlefrontal_lh_gamma_connectivity,1.0,0.11,0.06,0.17,2426.57,2624.95,0.92,0.06,rostralmiddlefrontal_lh_gamma_connectivity
1414,rostralmiddlefrontal_rh_gamma_connectivity,1.0,0.01,0.1,0.35,2466.53,2664.79,0.92,-0.04,rostralmiddlefrontal_rh_gamma_connectivity
1415,superiorfrontal_lh_gamma_connectivity,1.0,0.13,0.08,0.16,2520.7,2719.04,0.93,0.02,superiorfrontal_lh_gamma_connectivity
1416,superiorfrontal_rh_gamma_connectivity,1.0,0.2,0.02,0.18,2478.37,2676.64,0.93,-0.01,superiorfrontal_rh_gamma_connectivity
1417,superiorparietal_lh_gamma_connectivity,1.0,0.55,0.06,0.09,2494.28,2692.69,0.96,0.28,superiorparietal_lh_gamma_connectivity
1418,superiorparietal_rh_gamma_connectivity,1.0,0.1,0.08,0.12,2576.22,2774.36,0.96,0.14,superiorparietal_rh_gamma_connectivity
1419,superiortemporal_lh_gamma_connectivity,1.0,0.21,0.07,0.08,2511.69,2709.99,0.93,0.08,superiortemporal_lh_gamma_connectivity
1420,superiortemporal_rh_gamma_connectivity,1.0,0.01,0.11,0.23,2513.59,2711.85,0.92,0.01,superiortemporal_rh_gamma_connectivity
1421,supramarginal_lh_gamma_connectivity,1.0,0.04,0.05,0.27,2522.98,2721.28,0.94,0.12,supramarginal_lh_gamma_connectivity
1422,supramarginal_rh_gamma_connectivity,1.0,0.0,0.08,0.39,2435.82,2634.12,0.93,0.11,supramarginal_rh_gamma_connectivity
1423,temporalpole_lh_gamma_connectivity,1.0,0.03,0.09,0.19,2497.71,2696.04,0.92,-0.06,temporalpole_lh_gamma_connectivity
1424,temporalpole_rh_gamma_connectivity,1.0,0.1,0.03,0.33,2439.48,2637.75,0.9,-0.07,temporalpole_rh_gamma_connectivity
1425,transversetemporal_lh_gamma_connectivity,1.0,0.43,0.03,0.18,2569.84,2768.18,0.95,0.12,transversetemporal_lh_gamma_connectivity
1426,transversetemporal_rh_gamma_connectivity,1.0,0.09,0.08,0.21,2568.39,2766.73,0.93,0.01,transversetemporal_rh_gamma_connectivity
1427,bankssts_lh_all_connectivity,1.0,0.03,0.09,0.14,2546.03,2744.36,0.93,0.04,bankssts_lh_all_connectivity
1428,bankssts_rh_all_connectivity,1.0,0.28,0.04,0.2,2527.22,2725.6,0.92,0.02,bankssts_rh_all_connectivity
1429,caudalanteriorcingulate_lh_all_connectivity,1.0,0.0,0.06,0.38,2594.79,2793.13,0.9,-0.12,caudalanteriorcingulate_lh_all_connectivity
1430,caudalanteriorcingulate_rh_all_connectivity,1.0,0.01,0.09,0.25,2537.51,2735.85,0.91,-0.1,caudalanteriorcingulate_rh_all_connectivity
1431,caudalmiddlefrontal_lh_all_connectivity,1.0,0.07,0.08,0.11,2557.39,2755.77,0.91,-0.02,caudalmiddlefrontal_lh_all_connectivity
1432,caudalmiddlefrontal_rh_all_connectivity,1.0,0.1,0.06,0.23,2568.72,2767.06,0.92,-0.02,caudalmiddlefrontal_rh_all_connectivity
1433,cuneus_lh_all_connectivity,1.0,0.07,0.08,0.11,2551.46,2749.76,0.93,0.03,cuneus_lh_all_connectivity
1434,cuneus_rh_all_connectivity,1.0,0.05,0.09,0.15,2543.41,2741.71,0.93,0.06,cuneus_rh_all_connectivity
1435,entorhinal_lh_all_connectivity,1.0,0.02,0.07,0.13,2574.71,2773.01,0.9,-0.08,entorhinal_lh_all_connectivity
1436,entorhinal_rh_all_connectivity,1.0,0.03,0.09,0.19,2575.91,2774.21,0.9,-0.06,entorhinal_rh_all_connectivity
1437,frontalpole_lh_all_connectivity,1.0,0.01,0.12,0.19,2290.09,2485.1,0.89,-0.02,frontalpole_lh_all_connectivity
1438,frontalpole_rh_all_connectivity,1.0,0.05,0.08,0.19,2517.58,2715.88,0.89,-0.03,frontalpole_rh_all_connectivity
1439,fusiform_lh_all_connectivity,1.0,0.24,0.07,0.07,2577.18,2775.52,0.94,0.17,fusiform_lh_all_connectivity
1440,fusiform_rh_all_connectivity,1.0,0.09,0.06,0.23,2533.96,2732.29,0.95,0.15,fusiform_rh_all_connectivity
1441,inferiorparietal_lh_all_connectivity,1.0,0.11,0.07,0.15,2577.09,2775.43,0.92,0.02,inferiorparietal_lh_all_connectivity
1442,inferiorparietal_rh_all_connectivity,1.0,0.12,0.03,0.27,2578.29,2776.63,0.92,0.01,inferiorparietal_rh_all_connectivity
1443,inferiortemporal_lh_all_connectivity,1.0,0.82,0.03,0.02,2588.71,2787.05,0.94,0.05,inferiortemporal_lh_all_connectivity
1444,inferiortemporal_rh_all_connectivity,1.0,0.09,0.07,0.2,2599.76,2798.1,0.93,0.01,inferiortemporal_rh_all_connectivity
1445,insula_lh_all_connectivity,1.0,0.06,0.09,0.12,2548.33,2746.63,0.91,-0.04,insula_lh_all_connectivity
1446,insula_rh_all_connectivity,1.0,0.09,0.05,0.24,2559.6,2757.9,0.9,-0.03,insula_rh_all_connectivity
1447,isthmuscingulate_lh_all_connectivity,1.0,0.31,0.06,0.07,2589.31,2787.58,0.95,0.2,isthmuscingulate_lh_all_connectivity
1448,isthmuscingulate_rh_all_connectivity,1.0,1.0,0.03,0.02,2599.29,2797.52,0.94,0.03,isthmuscingulate_rh_all_connectivity
1449,lateraloccipital_lh_all_connectivity,1.0,0.0,0.1,0.24,2553.96,2752.3,0.91,0.0,lateraloccipital_lh_all_connectivity
1450,lateraloccipital_rh_all_connectivity,1.0,0.15,0.02,0.1,2563.93,2762.3,0.9,-0.07,lateraloccipital_rh_all_connectivity
1451,lateralorbitofrontal_lh_all_connectivity,1.0,0.04,0.07,0.24,2528.79,2727.2,0.89,-0.07,lateralorbitofrontal_lh_all_connectivity
1452,lateralorbitofrontal_rh_all_connectivity,1.0,0.04,0.08,0.2,2568.63,2767.0,0.9,-0.01,lateralorbitofrontal_rh_all_connectivity
1453,lingual_lh_all_connectivity,1.0,0.28,0.07,0.06,2572.58,2770.91,0.94,0.15,lingual_lh_all_connectivity
1454,lingual_rh_all_connectivity,1.0,0.55,0.05,0.15,2550.32,2748.62,0.94,0.12,lingual_rh_all_connectivity
1455,medialorbitofrontal_lh_all_connectivity,1.0,0.09,0.07,0.16,2471.48,2669.9,0.89,-0.07,medialorbitofrontal_lh_all_connectivity
1456,medialorbitofrontal_rh_all_connectivity,1.0,0.02,0.08,0.2,2515.51,2713.92,0.89,-0.1,medialorbitofrontal_rh_all_connectivity
1457,middletemporal_lh_all_connectivity,1.0,0.15,0.05,0.04,2560.51,2758.89,0.92,0.02,middletemporal_lh_all_connectivity
1458,middletemporal_rh_all_connectivity,1.0,0.03,0.07,0.17,2518.7,2717.08,0.93,0.08,middletemporal_rh_all_connectivity
1459,paracentral_lh_all_connectivity,1.0,0.17,0.05,-0.09,2601.9,2800.2,0.92,-0.0,paracentral_lh_all_connectivity
1460,paracentral_rh_all_connectivity,1.0,0.82,0.04,-0.0,2639.13,2837.4,0.93,-0.05,paracentral_rh_all_connectivity
1461,parahippocampal_lh_all_connectivity,1.0,0.15,0.08,0.1,2562.92,2761.3,0.94,0.17,parahippocampal_lh_all_connectivity
1462,parahippocampal_rh_all_connectivity,1.0,0.08,0.09,0.08,2552.5,2750.84,0.95,0.14,parahippocampal_rh_all_connectivity
1463,parsopercularis_lh_all_connectivity,1.0,0.16,0.02,0.15,2501.75,2700.09,0.89,-0.06,parsopercularis_lh_all_connectivity
1464,parsopercularis_rh_all_connectivity,1.0,0.1,0.07,0.17,2551.62,2749.99,0.9,-0.08,parsopercularis_rh_all_connectivity
1465,parsorbitalis_lh_all_connectivity,1.0,0.19,-0.01,0.19,2530.52,2728.94,0.9,-0.05,parsorbitalis_lh_all_connectivity
1466,parsorbitalis_rh_all_connectivity,1.0,0.05,0.08,0.18,2508.93,2707.26,0.89,-0.05,parsorbitalis_rh_all_connectivity
1467,parstriangularis_lh_all_connectivity,1.0,0.02,0.05,0.28,2471.76,2670.14,0.88,-0.12,parstriangularis_lh_all_connectivity
1468,parstriangularis_rh_all_connectivity,1.0,0.01,0.1,0.31,2488.04,2686.42,0.89,-0.03,parstriangularis_rh_all_connectivity
1469,pericalcarine_lh_all_connectivity,1.0,0.46,0.03,0.11,2579.64,2777.98,0.92,0.04,pericalcarine_lh_all_connectivity
1470,pericalcarine_rh_all_connectivity,1.0,0.17,0.07,0.2,2549.98,2748.24,0.92,0.06,pericalcarine_rh_all_connectivity
1471,postcentral_lh_all_connectivity,1.0,0.06,0.08,0.03,2594.93,2793.27,0.92,-0.01,postcentral_lh_all_connectivity
1472,postcentral_rh_all_connectivity,1.0,0.34,0.06,0.14,2559.31,2757.65,0.91,-0.01,postcentral_rh_all_connectivity
1473,posteriorcingulate_lh_all_connectivity,1.0,0.74,0.04,-0.0,2663.71,2862.05,0.93,-0.03,posteriorcingulate_lh_all_connectivity
1474,posteriorcingulate_rh_all_connectivity,1.0,0.79,0.03,-0.01,2694.08,2892.38,0.94,-0.03,posteriorcingulate_rh_all_connectivity
1475,precentral_lh_all_connectivity,1.0,0.11,0.07,0.07,2603.79,2802.16,0.92,-0.01,precentral_lh_all_connectivity
1476,precentral_rh_all_connectivity,1.0,0.11,0.08,0.1,2665.03,2863.37,0.93,-0.04,precentral_rh_all_connectivity
1477,precuneus_lh_all_connectivity,1.0,0.21,0.06,0.06,2613.73,2812.07,0.94,0.0,precuneus_lh_all_connectivity
1478,precuneus_rh_all_connectivity,1.0,0.39,0.06,0.13,2625.73,2823.96,0.93,0.06,precuneus_rh_all_connectivity
1479,rostralanteriorcingulate_lh_all_connectivity,1.0,0.0,0.09,0.24,2479.48,2677.9,0.89,-0.05,rostralanteriorcingulate_lh_all_connectivity
1480,rostralanteriorcingulate_rh_all_connectivity,1.0,0.01,0.12,0.25,2509.6,2707.98,0.89,-0.07,rostralanteriorcingulate_rh_all_connectivity
1481,rostralmiddlefrontal_lh_all_connectivity,1.0,0.01,0.03,0.36,2487.17,2685.59,0.89,-0.04,rostralmiddlefrontal_lh_all_connectivity
1482,rostralmiddlefrontal_rh_all_connectivity,1.0,0.06,0.08,0.2,2515.48,2713.82,0.9,-0.02,rostralmiddlefrontal_rh_all_connectivity
1483,superiorfrontal_lh_all_connectivity,1.0,0.11,0.06,0.15,2566.41,2764.78,0.9,-0.1,superiorfrontal_lh_all_connectivity
1484,superiorfrontal_rh_all_connectivity,0.99,0.0,0.12,0.25,2537.24,2735.54,0.9,-0.07,superiorfrontal_rh_all_connectivity
1485,superiorparietal_lh_all_connectivity,1.0,0.66,0.04,0.04,2609.3,2807.67,0.95,0.04,superiorparietal_lh_all_connectivity
1486,superiorparietal_rh_all_connectivity,1.0,0.06,0.09,0.09,2648.23,2846.53,0.94,0.05,superiorparietal_rh_all_connectivity
1487,superiortemporal_lh_all_connectivity,1.0,0.06,0.08,0.07,2584.29,2782.63,0.91,-0.03,superiortemporal_lh_all_connectivity
1488,superiortemporal_rh_all_connectivity,1.0,0.03,0.09,0.25,2557.4,2755.66,0.91,0.01,superiortemporal_rh_all_connectivity
1489,supramarginal_lh_all_connectivity,1.0,0.07,0.06,0.15,2639.63,2837.89,0.92,-0.03,supramarginal_lh_all_connectivity
1490,supramarginal_rh_all_connectivity,1.0,0.28,0.08,0.08,2579.97,2778.3,0.92,0.0,supramarginal_rh_all_connectivity
1491,temporalpole_lh_all_connectivity,1.0,0.04,0.09,0.16,2511.27,2709.69,0.89,-0.05,temporalpole_lh_all_connectivity
1492,temporalpole_rh_all_connectivity,1.0,0.15,0.05,0.14,2569.46,2767.72,0.89,-0.09,temporalpole_rh_all_connectivity
1493,transversetemporal_lh_all_connectivity,1.0,0.62,0.01,0.14,2652.39,2850.69,0.93,-0.0,transversetemporal_lh_all_connectivity
1494,transversetemporal_rh_all_connectivity,1.0,0.0,0.11,0.18,2621.4,2819.78,0.91,-0.05,transversetemporal_rh_all_connectivity
1495,bankssts_lh_delta_entropy,1.0,0.89,-0.02,0.07,2866.93,3065.23,0.97,-0.09,bankssts_lh_delta_entropy
1496,bankssts_rh_delta_entropy,1.0,0.35,0.03,0.03,2891.96,3090.3,0.97,-0.07,bankssts_rh_delta_entropy
1497,caudalanteriorcingulate_lh_delta_entropy,1.0,0.88,0.03,-0.01,2895.64,3094.01,0.97,-0.07,caudalanteriorcingulate_lh_delta_entropy
1498,caudalanteriorcingulate_rh_delta_entropy,1.0,0.82,-0.03,0.03,2921.03,3119.48,0.98,-0.07,caudalanteriorcingulate_rh_delta_entropy
1499,caudalmiddlefrontal_lh_delta_entropy,1.0,0.79,0.02,0.08,2856.74,3055.16,0.96,-0.09,caudalmiddlefrontal_lh_delta_entropy
1500,caudalmiddlefrontal_rh_delta_entropy,1.0,0.6,0.01,0.15,2877.7,3076.11,0.96,-0.08,caudalmiddlefrontal_rh_delta_entropy
1501,cuneus_lh_delta_entropy,1.0,0.77,-0.02,0.01,2893.7,3092.08,0.98,-0.07,cuneus_lh_delta_entropy
1502,cuneus_rh_delta_entropy,1.0,0.88,0.01,0.03,2905.08,3103.53,0.98,-0.08,cuneus_rh_delta_entropy
1503,entorhinal_lh_delta_entropy,1.0,0.66,-0.0,0.04,2921.33,3119.74,0.97,-0.05,entorhinal_lh_delta_entropy
1504,entorhinal_rh_delta_entropy,1.0,0.32,-0.0,0.15,2898.4,3096.7,0.97,-0.07,entorhinal_rh_delta_entropy
1505,frontalpole_lh_delta_entropy,1.0,0.46,-0.02,0.11,2680.6,2875.73,0.98,-0.07,frontalpole_lh_delta_entropy
1506,frontalpole_rh_delta_entropy,1.0,0.97,-0.01,-0.01,2920.21,3118.51,0.98,-0.07,frontalpole_rh_delta_entropy
1507,fusiform_lh_delta_entropy,1.0,0.65,-0.05,-0.0,2952.97,3151.34,0.99,-0.04,fusiform_lh_delta_entropy
1508,fusiform_rh_delta_entropy,1.0,0.31,-0.04,0.03,2920.39,3118.76,0.98,-0.07,fusiform_rh_delta_entropy
1509,inferiorparietal_lh_delta_entropy,1.0,0.73,-0.03,-0.05,2873.6,3072.02,0.96,-0.07,inferiorparietal_lh_delta_entropy
1510,inferiorparietal_rh_delta_entropy,1.0,0.33,0.04,0.17,2868.39,3066.77,0.95,-0.09,inferiorparietal_rh_delta_entropy
1511,inferiortemporal_lh_delta_entropy,1.0,0.91,-0.03,0.01,2882.59,3081.0,0.97,-0.07,inferiortemporal_lh_delta_entropy
1512,inferiortemporal_rh_delta_entropy,1.0,0.8,0.03,0.08,2907.48,3105.89,0.98,-0.07,inferiortemporal_rh_delta_entropy
1513,insula_lh_delta_entropy,1.0,0.35,-0.06,0.04,2887.94,3086.2,0.96,-0.05,insula_lh_delta_entropy
1514,insula_rh_delta_entropy,1.0,0.91,-0.02,0.09,2899.24,3097.62,0.97,-0.06,insula_rh_delta_entropy
1515,isthmuscingulate_lh_delta_entropy,1.0,0.92,0.0,0.09,2909.76,3108.13,0.97,-0.07,isthmuscingulate_lh_delta_entropy
1516,isthmuscingulate_rh_delta_entropy,1.0,0.39,-0.03,-0.04,2916.52,3114.97,0.97,-0.07,isthmuscingulate_rh_delta_entropy
1517,lateraloccipital_lh_delta_entropy,1.0,0.2,0.07,0.12,2872.04,3070.49,0.97,-0.08,lateraloccipital_lh_delta_entropy
1518,lateraloccipital_rh_delta_entropy,1.0,0.9,-0.01,0.09,2825.0,3023.38,0.97,-0.11,lateraloccipital_rh_delta_entropy
1519,lateralorbitofrontal_lh_delta_entropy,1.0,0.98,-0.02,0.03,2933.89,3132.15,0.99,-0.06,lateralorbitofrontal_lh_delta_entropy
1520,lateralorbitofrontal_rh_delta_entropy,1.0,0.76,-0.01,0.02,2889.23,3087.68,0.97,-0.08,lateralorbitofrontal_rh_delta_entropy
1521,lingual_lh_delta_entropy,1.0,0.81,-0.02,0.02,2919.4,3117.81,0.98,-0.04,lingual_lh_delta_entropy
1522,lingual_rh_delta_entropy,1.0,0.25,0.01,0.19,2918.08,3116.34,0.98,-0.06,lingual_rh_delta_entropy
1523,medialorbitofrontal_lh_delta_entropy,1.0,0.19,-0.02,0.08,2913.49,3111.83,0.98,-0.06,medialorbitofrontal_lh_delta_entropy
1524,medialorbitofrontal_rh_delta_entropy,1.0,0.7,-0.02,0.1,2927.97,3126.34,0.98,-0.06,medialorbitofrontal_rh_delta_entropy
1525,middletemporal_lh_delta_entropy,1.0,0.24,-0.04,0.15,2885.14,3083.55,0.97,-0.08,middletemporal_lh_delta_entropy
1526,middletemporal_rh_delta_entropy,1.0,0.36,-0.0,0.18,2904.76,3103.14,0.98,-0.05,middletemporal_rh_delta_entropy
1527,paracentral_lh_delta_entropy,1.0,0.77,0.0,-0.05,2881.81,3080.19,0.96,-0.08,paracentral_lh_delta_entropy
1528,paracentral_rh_delta_entropy,1.0,0.88,0.02,0.02,2844.55,3042.93,0.96,-0.1,paracentral_rh_delta_entropy
1529,parahippocampal_lh_delta_entropy,1.0,0.84,-0.0,0.07,2901.36,3099.66,0.99,-0.04,parahippocampal_lh_delta_entropy
1530,parahippocampal_rh_delta_entropy,1.0,0.9,-0.02,-0.04,2884.21,3082.62,0.97,-0.09,parahippocampal_rh_delta_entropy
1531,parsopercularis_lh_delta_entropy,1.0,0.86,-0.03,0.01,2898.82,3097.23,0.96,-0.07,parsopercularis_lh_delta_entropy
1532,parsopercularis_rh_delta_entropy,1.0,0.96,0.0,0.02,2888.43,3086.88,0.98,-0.08,parsopercularis_rh_delta_entropy
1533,parsorbitalis_lh_delta_entropy,1.0,0.52,0.01,0.15,2840.19,3038.64,0.98,-0.1,parsorbitalis_lh_delta_entropy
1534,parsorbitalis_rh_delta_entropy,1.0,0.73,-0.02,0.13,2907.87,3106.25,0.98,-0.07,parsorbitalis_rh_delta_entropy
1535,parstriangularis_lh_delta_entropy,1.0,0.95,0.03,0.03,2912.07,3110.49,0.97,-0.07,parstriangularis_lh_delta_entropy
1536,parstriangularis_rh_delta_entropy,1.0,0.15,0.04,0.16,2889.08,3087.5,0.98,-0.06,parstriangularis_rh_delta_entropy
1537,pericalcarine_lh_delta_entropy,1.0,0.32,-0.06,-0.06,2862.53,3060.94,0.96,-0.09,pericalcarine_lh_delta_entropy
1538,pericalcarine_rh_delta_entropy,1.0,0.26,-0.07,0.06,2906.39,3104.8,0.97,-0.07,pericalcarine_rh_delta_entropy
1539,postcentral_lh_delta_entropy,1.0,0.35,-0.04,0.11,2891.03,3089.44,0.97,-0.08,postcentral_lh_delta_entropy
1540,postcentral_rh_delta_entropy,1.0,0.92,0.02,0.04,2848.13,3046.5,0.97,-0.1,postcentral_rh_delta_entropy
1541,posteriorcingulate_lh_delta_entropy,1.0,0.91,-0.01,0.05,2856.42,3054.76,0.96,-0.08,posteriorcingulate_lh_delta_entropy
1542,posteriorcingulate_rh_delta_entropy,1.0,0.71,0.02,0.1,2886.55,3084.81,0.96,-0.08,posteriorcingulate_rh_delta_entropy
1543,precentral_lh_delta_entropy,1.0,0.95,-0.03,0.02,2857.64,3056.09,0.96,-0.09,precentral_lh_delta_entropy
1544,precentral_rh_delta_entropy,1.0,0.89,0.02,-0.02,2872.76,3071.14,0.95,-0.09,precentral_rh_delta_entropy
1545,precuneus_lh_delta_entropy,1.0,0.08,-0.03,0.23,2871.27,3069.57,0.95,-0.08,precuneus_lh_delta_entropy
1546,precuneus_rh_delta_entropy,1.0,0.71,0.02,-0.05,2868.65,3067.1,0.97,-0.08,precuneus_rh_delta_entropy
1547,rostralanteriorcingulate_lh_delta_entropy,1.0,0.12,0.04,0.2,2915.59,3113.97,0.98,-0.07,rostralanteriorcingulate_lh_delta_entropy
1548,rostralanteriorcingulate_rh_delta_entropy,1.0,0.07,-0.05,0.14,2953.64,3151.94,0.99,-0.04,rostralanteriorcingulate_rh_delta_entropy
1549,rostralmiddlefrontal_lh_delta_entropy,1.0,0.44,0.03,0.1,2929.34,3127.72,0.98,-0.06,rostralmiddlefrontal_lh_delta_entropy
1550,rostralmiddlefrontal_rh_delta_entropy,1.0,0.95,0.01,-0.01,2900.84,3099.29,0.98,-0.08,rostralmiddlefrontal_rh_delta_entropy
1551,superiorfrontal_lh_delta_entropy,1.0,0.85,-0.02,-0.01,2903.24,3101.65,0.97,-0.07,superiorfrontal_lh_delta_entropy
1552,superiorfrontal_rh_delta_entropy,1.0,1.0,-0.01,-0.02,2933.36,3131.81,0.97,-0.07,superiorfrontal_rh_delta_entropy
1553,superiorparietal_lh_delta_entropy,1.0,0.71,-0.0,0.1,2833.73,3032.1,0.94,-0.1,superiorparietal_lh_delta_entropy
1554,superiorparietal_rh_delta_entropy,1.0,0.86,-0.01,0.02,2886.8,3085.25,0.97,-0.08,superiorparietal_rh_delta_entropy
1555,superiortemporal_lh_delta_entropy,1.0,0.99,-0.0,-0.03,2900.22,3098.64,0.98,-0.08,superiortemporal_lh_delta_entropy
1556,superiortemporal_rh_delta_entropy,1.0,0.59,0.03,0.05,2880.84,3079.21,0.98,-0.09,superiortemporal_rh_delta_entropy
1557,supramarginal_lh_delta_entropy,1.0,0.63,-0.02,0.11,2860.54,3058.87,0.95,-0.08,supramarginal_lh_delta_entropy
1558,supramarginal_rh_delta_entropy,1.0,0.76,-0.04,0.02,2903.86,3102.31,0.97,-0.08,supramarginal_rh_delta_entropy
1559,temporalpole_lh_delta_entropy,1.0,0.89,-0.01,0.08,2929.05,3127.46,0.98,-0.06,temporalpole_lh_delta_entropy
1560,temporalpole_rh_delta_entropy,1.0,0.41,0.03,0.09,2907.89,3106.31,0.98,-0.07,temporalpole_rh_delta_entropy
1561,transversetemporal_lh_delta_entropy,1.0,0.99,-0.0,-0.0,2923.24,3121.69,0.98,-0.06,transversetemporal_lh_delta_entropy
1562,transversetemporal_rh_delta_entropy,1.0,0.14,-0.04,0.24,2853.25,3051.63,0.96,-0.09,transversetemporal_rh_delta_entropy
1563,bankssts_lh_theta_entropy,1.0,0.13,0.01,0.09,2855.63,3054.01,0.95,-0.05,bankssts_lh_theta_entropy
1564,bankssts_rh_theta_entropy,1.0,0.58,-0.01,0.12,2838.26,3036.71,0.95,-0.07,bankssts_rh_theta_entropy
1565,caudalanteriorcingulate_lh_theta_entropy,1.0,0.88,-0.02,-0.03,2922.32,3120.73,0.97,-0.05,caudalanteriorcingulate_lh_theta_entropy
1566,caudalanteriorcingulate_rh_theta_entropy,1.0,0.44,-0.05,0.02,2915.27,3113.68,0.97,-0.04,caudalanteriorcingulate_rh_theta_entropy
1567,caudalmiddlefrontal_lh_theta_entropy,1.0,0.27,-0.05,0.08,2926.37,3124.79,0.98,-0.04,caudalmiddlefrontal_lh_theta_entropy
1568,caudalmiddlefrontal_rh_theta_entropy,1.0,0.96,0.0,-0.05,2919.25,3117.66,0.98,-0.04,caudalmiddlefrontal_rh_theta_entropy
1569,cuneus_lh_theta_entropy,1.0,0.89,0.02,-0.06,2798.76,2997.1,0.95,-0.05,cuneus_lh_theta_entropy
1570,cuneus_rh_theta_entropy,1.0,0.7,0.01,-0.06,2751.67,2950.12,0.95,-0.09,cuneus_rh_theta_entropy
1571,entorhinal_lh_theta_entropy,1.0,0.8,-0.02,-0.04,2811.76,3010.17,0.93,-0.09,entorhinal_lh_theta_entropy
1572,entorhinal_rh_theta_entropy,1.0,0.34,-0.04,-0.05,2784.79,2983.17,0.92,-0.11,entorhinal_rh_theta_entropy
1573,frontalpole_lh_theta_entropy,1.0,0.9,-0.01,-0.03,2679.43,2874.52,0.97,-0.07,frontalpole_lh_theta_entropy
1574,frontalpole_rh_theta_entropy,1.0,0.8,0.04,0.02,2867.15,3065.52,0.96,-0.03,frontalpole_rh_theta_entropy
1575,fusiform_lh_theta_entropy,1.0,0.54,0.03,0.05,2853.01,3051.42,0.92,-0.1,fusiform_lh_theta_entropy
1576,fusiform_rh_theta_entropy,1.0,0.96,-0.01,-0.01,2814.46,3012.88,0.92,-0.1,fusiform_rh_theta_entropy
1577,inferiorparietal_lh_theta_entropy,1.0,0.97,0.0,-0.05,2847.07,3045.44,0.96,-0.03,inferiorparietal_lh_theta_entropy
1578,inferiorparietal_rh_theta_entropy,1.0,0.99,-0.01,-0.05,2866.97,3065.35,0.94,-0.07,inferiorparietal_rh_theta_entropy
1579,inferiortemporal_lh_theta_entropy,1.0,0.76,-0.01,-0.04,2784.08,2982.53,0.91,-0.11,inferiortemporal_lh_theta_entropy
1580,inferiortemporal_rh_theta_entropy,1.0,0.99,0.0,-0.01,2806.92,3005.34,0.92,-0.1,inferiortemporal_rh_theta_entropy
1581,insula_lh_theta_entropy,1.0,0.69,-0.0,0.07,2863.06,3061.44,0.96,-0.05,insula_lh_theta_entropy
1582,insula_rh_theta_entropy,1.0,0.75,0.0,0.11,2842.44,3040.86,0.95,-0.07,insula_rh_theta_entropy
1583,isthmuscingulate_lh_theta_entropy,1.0,0.7,-0.01,0.01,2852.62,3051.07,0.94,-0.07,isthmuscingulate_lh_theta_entropy
1584,isthmuscingulate_rh_theta_entropy,1.0,0.08,-0.03,-0.12,2798.23,2996.64,0.93,-0.08,isthmuscingulate_rh_theta_entropy
1585,lateraloccipital_lh_theta_entropy,1.0,0.99,0.0,0.0,2771.74,2970.19,0.92,-0.08,lateraloccipital_lh_theta_entropy
1586,lateraloccipital_rh_theta_entropy,1.0,0.5,-0.04,0.15,2735.53,2933.98,0.91,-0.12,lateraloccipital_rh_theta_entropy
1587,lateralorbitofrontal_lh_theta_entropy,1.0,0.75,0.02,-0.01,2867.48,3065.93,0.95,-0.08,lateralorbitofrontal_lh_theta_entropy
1588,lateralorbitofrontal_rh_theta_entropy,1.0,0.74,0.01,0.07,2852.81,3051.26,0.94,-0.08,lateralorbitofrontal_rh_theta_entropy
1589,lingual_lh_theta_entropy,1.0,0.17,-0.07,0.12,2818.79,3017.25,0.93,-0.09,lingual_lh_theta_entropy
1590,lingual_rh_theta_entropy,1.0,0.83,-0.02,0.06,2806.65,3005.1,0.93,-0.11,lingual_rh_theta_entropy
1591,medialorbitofrontal_lh_theta_entropy,1.0,0.9,-0.02,0.04,2896.4,3094.81,0.96,-0.07,medialorbitofrontal_lh_theta_entropy
1592,medialorbitofrontal_rh_theta_entropy,1.0,0.62,0.03,-0.06,2893.91,3092.36,0.96,-0.07,medialorbitofrontal_rh_theta_entropy
1593,middletemporal_lh_theta_entropy,1.0,0.97,0.01,-0.07,2801.05,2999.46,0.93,-0.09,middletemporal_lh_theta_entropy
1594,middletemporal_rh_theta_entropy,1.0,0.82,0.04,-0.06,2793.59,2992.01,0.93,-0.09,middletemporal_rh_theta_entropy
1595,paracentral_lh_theta_entropy,1.0,0.41,-0.02,-0.04,2850.27,3048.65,0.99,0.01,paracentral_lh_theta_entropy
1596,paracentral_rh_theta_entropy,1.0,0.56,-0.01,-0.01,2841.26,3039.6,0.98,-0.02,paracentral_rh_theta_entropy
1597,parahippocampal_lh_theta_entropy,1.0,0.84,-0.02,0.0,2826.29,3024.66,0.92,-0.11,parahippocampal_lh_theta_entropy
1598,parahippocampal_rh_theta_entropy,1.0,1.0,0.0,-0.04,2775.32,2973.74,0.91,-0.11,parahippocampal_rh_theta_entropy
1599,parsopercularis_lh_theta_entropy,0.99,0.0,-0.1,0.34,2879.12,3077.57,0.96,-0.07,parsopercularis_lh_theta_entropy
1600,parsopercularis_rh_theta_entropy,1.0,0.84,-0.03,-0.05,2870.67,3069.12,0.98,-0.06,parsopercularis_rh_theta_entropy
1601,parsorbitalis_lh_theta_entropy,1.0,0.92,0.0,0.06,2862.08,3060.54,0.96,-0.08,parsorbitalis_lh_theta_entropy
1602,parsorbitalis_rh_theta_entropy,1.0,0.75,-0.04,0.12,2917.31,3115.68,0.96,-0.05,parsorbitalis_rh_theta_entropy
1603,parstriangularis_lh_theta_entropy,1.0,0.41,0.06,0.06,2887.48,3085.85,0.97,-0.04,parstriangularis_lh_theta_entropy
1604,parstriangularis_rh_theta_entropy,1.0,0.96,-0.01,0.02,2921.01,3119.38,0.97,-0.04,parstriangularis_rh_theta_entropy
1605,pericalcarine_lh_theta_entropy,1.0,0.1,0.06,0.1,2769.39,2967.85,0.93,-0.09,pericalcarine_lh_theta_entropy
1606,pericalcarine_rh_theta_entropy,1.0,0.88,-0.02,-0.02,2769.66,2968.04,0.94,-0.12,pericalcarine_rh_theta_entropy
1607,postcentral_lh_theta_entropy,1.0,0.27,0.0,-0.04,2882.82,3081.2,0.98,-0.05,postcentral_lh_theta_entropy
1608,postcentral_rh_theta_entropy,1.0,0.86,-0.03,-0.05,2876.15,3074.6,0.98,-0.01,postcentral_rh_theta_entropy
1609,posteriorcingulate_lh_theta_entropy,1.0,0.78,-0.02,-0.05,2858.01,3056.46,0.98,0.03,posteriorcingulate_lh_theta_entropy
1610,posteriorcingulate_rh_theta_entropy,1.0,0.4,-0.03,-0.05,2858.42,3056.87,0.97,-0.04,posteriorcingulate_rh_theta_entropy
1611,precentral_lh_theta_entropy,1.0,0.93,-0.0,-0.02,2874.48,3072.82,0.99,-0.05,precentral_lh_theta_entropy
1612,precentral_rh_theta_entropy,1.0,0.73,-0.02,-0.04,2862.06,3060.4,0.97,-0.05,precentral_rh_theta_entropy
1613,precuneus_lh_theta_entropy,1.0,0.75,-0.02,-0.04,2861.12,3059.58,0.96,-0.02,precuneus_lh_theta_entropy
1614,precuneus_rh_theta_entropy,1.0,0.6,-0.04,-0.03,2867.44,3065.86,0.96,-0.03,precuneus_rh_theta_entropy
1615,rostralanteriorcingulate_lh_theta_entropy,1.0,0.31,-0.03,0.18,2921.21,3119.59,0.98,-0.04,rostralanteriorcingulate_lh_theta_entropy
1616,rostralanteriorcingulate_rh_theta_entropy,1.0,0.76,-0.01,0.12,2900.15,3098.57,0.97,-0.06,rostralanteriorcingulate_rh_theta_entropy
1617,rostralmiddlefrontal_lh_theta_entropy,1.0,0.33,-0.04,0.02,2940.59,3139.0,0.98,-0.05,rostralmiddlefrontal_lh_theta_entropy
1618,rostralmiddlefrontal_rh_theta_entropy,1.0,0.98,-0.0,-0.04,2925.71,3124.16,0.98,-0.04,rostralmiddlefrontal_rh_theta_entropy
1619,superiorfrontal_lh_theta_entropy,1.0,0.05,-0.07,0.13,2943.27,3141.68,0.97,-0.04,superiorfrontal_lh_theta_entropy
1620,superiorfrontal_rh_theta_entropy,1.0,0.67,-0.01,-0.1,2916.56,3114.94,0.98,-0.04,superiorfrontal_rh_theta_entropy
1621,superiorparietal_lh_theta_entropy,1.0,0.5,-0.02,0.03,2883.17,3081.62,0.97,0.0,superiorparietal_lh_theta_entropy
1622,superiorparietal_rh_theta_entropy,1.0,0.56,-0.03,-0.03,2897.75,3096.2,0.98,-0.01,superiorparietal_rh_theta_entropy
1623,superiortemporal_lh_theta_entropy,1.0,0.85,-0.01,0.03,2859.01,3057.46,0.95,-0.06,superiortemporal_lh_theta_entropy
1624,superiortemporal_rh_theta_entropy,1.0,0.84,-0.01,-0.04,2852.57,3050.94,0.94,-0.08,superiortemporal_rh_theta_entropy
1625,supramarginal_lh_theta_entropy,1.0,0.91,0.01,-0.05,2869.64,3068.02,0.98,0.0,supramarginal_lh_theta_entropy
1626,supramarginal_rh_theta_entropy,1.0,0.8,-0.01,0.03,2882.62,3081.03,0.97,-0.02,supramarginal_rh_theta_entropy
1627,temporalpole_lh_theta_entropy,1.0,0.78,0.0,-0.07,2791.24,2989.61,0.93,-0.07,temporalpole_lh_theta_entropy
1628,temporalpole_rh_theta_entropy,1.0,0.92,0.01,-0.01,2799.17,2997.58,0.93,-0.1,temporalpole_rh_theta_entropy
1629,transversetemporal_lh_theta_entropy,1.0,0.47,-0.0,-0.07,2853.56,3052.01,0.96,-0.06,transversetemporal_lh_theta_entropy
1630,transversetemporal_rh_theta_entropy,1.0,0.99,-0.02,-0.06,2849.29,3047.7,0.96,-0.06,transversetemporal_rh_theta_entropy
1631,bankssts_lh_alpha_entropy,1.0,1.0,-0.01,-0.01,2677.14,2875.4,0.87,-0.12,bankssts_lh_alpha_entropy
1632,bankssts_rh_alpha_entropy,1.0,1.0,0.01,-0.0,2656.36,2854.78,0.85,-0.15,bankssts_rh_alpha_entropy
1633,caudalanteriorcingulate_lh_alpha_entropy,1.0,0.89,-0.0,-0.03,2574.38,2772.72,0.83,-0.2,caudalanteriorcingulate_lh_alpha_entropy
1634,caudalanteriorcingulate_rh_alpha_entropy,1.0,0.98,-0.0,0.01,2629.0,2827.38,0.84,-0.18,caudalanteriorcingulate_rh_alpha_entropy
1635,caudalmiddlefrontal_lh_alpha_entropy,1.0,0.79,0.0,-0.08,2544.8,2742.91,0.83,-0.17,caudalmiddlefrontal_lh_alpha_entropy
1636,caudalmiddlefrontal_rh_alpha_entropy,1.0,0.51,0.05,0.01,2598.86,2797.09,0.85,-0.17,caudalmiddlefrontal_rh_alpha_entropy
1637,cuneus_lh_alpha_entropy,1.0,0.76,0.01,-0.05,2399.07,2597.52,0.77,-0.24,cuneus_lh_alpha_entropy
1638,cuneus_rh_alpha_entropy,1.0,0.97,0.01,-0.02,2421.91,2620.28,0.78,-0.26,cuneus_rh_alpha_entropy
1639,entorhinal_lh_alpha_entropy,1.0,0.92,0.02,-0.05,2607.33,2805.71,0.84,-0.19,entorhinal_lh_alpha_entropy
1640,entorhinal_rh_alpha_entropy,1.0,1.0,-0.01,-0.04,2635.33,2833.75,0.85,-0.15,entorhinal_rh_alpha_entropy
1641,frontalpole_lh_alpha_entropy,1.0,0.95,-0.03,0.04,2492.95,2688.04,0.87,-0.13,frontalpole_lh_alpha_entropy
1642,frontalpole_rh_alpha_entropy,1.0,0.88,0.03,0.01,2720.01,2918.31,0.87,-0.14,frontalpole_rh_alpha_entropy
1643,fusiform_lh_alpha_entropy,1.0,0.38,-0.03,-0.13,2640.45,2838.9,0.85,-0.18,fusiform_lh_alpha_entropy
1644,fusiform_rh_alpha_entropy,1.0,0.92,-0.02,-0.07,2642.15,2840.6,0.84,-0.18,fusiform_rh_alpha_entropy
1645,inferiorparietal_lh_alpha_entropy,1.0,0.64,-0.01,-0.14,2590.66,2789.08,0.83,-0.14,inferiorparietal_lh_alpha_entropy
1646,inferiorparietal_rh_alpha_entropy,1.0,1.0,-0.0,-0.05,2577.21,2775.66,0.82,-0.19,inferiorparietal_rh_alpha_entropy
1647,inferiortemporal_lh_alpha_entropy,1.0,0.69,-0.01,-0.06,2681.14,2879.59,0.86,-0.16,inferiortemporal_lh_alpha_entropy
1648,inferiortemporal_rh_alpha_entropy,1.0,0.61,-0.02,-0.07,2710.02,2908.48,0.87,-0.14,inferiortemporal_rh_alpha_entropy
1649,insula_lh_alpha_entropy,1.0,0.85,-0.04,-0.07,2596.48,2794.67,0.85,-0.08,insula_lh_alpha_entropy
1650,insula_rh_alpha_entropy,1.0,0.88,-0.04,0.03,2633.29,2831.63,0.87,-0.11,insula_rh_alpha_entropy
1651,isthmuscingulate_lh_alpha_entropy,1.0,0.38,0.06,-0.03,2451.89,2650.3,0.77,-0.26,isthmuscingulate_lh_alpha_entropy
1652,isthmuscingulate_rh_alpha_entropy,1.0,0.26,0.0,-0.13,2444.43,2642.88,0.76,-0.29,isthmuscingulate_rh_alpha_entropy
1653,lateraloccipital_lh_alpha_entropy,1.0,0.71,0.01,-0.1,2524.81,2723.22,0.81,-0.22,lateraloccipital_lh_alpha_entropy
1654,lateraloccipital_rh_alpha_entropy,1.0,0.96,0.0,-0.03,2545.45,2743.87,0.82,-0.19,lateraloccipital_rh_alpha_entropy
1655,lateralorbitofrontal_lh_alpha_entropy,1.0,0.89,-0.02,-0.06,2611.08,2809.46,0.84,-0.17,lateralorbitofrontal_lh_alpha_entropy
1656,lateralorbitofrontal_rh_alpha_entropy,1.0,0.98,-0.02,-0.02,2678.06,2876.47,0.86,-0.16,lateralorbitofrontal_rh_alpha_entropy
1657,lingual_lh_alpha_entropy,1.0,0.84,-0.01,-0.03,2547.22,2745.68,0.83,-0.19,lingual_lh_alpha_entropy
1658,lingual_rh_alpha_entropy,1.0,0.26,-0.03,-0.08,2510.78,2709.23,0.81,-0.25,lingual_rh_alpha_entropy
1659,medialorbitofrontal_lh_alpha_entropy,1.0,0.77,-0.04,0.02,2668.82,2867.24,0.87,-0.13,medialorbitofrontal_lh_alpha_entropy
1660,medialorbitofrontal_rh_alpha_entropy,1.0,0.81,-0.02,-0.06,2667.85,2866.3,0.87,-0.15,medialorbitofrontal_rh_alpha_entropy
1661,middletemporal_lh_alpha_entropy,1.0,0.57,-0.04,-0.0,2701.12,2899.57,0.88,-0.12,middletemporal_lh_alpha_entropy
1662,middletemporal_rh_alpha_entropy,1.0,0.56,-0.05,-0.02,2709.16,2907.54,0.87,-0.16,middletemporal_rh_alpha_entropy
1663,paracentral_lh_alpha_entropy,1.0,0.96,0.01,0.06,2334.4,2532.66,0.77,-0.28,paracentral_lh_alpha_entropy
1664,paracentral_rh_alpha_entropy,1.0,0.31,0.07,-0.01,2333.2,2531.5,0.77,-0.27,paracentral_rh_alpha_entropy
1665,parahippocampal_lh_alpha_entropy,1.0,0.51,-0.01,-0.14,2626.5,2824.95,0.85,-0.16,parahippocampal_lh_alpha_entropy
1666,parahippocampal_rh_alpha_entropy,1.0,0.91,-0.02,0.03,2643.0,2841.45,0.84,-0.17,parahippocampal_rh_alpha_entropy
1667,parsopercularis_lh_alpha_entropy,1.0,0.27,-0.06,-0.04,2674.71,2873.08,0.87,-0.14,parsopercularis_lh_alpha_entropy
1668,parsopercularis_rh_alpha_entropy,1.0,0.19,0.06,-0.08,2657.16,2855.54,0.88,-0.11,parsopercularis_rh_alpha_entropy
1669,parsorbitalis_lh_alpha_entropy,1.0,0.5,-0.05,0.04,2672.19,2870.6,0.86,-0.16,parsorbitalis_lh_alpha_entropy
1670,parsorbitalis_rh_alpha_entropy,1.0,0.66,-0.04,-0.04,2749.39,2947.76,0.89,-0.12,parsorbitalis_rh_alpha_entropy
1671,parstriangularis_lh_alpha_entropy,1.0,0.49,-0.04,-0.02,2682.14,2880.59,0.87,-0.16,parstriangularis_lh_alpha_entropy
1672,parstriangularis_rh_alpha_entropy,1.0,0.59,-0.04,0.01,2746.54,2944.91,0.89,-0.1,parstriangularis_rh_alpha_entropy
1673,pericalcarine_lh_alpha_entropy,1.0,0.44,-0.03,-0.02,2451.09,2649.5,0.78,-0.25,pericalcarine_lh_alpha_entropy
1674,pericalcarine_rh_alpha_entropy,1.0,0.95,0.02,0.05,2466.8,2665.17,0.8,-0.24,pericalcarine_rh_alpha_entropy
1675,postcentral_lh_alpha_entropy,1.0,1.0,-0.0,0.02,2396.75,2595.08,0.78,-0.29,postcentral_lh_alpha_entropy
1676,postcentral_rh_alpha_entropy,1.0,0.51,0.02,-0.11,2510.7,2709.07,0.82,-0.22,postcentral_rh_alpha_entropy
1677,posteriorcingulate_lh_alpha_entropy,1.0,0.72,0.04,-0.02,2410.48,2608.89,0.77,-0.26,posteriorcingulate_lh_alpha_entropy
1678,posteriorcingulate_rh_alpha_entropy,1.0,0.16,0.05,0.01,2422.33,2620.71,0.76,-0.28,posteriorcingulate_rh_alpha_entropy
1679,precentral_lh_alpha_entropy,1.0,0.44,0.05,0.02,2403.0,2601.11,0.79,-0.25,precentral_lh_alpha_entropy
1680,precentral_rh_alpha_entropy,1.0,0.29,0.04,-0.02,2422.81,2620.77,0.78,-0.23,precentral_rh_alpha_entropy
1681,precuneus_lh_alpha_entropy,1.0,0.92,-0.0,-0.07,2409.24,2607.69,0.76,-0.27,precuneus_lh_alpha_entropy
1682,precuneus_rh_alpha_entropy,1.0,0.95,0.01,-0.02,2359.08,2557.53,0.74,-0.29,precuneus_rh_alpha_entropy
1683,rostralanteriorcingulate_lh_alpha_entropy,1.0,0.73,-0.03,0.02,2605.53,2803.87,0.84,-0.18,rostralanteriorcingulate_lh_alpha_entropy
1684,rostralanteriorcingulate_rh_alpha_entropy,1.0,0.96,-0.01,-0.03,2641.52,2839.94,0.84,-0.19,rostralanteriorcingulate_rh_alpha_entropy
1685,rostralmiddlefrontal_lh_alpha_entropy,1.0,0.9,-0.0,-0.01,2700.05,2898.5,0.88,-0.12,rostralmiddlefrontal_lh_alpha_entropy
1686,rostralmiddlefrontal_rh_alpha_entropy,1.0,0.53,-0.01,-0.1,2701.92,2900.3,0.88,-0.13,rostralmiddlefrontal_rh_alpha_entropy
1687,superiorfrontal_lh_alpha_entropy,1.0,0.54,0.03,0.06,2608.84,2807.14,0.84,-0.19,superiorfrontal_lh_alpha_entropy
1688,superiorfrontal_rh_alpha_entropy,1.0,0.16,0.07,0.1,2584.53,2782.95,0.83,-0.17,superiorfrontal_rh_alpha_entropy
1689,superiorparietal_lh_alpha_entropy,1.0,0.59,-0.0,0.04,2422.48,2620.93,0.77,-0.21,superiorparietal_lh_alpha_entropy
1690,superiorparietal_rh_alpha_entropy,1.0,0.76,0.04,0.05,2395.03,2593.48,0.75,-0.28,superiorparietal_rh_alpha_entropy
1691,superiortemporal_lh_alpha_entropy,1.0,0.88,-0.02,-0.06,2623.43,2821.77,0.85,-0.14,superiortemporal_lh_alpha_entropy
1692,superiortemporal_rh_alpha_entropy,1.0,0.91,-0.04,0.04,2705.6,2904.05,0.87,-0.14,superiortemporal_rh_alpha_entropy
1693,supramarginal_lh_alpha_entropy,1.0,0.56,0.04,0.02,2567.46,2765.68,0.84,-0.17,supramarginal_lh_alpha_entropy
1694,supramarginal_rh_alpha_entropy,1.0,0.88,-0.02,-0.08,2524.42,2722.76,0.82,-0.16,supramarginal_rh_alpha_entropy
1695,temporalpole_lh_alpha_entropy,1.0,0.78,-0.04,-0.04,2636.33,2834.63,0.84,-0.19,temporalpole_lh_alpha_entropy
1696,temporalpole_rh_alpha_entropy,1.0,0.54,-0.0,-0.09,2631.66,2830.11,0.85,-0.17,temporalpole_rh_alpha_entropy
1697,transversetemporal_lh_alpha_entropy,1.0,0.63,-0.05,0.01,2608.9,2807.28,0.85,-0.16,transversetemporal_lh_alpha_entropy
1698,transversetemporal_rh_alpha_entropy,1.0,0.77,-0.03,-0.04,2676.77,2875.22,0.86,-0.16,transversetemporal_rh_alpha_entropy
1699,bankssts_lh_beta_entropy,1.0,0.91,0.02,0.0,2862.39,3060.81,0.95,-0.01,bankssts_lh_beta_entropy
1700,bankssts_rh_beta_entropy,1.0,0.92,-0.01,0.05,2835.37,3033.67,0.94,-0.04,bankssts_rh_beta_entropy
1701,caudalanteriorcingulate_lh_beta_entropy,1.0,0.97,-0.01,-0.03,2831.81,3030.18,0.93,-0.07,caudalanteriorcingulate_lh_beta_entropy
1702,caudalanteriorcingulate_rh_beta_entropy,1.0,0.63,0.01,-0.08,2819.27,3017.65,0.92,-0.07,caudalanteriorcingulate_rh_beta_entropy
1703,caudalmiddlefrontal_lh_beta_entropy,1.0,0.68,-0.02,-0.03,2883.66,3082.0,0.94,-0.06,caudalmiddlefrontal_lh_beta_entropy
1704,caudalmiddlefrontal_rh_beta_entropy,1.0,0.68,0.0,0.06,2844.29,3042.66,0.93,-0.05,caudalmiddlefrontal_rh_beta_entropy
1705,cuneus_lh_beta_entropy,1.0,0.97,-0.01,0.05,2829.21,3027.67,0.94,-0.08,cuneus_lh_beta_entropy
1706,cuneus_rh_beta_entropy,1.0,0.9,-0.01,0.03,2823.01,3021.46,0.93,-0.09,cuneus_rh_beta_entropy
1707,entorhinal_lh_beta_entropy,1.0,0.92,-0.0,-0.06,2850.84,3049.18,0.94,-0.04,entorhinal_lh_beta_entropy
1708,entorhinal_rh_beta_entropy,1.0,0.8,0.02,0.01,2849.84,3048.22,0.95,-0.04,entorhinal_rh_beta_entropy
1709,frontalpole_lh_beta_entropy,1.0,0.65,-0.05,0.03,2708.45,2903.54,0.96,-0.05,frontalpole_lh_beta_entropy
1710,frontalpole_rh_beta_entropy,1.0,0.21,-0.06,-0.06,2944.48,3142.82,0.96,-0.04,frontalpole_rh_beta_entropy
1711,fusiform_lh_beta_entropy,1.0,0.95,0.01,0.04,2835.02,3033.36,0.93,-0.09,fusiform_lh_beta_entropy
1712,fusiform_rh_beta_entropy,1.0,0.9,-0.03,0.03,2806.94,3005.35,0.93,-0.07,fusiform_rh_beta_entropy
1713,inferiorparietal_lh_beta_entropy,1.0,0.43,0.04,-0.0,2821.92,3020.22,0.93,-0.06,inferiorparietal_lh_beta_entropy
1714,inferiorparietal_rh_beta_entropy,1.0,0.4,-0.04,0.07,2783.64,2981.98,0.92,-0.08,inferiorparietal_rh_beta_entropy
1715,inferiortemporal_lh_beta_entropy,1.0,0.88,0.03,-0.06,2866.9,3065.32,0.94,-0.03,inferiortemporal_lh_beta_entropy
1716,inferiortemporal_rh_beta_entropy,1.0,0.36,-0.04,-0.05,2834.23,3032.65,0.92,-0.08,inferiortemporal_rh_beta_entropy
1717,insula_lh_beta_entropy,1.0,0.66,-0.05,0.01,2862.2,3060.54,0.95,-0.04,insula_lh_beta_entropy
1718,insula_rh_beta_entropy,1.0,0.93,0.01,0.05,2841.5,3039.91,0.93,-0.06,insula_rh_beta_entropy
1719,isthmuscingulate_lh_beta_entropy,1.0,0.91,0.02,0.05,2827.95,3026.36,0.94,-0.07,isthmuscingulate_lh_beta_entropy
1720,isthmuscingulate_rh_beta_entropy,1.0,0.95,0.01,0.0,2825.78,3024.23,0.93,-0.09,isthmuscingulate_rh_beta_entropy
1721,lateraloccipital_lh_beta_entropy,1.0,0.97,0.02,0.06,2840.82,3039.23,0.94,-0.08,lateraloccipital_lh_beta_entropy
1722,lateraloccipital_rh_beta_entropy,1.0,0.88,-0.01,-0.02,2797.06,2995.52,0.93,-0.09,lateraloccipital_rh_beta_entropy
1723,lateralorbitofrontal_lh_beta_entropy,1.0,0.92,-0.02,-0.05,2888.08,3086.38,0.95,-0.06,lateralorbitofrontal_lh_beta_entropy
1724,lateralorbitofrontal_rh_beta_entropy,1.0,0.71,0.01,-0.07,2904.47,3102.85,0.96,-0.03,lateralorbitofrontal_rh_beta_entropy
1725,lingual_lh_beta_entropy,1.0,0.98,-0.01,-0.02,2815.21,3013.62,0.93,-0.09,lingual_lh_beta_entropy
1726,lingual_rh_beta_entropy,1.0,0.72,-0.0,0.09,2791.7,2990.12,0.93,-0.09,lingual_rh_beta_entropy
1727,medialorbitofrontal_lh_beta_entropy,1.0,0.75,-0.02,-0.03,2906.83,3105.24,0.96,-0.04,medialorbitofrontal_lh_beta_entropy
1728,medialorbitofrontal_rh_beta_entropy,1.0,0.76,-0.01,-0.11,2906.09,3104.51,0.95,-0.05,medialorbitofrontal_rh_beta_entropy
1729,middletemporal_lh_beta_entropy,1.0,0.85,0.0,-0.01,2848.28,3046.73,0.93,-0.07,middletemporal_lh_beta_entropy
1730,middletemporal_rh_beta_entropy,1.0,0.68,-0.02,0.1,2832.54,3030.88,0.93,-0.08,middletemporal_rh_beta_entropy
1731,paracentral_lh_beta_entropy,1.0,0.51,-0.01,0.03,2841.17,3039.47,0.93,-0.08,paracentral_lh_beta_entropy
1732,paracentral_rh_beta_entropy,1.0,0.96,-0.01,-0.07,2857.99,3056.41,0.95,-0.07,paracentral_rh_beta_entropy
1733,parahippocampal_lh_beta_entropy,1.0,0.97,-0.01,-0.03,2832.73,3031.14,0.94,-0.08,parahippocampal_lh_beta_entropy
1734,parahippocampal_rh_beta_entropy,1.0,0.92,-0.01,0.08,2846.98,3045.4,0.94,-0.07,parahippocampal_rh_beta_entropy
1735,parsopercularis_lh_beta_entropy,1.0,0.51,-0.03,0.09,2914.63,3113.0,0.95,-0.06,parsopercularis_lh_beta_entropy
1736,parsopercularis_rh_beta_entropy,1.0,0.83,-0.02,0.06,2903.41,3101.82,0.95,-0.06,parsopercularis_rh_beta_entropy
1737,parsorbitalis_lh_beta_entropy,1.0,0.79,-0.02,0.04,2888.91,3087.29,0.94,-0.06,parsorbitalis_lh_beta_entropy
1738,parsorbitalis_rh_beta_entropy,1.0,0.99,-0.01,-0.03,2928.47,3126.88,0.96,-0.04,parsorbitalis_rh_beta_entropy
1739,parstriangularis_lh_beta_entropy,1.0,0.92,-0.03,-0.05,2909.27,3107.69,0.95,-0.06,parstriangularis_lh_beta_entropy
1740,parstriangularis_rh_beta_entropy,1.0,0.91,0.02,-0.04,2884.44,3082.82,0.94,-0.05,parstriangularis_rh_beta_entropy
1741,pericalcarine_lh_beta_entropy,1.0,0.46,-0.01,0.12,2816.04,3014.49,0.93,-0.09,pericalcarine_lh_beta_entropy
1742,pericalcarine_rh_beta_entropy,1.0,0.75,-0.05,-0.06,2811.07,3009.52,0.93,-0.09,pericalcarine_rh_beta_entropy
1743,postcentral_lh_beta_entropy,1.0,0.46,-0.02,0.03,2893.06,3091.48,0.94,-0.07,postcentral_lh_beta_entropy
1744,postcentral_rh_beta_entropy,1.0,0.92,-0.02,0.02,2840.86,3039.23,0.93,-0.09,postcentral_rh_beta_entropy
1745,posteriorcingulate_lh_beta_entropy,1.0,0.77,0.03,-0.02,2861.26,3059.72,0.94,-0.08,posteriorcingulate_lh_beta_entropy
1746,posteriorcingulate_rh_beta_entropy,1.0,0.53,0.03,0.06,2822.27,3020.61,0.94,-0.07,posteriorcingulate_rh_beta_entropy
1747,precentral_lh_beta_entropy,1.0,0.61,0.01,0.02,2815.88,3014.22,0.93,-0.07,precentral_lh_beta_entropy
1748,precentral_rh_beta_entropy,1.0,0.93,0.01,0.03,2818.2,3016.66,0.93,-0.08,precentral_rh_beta_entropy
1749,precuneus_lh_beta_entropy,1.0,0.49,0.03,-0.02,2859.73,3058.07,0.93,-0.09,precuneus_lh_beta_entropy
1750,precuneus_rh_beta_entropy,1.0,0.95,0.0,-0.01,2805.89,3004.31,0.93,-0.1,precuneus_rh_beta_entropy
1751,rostralanteriorcingulate_lh_beta_entropy,1.0,0.96,0.02,-0.01,2892.08,3090.45,0.95,-0.04,rostralanteriorcingulate_lh_beta_entropy
1752,rostralanteriorcingulate_rh_beta_entropy,1.0,0.5,0.02,-0.13,2898.69,3097.06,0.95,-0.04,rostralanteriorcingulate_rh_beta_entropy
1753,rostralmiddlefrontal_lh_beta_entropy,1.0,0.43,-0.0,0.11,2896.88,3095.29,0.95,-0.07,rostralmiddlefrontal_lh_beta_entropy
1754,rostralmiddlefrontal_rh_beta_entropy,1.0,0.99,0.01,0.04,2897.56,3095.93,0.94,-0.07,rostralmiddlefrontal_rh_beta_entropy
1755,superiorfrontal_lh_beta_entropy,1.0,0.87,0.02,-0.05,2869.71,3068.05,0.93,-0.08,superiorfrontal_lh_beta_entropy
1756,superiorfrontal_rh_beta_entropy,1.0,0.92,0.01,-0.01,2867.81,3066.15,0.94,-0.08,superiorfrontal_rh_beta_entropy
1757,superiorparietal_lh_beta_entropy,1.0,0.09,0.04,0.07,2861.6,3059.94,0.93,-0.08,superiorparietal_lh_beta_entropy
1758,superiorparietal_rh_beta_entropy,1.0,0.93,-0.03,-0.05,2803.26,3001.63,0.93,-0.1,superiorparietal_rh_beta_entropy
1759,superiortemporal_lh_beta_entropy,1.0,0.98,0.02,0.04,2896.36,3094.82,0.95,-0.06,superiortemporal_lh_beta_entropy
1760,superiortemporal_rh_beta_entropy,1.0,0.87,0.02,0.01,2863.78,3062.15,0.93,-0.07,superiortemporal_rh_beta_entropy
1761,supramarginal_lh_beta_entropy,1.0,0.28,-0.02,-0.08,2858.14,3056.55,0.94,-0.06,supramarginal_lh_beta_entropy
1762,supramarginal_rh_beta_entropy,1.0,0.75,0.01,0.14,2862.95,3061.22,0.94,-0.06,supramarginal_rh_beta_entropy
1763,temporalpole_lh_beta_entropy,1.0,0.36,0.04,0.05,2817.78,3016.16,0.93,-0.07,temporalpole_lh_beta_entropy
1764,temporalpole_rh_beta_entropy,1.0,0.54,-0.01,-0.03,2847.47,3045.88,0.94,-0.06,temporalpole_rh_beta_entropy
1765,transversetemporal_lh_beta_entropy,1.0,0.77,-0.01,0.02,2918.39,3116.8,0.95,-0.05,transversetemporal_lh_beta_entropy
1766,transversetemporal_rh_beta_entropy,1.0,0.8,-0.01,0.08,2883.34,3081.72,0.94,-0.05,transversetemporal_rh_beta_entropy
1767,bankssts_lh_gamma_entropy,1.0,0.17,0.03,0.2,2761.07,2959.34,0.9,-0.13,bankssts_lh_gamma_entropy
1768,bankssts_rh_gamma_entropy,1.0,0.91,-0.01,0.05,2820.02,3018.21,0.92,-0.09,bankssts_rh_gamma_entropy
1769,caudalanteriorcingulate_lh_gamma_entropy,1.0,0.85,-0.02,0.04,2850.2,3048.5,0.94,-0.05,caudalanteriorcingulate_lh_gamma_entropy
1770,caudalanteriorcingulate_rh_gamma_entropy,1.0,0.7,-0.03,0.07,2846.69,3044.91,0.94,-0.05,caudalanteriorcingulate_rh_gamma_entropy
1771,caudalmiddlefrontal_lh_gamma_entropy,1.0,0.95,-0.01,0.05,2916.56,3114.93,0.94,-0.07,caudalmiddlefrontal_lh_gamma_entropy
1772,caudalmiddlefrontal_rh_gamma_entropy,1.0,0.73,0.01,-0.03,2944.08,3142.53,0.96,-0.05,caudalmiddlefrontal_rh_gamma_entropy
1773,cuneus_lh_gamma_entropy,1.0,0.22,-0.05,0.12,2755.51,2953.81,0.91,-0.11,cuneus_lh_gamma_entropy
1774,cuneus_rh_gamma_entropy,1.0,0.94,-0.0,-0.01,2821.59,3019.89,0.93,-0.09,cuneus_rh_gamma_entropy
1775,entorhinal_lh_gamma_entropy,1.0,0.88,-0.0,-0.04,2879.29,3077.59,0.94,-0.06,entorhinal_lh_gamma_entropy
1776,entorhinal_rh_gamma_entropy,1.0,0.82,0.02,-0.03,2839.94,3038.24,0.93,-0.1,entorhinal_rh_gamma_entropy
1777,frontalpole_lh_gamma_entropy,1.0,0.41,0.02,0.13,2714.72,2909.85,0.96,-0.05,frontalpole_lh_gamma_entropy
1778,frontalpole_rh_gamma_entropy,1.0,0.65,-0.02,0.14,2921.77,3120.11,0.96,-0.06,frontalpole_rh_gamma_entropy
1779,fusiform_lh_gamma_entropy,1.0,0.23,0.03,0.2,2853.26,3051.56,0.93,-0.08,fusiform_lh_gamma_entropy
1780,fusiform_rh_gamma_entropy,1.0,0.76,-0.04,-0.0,2859.31,3057.54,0.94,-0.08,fusiform_rh_gamma_entropy
1781,inferiorparietal_lh_gamma_entropy,1.0,0.7,-0.01,-0.07,2756.56,2954.86,0.9,-0.1,inferiorparietal_lh_gamma_entropy
1782,inferiorparietal_rh_gamma_entropy,1.0,0.96,0.01,0.07,2791.57,2989.95,0.91,-0.1,inferiorparietal_rh_gamma_entropy
1783,inferiortemporal_lh_gamma_entropy,1.0,0.66,-0.02,-0.1,2798.68,2997.06,0.92,-0.11,inferiortemporal_lh_gamma_entropy
1784,inferiortemporal_rh_gamma_entropy,1.0,0.4,-0.02,0.11,2799.6,2997.94,0.92,-0.11,inferiortemporal_rh_gamma_entropy
1785,bankssts_lh_delta_knee_periodic,1.0,0.22,-0.0,0.05,2519.13,2716.81,1.0,0.49,bankssts_lh_delta_knee_periodic
1786,bankssts_rh_delta_knee_periodic,1.0,0.7,0.04,-0.06,2381.44,2579.32,0.97,0.64,bankssts_rh_delta_knee_periodic
1787,caudalanteriorcingulate_lh_delta_knee_periodic,1.0,0.28,0.01,-0.04,2342.1,2540.14,0.95,0.57,caudalanteriorcingulate_lh_delta_knee_periodic
1788,caudalanteriorcingulate_rh_delta_knee_periodic,1.0,0.03,0.01,-0.15,2371.78,2569.81,0.95,0.41,caudalanteriorcingulate_rh_delta_knee_periodic
1789,caudalmiddlefrontal_lh_delta_knee_periodic,1.0,0.29,0.03,-0.03,2468.71,2666.71,0.98,0.44,caudalmiddlefrontal_lh_delta_knee_periodic
1790,caudalmiddlefrontal_rh_delta_knee_periodic,1.0,0.01,0.01,-0.08,2397.09,2594.97,1.0,0.95,caudalmiddlefrontal_rh_delta_knee_periodic
1791,cuneus_lh_delta_knee_periodic,1.0,0.4,-0.03,-0.11,2280.08,2478.19,0.97,0.75,cuneus_lh_delta_knee_periodic
1792,cuneus_rh_delta_knee_periodic,1.0,0.45,-0.03,0.15,2301.11,2499.3,0.97,0.76,cuneus_rh_delta_knee_periodic
1793,entorhinal_lh_delta_knee_periodic,0.99,0.0,0.06,0.17,2404.72,2602.87,0.92,0.27,entorhinal_lh_delta_knee_periodic
1794,entorhinal_rh_delta_knee_periodic,0.99,0.0,0.04,0.4,2397.04,2595.22,0.91,0.21,entorhinal_rh_delta_knee_periodic
1795,frontalpole_lh_delta_knee_periodic,1.0,0.8,-0.02,0.03,2353.56,2547.77,1.0,0.4,frontalpole_lh_delta_knee_periodic
1796,frontalpole_rh_delta_knee_periodic,1.0,0.05,0.0,0.11,2589.54,2787.38,0.99,0.32,frontalpole_rh_delta_knee_periodic
1797,fusiform_lh_delta_knee_periodic,1.0,0.1,0.01,-0.0,2531.81,2729.96,0.96,0.28,fusiform_lh_delta_knee_periodic
1798,fusiform_rh_delta_knee_periodic,1.0,0.19,0.0,-0.17,2434.29,2632.44,0.97,0.59,fusiform_rh_delta_knee_periodic
1799,inferiorparietal_lh_delta_knee_periodic,1.0,0.5,-0.01,0.07,2399.45,2597.56,0.98,0.59,inferiorparietal_lh_delta_knee_periodic
1800,inferiorparietal_rh_delta_knee_periodic,1.0,0.08,-0.0,0.01,2373.89,2571.96,0.96,0.47,inferiorparietal_rh_delta_knee_periodic
1801,inferiortemporal_lh_delta_knee_periodic,1.0,0.18,0.06,-0.0,2571.7,2769.81,0.96,0.17,inferiortemporal_lh_delta_knee_periodic
1802,inferiortemporal_rh_delta_knee_periodic,1.0,0.69,0.0,-0.01,2473.77,2671.88,0.95,0.26,inferiortemporal_rh_delta_knee_periodic
1803,insula_lh_delta_knee_periodic,1.0,0.2,0.03,-0.19,2390.08,2588.07,0.93,0.14,insula_lh_delta_knee_periodic
1804,insula_rh_delta_knee_periodic,1.0,0.15,0.04,-0.0,2440.58,2638.5,0.96,0.36,insula_rh_delta_knee_periodic
1805,isthmuscingulate_lh_delta_knee_periodic,1.0,0.44,-0.01,-0.16,2361.65,2559.88,0.97,0.48,isthmuscingulate_lh_delta_knee_periodic
1806,isthmuscingulate_rh_delta_knee_periodic,1.0,0.6,0.02,0.01,2453.88,2652.1,0.99,0.64,isthmuscingulate_rh_delta_knee_periodic
1807,lateraloccipital_lh_delta_knee_periodic,1.0,0.6,0.02,0.1,2339.24,2537.16,0.96,0.63,lateraloccipital_lh_delta_knee_periodic
1808,lateraloccipital_rh_delta_knee_periodic,1.0,0.59,-0.03,-0.02,2353.41,2551.48,0.95,0.67,lateraloccipital_rh_delta_knee_periodic
1809,lateralorbitofrontal_lh_delta_knee_periodic,1.0,0.02,0.02,0.13,2447.92,2646.1,0.94,0.21,lateralorbitofrontal_lh_delta_knee_periodic
1810,lateralorbitofrontal_rh_delta_knee_periodic,1.0,0.08,0.04,0.03,2425.25,2623.4,0.93,0.17,lateralorbitofrontal_rh_delta_knee_periodic
1811,lingual_lh_delta_knee_periodic,1.0,0.3,-0.01,-0.09,2395.65,2593.76,0.97,0.57,lingual_lh_delta_knee_periodic
1812,lingual_rh_delta_knee_periodic,1.0,0.44,0.01,-0.11,2371.87,2569.98,0.97,0.65,lingual_rh_delta_knee_periodic
1813,medialorbitofrontal_lh_delta_knee_periodic,1.0,0.06,0.05,0.04,2569.21,2767.09,0.98,0.23,medialorbitofrontal_lh_delta_knee_periodic
1814,medialorbitofrontal_rh_delta_knee_periodic,1.0,0.34,0.03,-0.03,2534.07,2732.07,0.98,0.37,medialorbitofrontal_rh_delta_knee_periodic
1815,middletemporal_lh_delta_knee_periodic,1.0,0.06,0.03,-0.04,2510.75,2708.86,0.97,0.41,middletemporal_lh_delta_knee_periodic
1816,middletemporal_rh_delta_knee_periodic,1.0,0.04,0.05,0.2,2498.25,2696.28,0.96,0.31,middletemporal_rh_delta_knee_periodic
1817,paracentral_lh_delta_knee_periodic,1.0,0.7,-0.0,-0.18,2312.14,2510.14,0.99,0.78,paracentral_lh_delta_knee_periodic
1818,paracentral_rh_delta_knee_periodic,1.0,0.95,0.03,-0.0,2331.83,2529.75,0.99,0.76,paracentral_rh_delta_knee_periodic
1819,parahippocampal_lh_delta_knee_periodic,1.0,0.19,0.04,-0.19,2544.31,2742.53,0.93,0.02,parahippocampal_lh_delta_knee_periodic
1820,parahippocampal_rh_delta_knee_periodic,0.99,0.0,-0.01,0.33,2381.73,2579.92,0.93,0.37,parahippocampal_rh_delta_knee_periodic
1821,parsopercularis_lh_delta_knee_periodic,1.0,0.33,0.04,-0.0,2501.23,2698.92,0.98,0.31,parsopercularis_lh_delta_knee_periodic
1822,parsopercularis_rh_delta_knee_periodic,1.0,0.34,0.01,-0.15,2498.27,2695.92,1.01,0.6,parsopercularis_rh_delta_knee_periodic
1823,parsorbitalis_lh_delta_knee_periodic,0.99,0.0,0.09,0.1,2554.32,2752.2,0.97,0.19,parsorbitalis_lh_delta_knee_periodic
1824,parsorbitalis_rh_delta_knee_periodic,1.0,0.53,0.03,-0.04,2552.65,2750.57,0.96,0.08,parsorbitalis_rh_delta_knee_periodic
1825,parstriangularis_lh_delta_knee_periodic,1.0,0.11,0.06,0.1,2583.84,2781.71,0.96,0.15,parstriangularis_lh_delta_knee_periodic
1826,parstriangularis_rh_delta_knee_periodic,1.0,0.34,0.04,0.02,2548.32,2746.32,0.99,0.37,parstriangularis_rh_delta_knee_periodic
1827,pericalcarine_lh_delta_knee_periodic,1.0,0.91,-0.0,0.07,2367.87,2566.02,0.96,0.59,pericalcarine_lh_delta_knee_periodic
1828,pericalcarine_rh_delta_knee_periodic,1.0,0.8,0.0,-0.03,2313.81,2511.99,0.97,0.66,pericalcarine_rh_delta_knee_periodic
1829,postcentral_lh_delta_knee_periodic,1.0,0.02,-0.02,-0.02,2291.02,2489.21,0.96,0.63,postcentral_lh_delta_knee_periodic
1830,postcentral_rh_delta_knee_periodic,1.0,0.18,0.03,-0.0,2341.4,2539.51,0.97,0.6,postcentral_rh_delta_knee_periodic
1831,posteriorcingulate_lh_delta_knee_periodic,1.0,0.49,-0.01,-0.2,2436.81,2634.96,0.96,0.36,posteriorcingulate_lh_delta_knee_periodic
1832,posteriorcingulate_rh_delta_knee_periodic,1.0,0.28,-0.03,0.01,2335.63,2533.78,0.97,0.74,posteriorcingulate_rh_delta_knee_periodic
1833,precentral_lh_delta_knee_periodic,1.0,0.56,-0.04,-0.06,2379.34,2577.45,0.98,0.57,precentral_lh_delta_knee_periodic
1834,precentral_rh_delta_knee_periodic,1.0,0.73,0.03,-0.06,2372.57,2570.68,0.98,0.55,precentral_rh_delta_knee_periodic
1835,precuneus_lh_delta_knee_periodic,1.0,0.74,-0.0,-0.14,2303.16,2501.31,0.98,0.68,precuneus_lh_delta_knee_periodic
1836,precuneus_rh_delta_knee_periodic,1.0,0.85,0.01,-0.06,2306.11,2504.18,1.0,1.1,precuneus_rh_delta_knee_periodic
1837,rostralanteriorcingulate_lh_delta_knee_periodic,1.0,0.24,0.02,-0.15,2504.98,2702.97,0.94,0.03,rostralanteriorcingulate_lh_delta_knee_periodic
1838,rostralanteriorcingulate_rh_delta_knee_periodic,1.0,0.02,-0.01,-0.06,2539.42,2737.49,0.97,0.21,rostralanteriorcingulate_rh_delta_knee_periodic
1839,rostralmiddlefrontal_lh_delta_knee_periodic,1.0,0.21,0.02,-0.17,2540.01,2737.69,1.01,0.57,rostralmiddlefrontal_lh_delta_knee_periodic
1840,rostralmiddlefrontal_rh_delta_knee_periodic,1.0,0.41,0.01,-0.02,2517.32,2715.16,1.0,0.43,rostralmiddlefrontal_rh_delta_knee_periodic
1841,superiorfrontal_lh_delta_knee_periodic,1.0,0.02,-0.04,0.07,2376.54,2574.72,0.97,0.78,superiorfrontal_lh_delta_knee_periodic
1842,superiorfrontal_rh_delta_knee_periodic,1.0,0.08,0.04,-0.09,2395.92,2593.95,0.97,0.6,superiorfrontal_rh_delta_knee_periodic
1843,superiorparietal_lh_delta_knee_periodic,1.0,0.95,-0.02,-0.03,2364.1,2562.13,1.0,0.81,superiorparietal_lh_delta_knee_periodic
1844,superiorparietal_rh_delta_knee_periodic,1.0,0.99,-0.01,-0.06,2396.68,2594.64,0.99,0.63,superiorparietal_rh_delta_knee_periodic
1845,superiortemporal_lh_delta_knee_periodic,1.0,0.04,-0.0,0.1,2541.0,2738.96,0.99,0.42,superiortemporal_lh_delta_knee_periodic
1846,superiortemporal_rh_delta_knee_periodic,1.0,0.11,0.05,-0.08,2505.73,2703.57,0.95,0.18,superiortemporal_rh_delta_knee_periodic
1847,supramarginal_lh_delta_knee_periodic,1.0,0.31,-0.04,-0.13,2339.44,2537.51,0.99,0.8,supramarginal_lh_delta_knee_periodic
1848,supramarginal_rh_delta_knee_periodic,1.0,0.6,-0.01,-0.08,2414.89,2612.85,1.0,0.81,supramarginal_rh_delta_knee_periodic
1849,temporalpole_lh_delta_knee_periodic,0.99,0.0,0.03,0.35,2455.88,2654.1,0.93,0.2,temporalpole_lh_delta_knee_periodic
1850,temporalpole_rh_delta_knee_periodic,1.0,0.04,0.03,0.15,2428.7,2626.96,0.92,0.16,temporalpole_rh_delta_knee_periodic
1851,transversetemporal_lh_delta_knee_periodic,1.0,0.37,0.0,-0.17,2467.36,2665.08,1.02,0.71,transversetemporal_lh_delta_knee_periodic
1852,transversetemporal_rh_delta_knee_periodic,1.0,0.7,0.04,-0.07,2501.37,2698.94,1.0,0.47,transversetemporal_rh_delta_knee_periodic
1853,bankssts_lh_theta_knee_periodic,1.0,0.84,0.02,0.03,2560.5,2758.76,0.86,-0.2,bankssts_lh_theta_knee_periodic
1854,bankssts_rh_theta_knee_periodic,1.0,0.55,0.0,0.11,2517.53,2715.79,0.84,-0.21,bankssts_rh_theta_knee_periodic
1855,caudalanteriorcingulate_lh_theta_knee_periodic,1.0,0.59,0.03,0.07,2682.49,2880.71,0.88,-0.14,caudalanteriorcingulate_lh_theta_knee_periodic
1856,caudalanteriorcingulate_rh_theta_knee_periodic,1.0,0.95,-0.0,-0.04,2701.9,2900.16,0.89,-0.12,caudalanteriorcingulate_rh_theta_knee_periodic
1857,caudalmiddlefrontal_lh_theta_knee_periodic,1.0,0.95,0.0,0.0,2515.04,2713.31,0.84,-0.18,caudalmiddlefrontal_lh_theta_knee_periodic
1858,caudalmiddlefrontal_rh_theta_knee_periodic,1.0,0.5,0.02,-0.03,2603.44,2801.71,0.87,-0.19,caudalmiddlefrontal_rh_theta_knee_periodic
1859,cuneus_lh_theta_knee_periodic,1.0,0.87,-0.01,0.06,2243.71,2441.89,0.76,-0.32,cuneus_lh_theta_knee_periodic
1860,cuneus_rh_theta_knee_periodic,1.0,0.06,0.06,0.26,2292.62,2490.88,0.76,-0.32,cuneus_rh_theta_knee_periodic
1861,entorhinal_lh_theta_knee_periodic,1.0,0.39,0.01,0.17,2544.63,2742.85,0.84,-0.18,entorhinal_lh_theta_knee_periodic
1862,entorhinal_rh_theta_knee_periodic,1.0,0.27,0.04,0.18,2508.19,2706.41,0.84,-0.19,entorhinal_rh_theta_knee_periodic
1863,frontalpole_lh_theta_knee_periodic,1.0,0.78,-0.01,-0.06,2576.87,2771.8,0.93,-0.09,frontalpole_lh_theta_knee_periodic
1864,frontalpole_rh_theta_knee_periodic,1.0,0.88,0.0,0.01,2804.07,3002.25,0.93,-0.1,frontalpole_rh_theta_knee_periodic
1865,fusiform_lh_theta_knee_periodic,1.0,0.88,0.02,0.07,2580.09,2778.35,0.85,-0.19,fusiform_lh_theta_knee_periodic
1866,fusiform_rh_theta_knee_periodic,1.0,0.11,0.06,0.08,2523.03,2721.29,0.83,-0.22,fusiform_rh_theta_knee_periodic
1867,inferiorparietal_lh_theta_knee_periodic,1.0,0.01,0.04,0.36,2421.05,2619.27,0.81,-0.2,inferiorparietal_lh_theta_knee_periodic
1868,inferiorparietal_rh_theta_knee_periodic,1.0,0.03,0.08,0.25,2481.12,2679.35,0.83,-0.19,inferiorparietal_rh_theta_knee_periodic
1869,inferiortemporal_lh_theta_knee_periodic,1.0,0.52,0.03,0.13,2542.99,2741.26,0.84,-0.2,inferiortemporal_lh_theta_knee_periodic
1870,inferiortemporal_rh_theta_knee_periodic,1.0,0.97,0.01,-0.0,2582.99,2781.21,0.85,-0.17,inferiortemporal_rh_theta_knee_periodic
1871,insula_lh_theta_knee_periodic,1.0,0.6,0.01,0.11,2455.28,2653.51,0.81,-0.25,insula_lh_theta_knee_periodic
1872,insula_rh_theta_knee_periodic,1.0,0.16,0.06,0.09,2525.2,2723.39,0.85,-0.19,insula_rh_theta_knee_periodic
1873,isthmuscingulate_lh_theta_knee_periodic,1.0,0.02,0.04,0.29,2170.96,2369.18,0.73,-0.35,isthmuscingulate_lh_theta_knee_periodic
1874,isthmuscingulate_rh_theta_knee_periodic,1.0,0.25,0.03,0.16,2289.76,2487.98,0.77,-0.3,isthmuscingulate_rh_theta_knee_periodic
1875,lateraloccipital_lh_theta_knee_periodic,1.0,0.02,0.06,0.35,2340.91,2539.17,0.79,-0.28,lateraloccipital_lh_theta_knee_periodic
1876,lateraloccipital_rh_theta_knee_periodic,1.0,0.12,0.03,0.25,2444.85,2643.04,0.8,-0.23,lateraloccipital_rh_theta_knee_periodic
1877,lateralorbitofrontal_lh_theta_knee_periodic,1.0,0.08,0.04,0.27,2537.48,2735.74,0.85,-0.2,lateralorbitofrontal_lh_theta_knee_periodic
1878,lateralorbitofrontal_rh_theta_knee_periodic,1.0,0.66,-0.01,0.11,2578.32,2776.58,0.86,-0.17,lateralorbitofrontal_rh_theta_knee_periodic
1879,lingual_lh_theta_knee_periodic,1.0,0.06,0.05,0.19,2442.22,2640.48,0.82,-0.25,lingual_lh_theta_knee_periodic
1880,lingual_rh_theta_knee_periodic,1.0,0.84,0.01,0.13,2455.61,2653.8,0.82,-0.23,lingual_rh_theta_knee_periodic
1881,medialorbitofrontal_lh_theta_knee_periodic,1.0,0.46,0.02,0.19,2704.44,2902.71,0.92,-0.11,medialorbitofrontal_lh_theta_knee_periodic
1882,medialorbitofrontal_rh_theta_knee_periodic,1.0,0.06,-0.01,0.14,2690.65,2888.91,0.89,-0.14,medialorbitofrontal_rh_theta_knee_periodic
1883,middletemporal_lh_theta_knee_periodic,1.0,0.71,0.03,0.1,2627.16,2825.42,0.88,-0.14,middletemporal_lh_theta_knee_periodic
1884,middletemporal_rh_theta_knee_periodic,1.0,0.57,0.03,0.1,2488.81,2687.07,0.85,-0.2,middletemporal_rh_theta_knee_periodic
1885,paracentral_lh_theta_knee_periodic,1.0,0.47,0.05,-0.01,2335.65,2533.91,0.78,-0.28,paracentral_lh_theta_knee_periodic
1886,paracentral_rh_theta_knee_periodic,1.0,0.74,0.04,0.03,2281.55,2479.82,0.75,-0.34,paracentral_rh_theta_knee_periodic
1887,parahippocampal_lh_theta_knee_periodic,1.0,0.07,0.01,0.22,2551.85,2750.11,0.85,-0.18,parahippocampal_lh_theta_knee_periodic
1888,parahippocampal_rh_theta_knee_periodic,1.0,0.51,0.01,0.11,2492.71,2690.97,0.83,-0.22,parahippocampal_rh_theta_knee_periodic
1889,parsopercularis_lh_theta_knee_periodic,1.0,0.12,0.05,0.05,2685.18,2883.44,0.89,-0.16,parsopercularis_lh_theta_knee_periodic
1890,parsopercularis_rh_theta_knee_periodic,1.0,0.4,-0.02,-0.07,2678.64,2876.9,0.91,-0.13,parsopercularis_rh_theta_knee_periodic
1891,parsorbitalis_lh_theta_knee_periodic,1.0,0.21,0.01,0.17,2723.16,2921.39,0.91,-0.14,parsorbitalis_lh_theta_knee_periodic
1892,parsorbitalis_rh_theta_knee_periodic,1.0,0.88,0.01,0.05,2766.55,2964.81,0.92,-0.1,parsorbitalis_rh_theta_knee_periodic
1893,parstriangularis_lh_theta_knee_periodic,1.0,0.9,0.01,0.02,2676.67,2874.93,0.89,-0.16,parstriangularis_lh_theta_knee_periodic
1894,parstriangularis_rh_theta_knee_periodic,1.0,0.85,0.01,0.04,2743.77,2942.0,0.91,-0.11,parstriangularis_rh_theta_knee_periodic
1895,pericalcarine_lh_theta_knee_periodic,1.0,0.1,0.04,0.28,2272.37,2470.59,0.77,-0.32,pericalcarine_lh_theta_knee_periodic
1896,pericalcarine_rh_theta_knee_periodic,1.0,0.07,0.04,0.31,2370.78,2569.04,0.77,-0.27,pericalcarine_rh_theta_knee_periodic
1897,postcentral_lh_theta_knee_periodic,1.0,0.9,0.03,0.04,2252.27,2450.53,0.76,-0.34,postcentral_lh_theta_knee_periodic
1898,postcentral_rh_theta_knee_periodic,1.0,0.87,0.01,-0.04,2434.86,2633.12,0.81,-0.24,postcentral_rh_theta_knee_periodic
1899,posteriorcingulate_lh_theta_knee_periodic,1.0,0.76,0.03,-0.0,2458.46,2656.68,0.79,-0.25,posteriorcingulate_lh_theta_knee_periodic
1900,posteriorcingulate_rh_theta_knee_periodic,1.0,0.99,0.0,0.02,2436.15,2634.41,0.8,-0.26,posteriorcingulate_rh_theta_knee_periodic
1901,precentral_lh_theta_knee_periodic,1.0,1.0,0.01,0.01,2373.65,2571.88,0.8,-0.27,precentral_lh_theta_knee_periodic
1902,precentral_rh_theta_knee_periodic,1.0,0.48,0.02,-0.02,2359.41,2557.64,0.79,-0.27,precentral_rh_theta_knee_periodic
1903,precuneus_lh_theta_knee_periodic,1.0,0.02,0.05,0.31,2131.21,2329.4,0.72,-0.38,precuneus_lh_theta_knee_periodic
1904,precuneus_rh_theta_knee_periodic,1.0,0.12,0.06,0.16,2192.11,2390.3,0.76,-0.32,precuneus_rh_theta_knee_periodic
1905,rostralanteriorcingulate_lh_theta_knee_periodic,1.0,0.75,0.0,-0.08,2615.13,2813.36,0.87,-0.17,rostralanteriorcingulate_lh_theta_knee_periodic
1906,rostralanteriorcingulate_rh_theta_knee_periodic,1.0,0.49,-0.02,0.08,2639.9,2838.17,0.88,-0.15,rostralanteriorcingulate_rh_theta_knee_periodic
1907,rostralmiddlefrontal_lh_theta_knee_periodic,1.0,0.53,0.02,0.03,2768.08,2966.34,0.92,-0.11,rostralmiddlefrontal_lh_theta_knee_periodic
1908,rostralmiddlefrontal_rh_theta_knee_periodic,1.0,0.29,0.04,0.09,2787.13,2985.39,0.93,-0.1,rostralmiddlefrontal_rh_theta_knee_periodic
1909,superiorfrontal_lh_theta_knee_periodic,1.0,0.24,0.03,0.13,2666.66,2864.92,0.88,-0.16,superiorfrontal_lh_theta_knee_periodic
1910,superiorfrontal_rh_theta_knee_periodic,1.0,0.94,0.01,0.02,2699.1,2897.36,0.89,-0.12,superiorfrontal_rh_theta_knee_periodic
1911,superiorparietal_lh_theta_knee_periodic,1.0,0.04,0.06,0.19,2256.67,2454.82,0.75,-0.32,superiorparietal_lh_theta_knee_periodic
1912,superiorparietal_rh_theta_knee_periodic,1.0,0.06,0.06,0.25,2256.91,2455.09,0.77,-0.29,superiorparietal_rh_theta_knee_periodic
1913,superiortemporal_lh_theta_knee_periodic,1.0,0.19,0.04,0.12,2540.81,2739.03,0.83,-0.22,superiortemporal_lh_theta_knee_periodic
1914,superiortemporal_rh_theta_knee_periodic,1.0,0.53,0.03,0.05,2561.66,2759.88,0.85,-0.19,superiortemporal_rh_theta_knee_periodic
1915,supramarginal_lh_theta_knee_periodic,1.0,0.7,0.02,0.06,2409.57,2607.76,0.81,-0.23,supramarginal_lh_theta_knee_periodic
1916,supramarginal_rh_theta_knee_periodic,1.0,0.9,0.0,0.09,2436.26,2634.48,0.82,-0.26,supramarginal_rh_theta_knee_periodic
1917,temporalpole_lh_theta_knee_periodic,1.0,0.51,0.03,0.13,2439.71,2637.97,0.83,-0.21,temporalpole_lh_theta_knee_periodic
1918,temporalpole_rh_theta_knee_periodic,1.0,0.21,0.0,0.14,2520.36,2718.63,0.84,-0.2,temporalpole_rh_theta_knee_periodic
1919,transversetemporal_lh_theta_knee_periodic,1.0,0.31,0.02,0.02,2604.29,2802.52,0.87,-0.17,transversetemporal_lh_theta_knee_periodic
1920,transversetemporal_rh_theta_knee_periodic,1.0,0.25,0.03,0.17,2621.86,2820.12,0.88,-0.16,transversetemporal_rh_theta_knee_periodic
1921,bankssts_lh_alpha_knee_periodic,1.0,0.68,-0.02,-0.02,2887.49,3085.68,0.97,-0.01,bankssts_lh_alpha_knee_periodic
1922,bankssts_rh_alpha_knee_periodic,1.0,0.29,-0.06,0.09,2880.25,3078.47,0.97,-0.04,bankssts_rh_alpha_knee_periodic
1923,caudalanteriorcingulate_lh_alpha_knee_periodic,1.0,0.01,-0.09,0.06,2902.92,3100.95,1.0,0.01,caudalanteriorcingulate_lh_alpha_knee_periodic
1924,caudalanteriorcingulate_rh_alpha_knee_periodic,1.0,0.33,-0.05,0.08,2915.86,3114.01,1.0,-0.01,caudalanteriorcingulate_rh_alpha_knee_periodic
1925,caudalmiddlefrontal_lh_alpha_knee_periodic,1.0,0.31,-0.06,-0.01,2915.45,3113.56,0.98,0.0,caudalmiddlefrontal_lh_alpha_knee_periodic
1926,caudalmiddlefrontal_rh_alpha_knee_periodic,1.0,0.76,0.01,-0.08,2930.19,3128.42,0.99,-0.02,caudalmiddlefrontal_rh_alpha_knee_periodic
1927,cuneus_lh_alpha_knee_periodic,1.0,0.66,-0.01,0.04,2631.6,2829.83,0.93,-0.02,cuneus_lh_alpha_knee_periodic
1928,cuneus_rh_alpha_knee_periodic,1.0,0.74,-0.03,-0.01,2601.48,2799.74,0.93,-0.04,cuneus_rh_alpha_knee_periodic
1929,entorhinal_lh_alpha_knee_periodic,1.0,0.38,-0.04,0.0,2759.6,2957.56,0.94,-0.1,entorhinal_lh_alpha_knee_periodic
1930,entorhinal_rh_alpha_knee_periodic,1.0,0.27,-0.02,-0.06,2758.79,2956.59,0.94,-0.1,entorhinal_rh_alpha_knee_periodic
1931,frontalpole_lh_alpha_knee_periodic,1.0,0.81,-0.01,0.04,2633.92,2828.76,0.93,-0.08,frontalpole_lh_alpha_knee_periodic
1932,frontalpole_rh_alpha_knee_periodic,1.0,0.52,0.02,-0.02,2838.06,3036.13,0.93,-0.08,frontalpole_rh_alpha_knee_periodic
1933,fusiform_lh_alpha_knee_periodic,1.0,0.66,-0.02,0.03,2827.09,3025.24,0.95,-0.07,fusiform_lh_alpha_knee_periodic
1934,fusiform_rh_alpha_knee_periodic,1.0,0.23,-0.03,-0.02,2758.15,2956.3,0.94,-0.09,fusiform_rh_alpha_knee_periodic
1935,inferiorparietal_lh_alpha_knee_periodic,1.0,0.06,-0.05,0.18,2833.29,3031.44,0.97,-0.03,inferiorparietal_lh_alpha_knee_periodic
1936,inferiorparietal_rh_alpha_knee_periodic,1.0,0.73,-0.01,0.03,2838.96,3037.19,0.96,-0.06,inferiorparietal_rh_alpha_knee_periodic
1937,inferiortemporal_lh_alpha_knee_periodic,1.0,0.71,0.0,-0.05,2844.22,3042.4,0.94,-0.08,inferiortemporal_lh_alpha_knee_periodic
1938,inferiortemporal_rh_alpha_knee_periodic,1.0,0.61,-0.03,0.05,2823.27,3021.46,0.95,-0.08,inferiortemporal_rh_alpha_knee_periodic
1939,insula_lh_alpha_knee_periodic,1.0,0.92,0.01,0.03,2891.06,3089.21,0.99,-0.04,insula_lh_alpha_knee_periodic
1940,insula_rh_alpha_knee_periodic,1.0,0.85,-0.0,-0.04,2903.82,3101.89,0.98,-0.04,insula_rh_alpha_knee_periodic
1941,isthmuscingulate_lh_alpha_knee_periodic,1.0,0.98,0.01,-0.07,2834.81,3032.99,0.97,-0.07,isthmuscingulate_lh_alpha_knee_periodic
1942,isthmuscingulate_rh_alpha_knee_periodic,1.0,0.34,0.03,-0.07,2819.36,3017.62,0.96,-0.08,isthmuscingulate_rh_alpha_knee_periodic
1943,lateraloccipital_lh_alpha_knee_periodic,1.0,0.68,-0.01,0.01,2721.89,2920.08,0.94,-0.1,lateraloccipital_lh_alpha_knee_periodic
1944,lateraloccipital_rh_alpha_knee_periodic,1.0,0.54,-0.03,0.03,2633.23,2831.46,0.92,-0.13,lateraloccipital_rh_alpha_knee_periodic
1945,lateralorbitofrontal_lh_alpha_knee_periodic,1.0,0.52,-0.02,-0.08,2774.9,2972.67,0.93,-0.1,lateralorbitofrontal_lh_alpha_knee_periodic
1946,lateralorbitofrontal_rh_alpha_knee_periodic,1.0,0.61,-0.01,-0.04,2796.37,2994.21,0.94,-0.09,lateralorbitofrontal_rh_alpha_knee_periodic
1947,lingual_lh_alpha_knee_periodic,1.0,0.81,0.03,0.04,2716.13,2914.39,0.94,-0.07,lingual_lh_alpha_knee_periodic
1948,lingual_rh_alpha_knee_periodic,1.0,0.99,0.0,-0.01,2689.63,2887.89,0.92,-0.1,lingual_rh_alpha_knee_periodic
1949,medialorbitofrontal_lh_alpha_knee_periodic,1.0,0.77,-0.0,-0.09,2808.24,3006.15,0.94,-0.09,medialorbitofrontal_lh_alpha_knee_periodic
1950,medialorbitofrontal_rh_alpha_knee_periodic,1.0,0.25,-0.05,-0.08,2861.3,3059.22,0.95,-0.05,medialorbitofrontal_rh_alpha_knee_periodic
1951,middletemporal_lh_alpha_knee_periodic,1.0,0.9,-0.02,0.04,2831.93,3030.08,0.94,-0.09,middletemporal_lh_alpha_knee_periodic
1952,middletemporal_rh_alpha_knee_periodic,1.0,0.16,-0.04,0.01,2818.55,3016.73,0.95,-0.07,middletemporal_rh_alpha_knee_periodic
1953,paracentral_lh_alpha_knee_periodic,1.0,0.0,-0.09,0.23,2785.79,2984.01,0.96,-0.02,paracentral_lh_alpha_knee_periodic
1954,paracentral_rh_alpha_knee_periodic,1.0,0.86,0.03,-0.14,2759.35,2957.61,0.96,-0.02,paracentral_rh_alpha_knee_periodic
1955,parahippocampal_lh_alpha_knee_periodic,1.0,0.52,-0.04,0.08,2847.37,3045.56,0.96,-0.05,parahippocampal_lh_alpha_knee_periodic
1956,parahippocampal_rh_alpha_knee_periodic,1.0,0.32,-0.02,-0.06,2804.83,3003.09,0.95,-0.08,parahippocampal_rh_alpha_knee_periodic
1957,parsopercularis_lh_alpha_knee_periodic,1.0,0.99,0.0,-0.04,2904.64,3102.87,0.96,-0.04,parsopercularis_lh_alpha_knee_periodic
1958,parsopercularis_rh_alpha_knee_periodic,1.0,0.48,-0.02,-0.11,2927.71,3125.86,0.99,-0.01,parsopercularis_rh_alpha_knee_periodic
1959,parsorbitalis_lh_alpha_knee_periodic,1.0,0.82,-0.01,-0.01,2744.0,2941.91,0.92,-0.1,parsorbitalis_lh_alpha_knee_periodic
1960,parsorbitalis_rh_alpha_knee_periodic,1.0,0.55,-0.01,-0.08,2795.48,2993.51,0.93,-0.08,parsorbitalis_rh_alpha_knee_periodic
1961,parstriangularis_lh_alpha_knee_periodic,1.0,0.82,-0.01,0.05,2857.34,3055.49,0.95,-0.07,parstriangularis_lh_alpha_knee_periodic
1962,parstriangularis_rh_alpha_knee_periodic,1.0,0.42,0.01,-0.03,2872.21,3070.36,0.95,-0.07,parstriangularis_rh_alpha_knee_periodic
1963,pericalcarine_lh_alpha_knee_periodic,1.0,0.34,0.01,0.0,2640.1,2838.32,0.93,-0.09,pericalcarine_lh_alpha_knee_periodic
1964,pericalcarine_rh_alpha_knee_periodic,1.0,0.84,-0.0,-0.08,2625.98,2824.21,0.92,-0.1,pericalcarine_rh_alpha_knee_periodic
1965,postcentral_lh_alpha_knee_periodic,1.0,0.67,-0.04,-0.03,2805.2,3003.38,0.96,-0.02,postcentral_lh_alpha_knee_periodic
1966,postcentral_rh_alpha_knee_periodic,1.0,0.98,-0.01,0.01,2866.98,3065.24,0.97,-0.02,postcentral_rh_alpha_knee_periodic
1967,posteriorcingulate_lh_alpha_knee_periodic,1.0,0.83,0.02,-0.06,2857.46,3055.68,0.98,-0.05,posteriorcingulate_lh_alpha_knee_periodic
1968,posteriorcingulate_rh_alpha_knee_periodic,1.0,0.6,0.02,-0.08,2860.4,3058.66,0.98,-0.05,posteriorcingulate_rh_alpha_knee_periodic
1969,precentral_lh_alpha_knee_periodic,1.0,0.24,-0.02,-0.0,2755.72,2953.87,0.95,-0.06,precentral_lh_alpha_knee_periodic
1970,precentral_rh_alpha_knee_periodic,1.0,0.41,-0.02,-0.08,2734.47,2932.73,0.96,0.0,precentral_rh_alpha_knee_periodic
1971,precuneus_lh_alpha_knee_periodic,1.0,0.23,0.05,-0.1,2741.48,2939.71,0.96,-0.1,precuneus_lh_alpha_knee_periodic
1972,precuneus_rh_alpha_knee_periodic,1.0,0.43,0.05,-0.05,2754.32,2952.55,0.96,-0.09,precuneus_rh_alpha_knee_periodic
1973,rostralanteriorcingulate_lh_alpha_knee_periodic,1.0,0.96,0.01,0.01,2886.88,3084.8,0.97,-0.05,rostralanteriorcingulate_lh_alpha_knee_periodic
1974,rostralanteriorcingulate_rh_alpha_knee_periodic,1.0,0.67,-0.03,-0.03,2903.23,3101.3,0.98,-0.02,rostralanteriorcingulate_rh_alpha_knee_periodic
1975,rostralmiddlefrontal_lh_alpha_knee_periodic,1.0,0.41,0.01,-0.08,2900.06,3098.32,0.96,-0.05,rostralmiddlefrontal_lh_alpha_knee_periodic
1976,rostralmiddlefrontal_rh_alpha_knee_periodic,1.0,0.79,-0.01,-0.1,2894.32,3092.31,0.97,-0.03,rostralmiddlefrontal_rh_alpha_knee_periodic
1977,superiorfrontal_lh_alpha_knee_periodic,1.0,0.18,-0.05,0.06,2959.96,3158.15,0.99,-0.0,superiorfrontal_lh_alpha_knee_periodic
1978,superiorfrontal_rh_alpha_knee_periodic,1.0,0.69,-0.05,0.04,2952.41,3150.56,0.99,0.0,superiorfrontal_rh_alpha_knee_periodic
1979,superiorparietal_lh_alpha_knee_periodic,1.0,0.03,-0.0,0.04,2703.58,2901.84,0.96,-0.1,superiorparietal_lh_alpha_knee_periodic
1980,superiorparietal_rh_alpha_knee_periodic,1.0,0.55,0.01,-0.03,2791.35,2989.57,0.96,-0.08,superiorparietal_rh_alpha_knee_periodic
1981,superiortemporal_lh_alpha_knee_periodic,1.0,0.59,-0.02,-0.1,2894.8,3093.02,0.97,-0.06,superiortemporal_lh_alpha_knee_periodic
1982,superiortemporal_rh_alpha_knee_periodic,1.0,0.83,-0.03,-0.03,2893.23,3091.34,0.96,-0.06,superiortemporal_rh_alpha_knee_periodic
1983,supramarginal_lh_alpha_knee_periodic,1.0,0.08,-0.05,0.09,2794.97,2993.19,0.95,-0.05,supramarginal_lh_alpha_knee_periodic
1984,supramarginal_rh_alpha_knee_periodic,1.0,0.56,-0.02,-0.02,2920.28,3118.43,0.98,-0.03,supramarginal_rh_alpha_knee_periodic
1985,temporalpole_lh_alpha_knee_periodic,1.0,0.61,-0.02,0.02,2831.03,3028.95,0.95,-0.07,temporalpole_lh_alpha_knee_periodic
1986,temporalpole_rh_alpha_knee_periodic,1.0,0.3,-0.04,0.06,2829.51,3027.47,0.95,-0.07,temporalpole_rh_alpha_knee_periodic
1987,transversetemporal_lh_alpha_knee_periodic,1.0,0.9,-0.0,-0.09,2964.77,3162.96,0.98,-0.03,transversetemporal_lh_alpha_knee_periodic
1988,transversetemporal_rh_alpha_knee_periodic,1.0,0.07,0.04,-0.1,2929.93,3128.15,0.97,-0.03,transversetemporal_rh_alpha_knee_periodic
1989,bankssts_lh_beta_knee_periodic,1.0,0.95,0.01,0.03,2719.52,2917.59,0.97,-0.03,bankssts_lh_beta_knee_periodic
1990,bankssts_rh_beta_knee_periodic,1.0,0.05,-0.07,0.12,2739.07,2937.06,0.98,-0.01,bankssts_rh_beta_knee_periodic
1991,caudalanteriorcingulate_lh_beta_knee_periodic,1.0,0.36,-0.0,0.08,2862.57,3060.68,1.0,0.02,caudalanteriorcingulate_lh_beta_knee_periodic
1992,caudalanteriorcingulate_rh_beta_knee_periodic,1.0,0.96,0.02,0.02,2826.97,3024.92,0.99,-0.01,caudalanteriorcingulate_rh_beta_knee_periodic
1993,caudalmiddlefrontal_lh_beta_knee_periodic,1.0,0.49,-0.01,0.01,2804.52,3002.48,1.0,0.04,caudalmiddlefrontal_lh_beta_knee_periodic
1994,caudalmiddlefrontal_rh_beta_knee_periodic,1.0,0.17,-0.01,0.08,2829.34,3027.41,1.0,0.06,caudalmiddlefrontal_rh_beta_knee_periodic
1995,cuneus_lh_beta_knee_periodic,1.0,0.85,0.0,-0.08,2646.24,2844.19,0.93,-0.03,cuneus_lh_beta_knee_periodic
1996,cuneus_rh_beta_knee_periodic,1.0,0.01,-0.08,0.08,2653.03,2850.87,0.93,-0.01,cuneus_rh_beta_knee_periodic
1997,entorhinal_lh_beta_knee_periodic,1.0,0.18,-0.04,0.08,2766.39,2964.43,0.95,-0.06,entorhinal_lh_beta_knee_periodic
1998,entorhinal_rh_beta_knee_periodic,1.0,0.47,-0.02,0.11,2779.18,2977.37,0.96,-0.03,entorhinal_rh_beta_knee_periodic
1999,frontalpole_lh_beta_knee_periodic,1.0,0.91,-0.01,0.07,2562.37,2757.3,0.93,-0.09,frontalpole_lh_beta_knee_periodic
2000,frontalpole_rh_beta_knee_periodic,1.0,0.04,-0.04,0.2,2743.1,2941.24,0.94,-0.07,frontalpole_rh_beta_knee_periodic
2001,fusiform_lh_beta_knee_periodic,1.0,0.0,-0.07,0.18,2796.09,2994.24,0.97,-0.03,fusiform_lh_beta_knee_periodic
2002,fusiform_rh_beta_knee_periodic,1.0,0.84,0.03,0.03,2684.82,2882.85,0.96,-0.08,fusiform_rh_beta_knee_periodic
2003,inferiorparietal_lh_beta_knee_periodic,1.0,0.37,-0.06,0.07,2790.15,2988.18,1.0,0.09,inferiorparietal_lh_beta_knee_periodic
2004,inferiorparietal_rh_beta_knee_periodic,1.0,0.0,-0.1,0.26,2702.74,2900.77,0.98,0.06,inferiorparietal_rh_beta_knee_periodic
2005,inferiortemporal_lh_beta_knee_periodic,1.0,0.08,-0.0,0.23,2768.19,2966.37,0.96,-0.07,inferiortemporal_lh_beta_knee_periodic
2006,inferiortemporal_rh_beta_knee_periodic,1.0,0.25,-0.03,0.11,2779.95,2978.17,0.96,-0.06,inferiortemporal_rh_beta_knee_periodic
2007,insula_lh_beta_knee_periodic,1.0,0.03,-0.02,0.25,2762.44,2960.47,0.95,-0.03,insula_lh_beta_knee_periodic
2008,insula_rh_beta_knee_periodic,1.0,0.01,-0.02,0.24,2771.57,2969.79,0.98,0.02,insula_rh_beta_knee_periodic
2009,isthmuscingulate_lh_beta_knee_periodic,1.0,0.35,-0.03,0.02,2715.12,2913.27,0.95,-0.02,isthmuscingulate_lh_beta_knee_periodic
2010,isthmuscingulate_rh_beta_knee_periodic,1.0,0.74,-0.0,-0.1,2680.97,2879.08,0.94,-0.05,isthmuscingulate_rh_beta_knee_periodic
2011,lateraloccipital_lh_beta_knee_periodic,1.0,0.0,-0.12,0.19,2780.64,2978.63,0.98,0.04,lateraloccipital_lh_beta_knee_periodic
2012,lateraloccipital_rh_beta_knee_periodic,1.0,0.25,-0.05,-0.03,2723.42,2921.41,0.97,0.01,lateraloccipital_rh_beta_knee_periodic
2013,lateralorbitofrontal_lh_beta_knee_periodic,1.0,0.02,-0.03,0.28,2822.44,3020.67,0.97,0.02,lateralorbitofrontal_lh_beta_knee_periodic
2014,lateralorbitofrontal_rh_beta_knee_periodic,1.0,0.19,0.02,0.16,2813.79,3011.86,0.97,-0.03,lateralorbitofrontal_rh_beta_knee_periodic
2015,lingual_lh_beta_knee_periodic,1.0,0.07,-0.05,0.1,2725.52,2923.7,0.97,0.0,lingual_lh_beta_knee_periodic
2016,lingual_rh_beta_knee_periodic,1.0,0.05,-0.08,0.13,2731.2,2929.2,0.98,0.06,lingual_rh_beta_knee_periodic
2017,medialorbitofrontal_lh_beta_knee_periodic,1.0,0.19,-0.05,0.12,2806.34,3004.49,0.96,-0.05,medialorbitofrontal_lh_beta_knee_periodic
2018,medialorbitofrontal_rh_beta_knee_periodic,1.0,0.75,0.01,0.16,2793.07,2991.18,0.96,-0.02,medialorbitofrontal_rh_beta_knee_periodic
2019,middletemporal_lh_beta_knee_periodic,1.0,0.08,-0.05,0.24,2723.11,2921.18,0.95,-0.04,middletemporal_lh_beta_knee_periodic
2020,middletemporal_rh_beta_knee_periodic,1.0,0.21,-0.04,-0.02,2743.69,2941.91,0.96,-0.05,middletemporal_rh_beta_knee_periodic
2021,paracentral_lh_beta_knee_periodic,1.0,0.93,0.03,-0.01,2479.76,2677.53,0.88,-0.12,paracentral_lh_beta_knee_periodic
2022,paracentral_rh_beta_knee_periodic,1.0,0.92,0.02,-0.07,2472.32,2669.97,0.88,-0.16,paracentral_rh_beta_knee_periodic
2023,parahippocampal_lh_beta_knee_periodic,1.0,0.07,-0.05,0.13,2799.49,2997.68,0.98,-0.02,parahippocampal_lh_beta_knee_periodic
2024,parahippocampal_rh_beta_knee_periodic,1.0,0.06,-0.05,0.17,2769.73,2967.95,0.97,-0.04,parahippocampal_rh_beta_knee_periodic
2025,parsopercularis_lh_beta_knee_periodic,1.0,0.01,-0.02,0.39,2729.64,2927.79,0.95,-0.05,parsopercularis_lh_beta_knee_periodic
2026,parsopercularis_rh_beta_knee_periodic,1.0,0.41,0.04,0.11,2792.93,2991.07,0.98,0.02,parsopercularis_rh_beta_knee_periodic
2027,parsorbitalis_lh_beta_knee_periodic,1.0,0.06,0.03,0.17,2760.03,2958.25,0.94,-0.07,parsorbitalis_lh_beta_knee_periodic
2028,parsorbitalis_rh_beta_knee_periodic,1.0,0.6,0.04,0.08,2737.94,2936.13,0.95,-0.08,parsorbitalis_rh_beta_knee_periodic
2029,parstriangularis_lh_beta_knee_periodic,1.0,0.03,0.01,0.26,2762.8,2961.02,0.94,-0.08,parstriangularis_lh_beta_knee_periodic
2030,parstriangularis_rh_beta_knee_periodic,1.0,0.03,-0.02,0.24,2726.54,2924.76,0.93,-0.05,parstriangularis_rh_beta_knee_periodic
2031,pericalcarine_lh_beta_knee_periodic,1.0,0.07,-0.07,0.07,2709.62,2907.54,0.95,0.01,pericalcarine_lh_beta_knee_periodic
2032,pericalcarine_rh_beta_knee_periodic,0.99,0.0,-0.11,0.12,2712.66,2910.69,0.96,0.03,pericalcarine_rh_beta_knee_periodic
2033,postcentral_lh_beta_knee_periodic,1.0,0.08,-0.05,0.23,2705.24,2903.01,0.96,-0.03,postcentral_lh_beta_knee_periodic
2034,postcentral_rh_beta_knee_periodic,1.0,0.32,-0.02,0.01,2690.91,2888.94,0.96,-0.05,postcentral_rh_beta_knee_periodic
2035,posteriorcingulate_lh_beta_knee_periodic,1.0,0.41,0.02,0.1,2643.43,2841.27,0.94,-0.04,posteriorcingulate_lh_beta_knee_periodic
2036,posteriorcingulate_rh_beta_knee_periodic,1.0,0.12,-0.01,0.11,2595.6,2793.29,0.93,-0.08,posteriorcingulate_rh_beta_knee_periodic
2037,precentral_lh_beta_knee_periodic,1.0,0.05,-0.04,0.07,2700.32,2898.05,0.95,-0.02,precentral_lh_beta_knee_periodic
2038,precentral_rh_beta_knee_periodic,1.0,0.76,0.01,-0.1,2584.22,2782.21,0.93,-0.07,precentral_rh_beta_knee_periodic
2039,precuneus_lh_beta_knee_periodic,1.0,0.65,-0.04,0.04,2520.86,2718.66,0.88,-0.11,precuneus_lh_beta_knee_periodic
2040,precuneus_rh_beta_knee_periodic,1.0,0.29,-0.02,0.1,2482.67,2680.66,0.87,-0.15,precuneus_rh_beta_knee_periodic
2041,rostralanteriorcingulate_lh_beta_knee_periodic,1.0,0.03,-0.04,0.19,2821.25,3019.36,0.98,0.02,rostralanteriorcingulate_lh_beta_knee_periodic
2042,rostralanteriorcingulate_rh_beta_knee_periodic,1.0,0.05,0.0,0.11,2824.3,3022.49,0.99,0.03,rostralanteriorcingulate_rh_beta_knee_periodic
2043,rostralmiddlefrontal_lh_beta_knee_periodic,1.0,0.32,0.01,0.07,2819.99,3018.13,0.96,-0.03,rostralmiddlefrontal_lh_beta_knee_periodic
2044,rostralmiddlefrontal_rh_beta_knee_periodic,1.0,0.1,-0.05,0.16,2823.6,3021.68,0.96,-0.05,rostralmiddlefrontal_rh_beta_knee_periodic
2045,superiorfrontal_lh_beta_knee_periodic,1.0,0.57,0.04,-0.01,2873.24,3071.39,1.0,0.01,superiorfrontal_lh_beta_knee_periodic
2046,superiorfrontal_rh_beta_knee_periodic,1.0,0.02,0.02,0.29,2879.14,3077.32,0.99,-0.0,superiorfrontal_rh_beta_knee_periodic
2047,superiorparietal_lh_beta_knee_periodic,1.0,0.08,-0.05,0.18,2609.46,2807.53,0.92,-0.03,superiorparietal_lh_beta_knee_periodic
2048,superiorparietal_rh_beta_knee_periodic,1.0,0.5,-0.01,0.13,2546.39,2744.27,0.9,-0.1,superiorparietal_rh_beta_knee_periodic
2049,superiortemporal_lh_beta_knee_periodic,1.0,0.86,-0.03,0.01,2750.46,2948.68,0.94,-0.1,superiortemporal_lh_beta_knee_periodic
2050,superiortemporal_rh_beta_knee_periodic,1.0,0.49,-0.03,0.05,2755.69,2953.88,0.94,-0.1,superiortemporal_rh_beta_knee_periodic
2051,supramarginal_lh_beta_knee_periodic,1.0,0.84,-0.0,-0.07,2717.97,2916.04,0.96,-0.03,supramarginal_lh_beta_knee_periodic
2052,supramarginal_rh_beta_knee_periodic,1.0,0.01,-0.08,0.22,2802.66,3000.81,0.97,-0.03,supramarginal_rh_beta_knee_periodic
2053,temporalpole_lh_beta_knee_periodic,1.0,0.13,-0.06,0.22,2797.58,2995.73,0.96,-0.01,temporalpole_lh_beta_knee_periodic
2054,temporalpole_rh_beta_knee_periodic,1.0,0.24,-0.02,0.18,2742.47,2940.61,0.94,-0.04,temporalpole_rh_beta_knee_periodic
2055,transversetemporal_lh_beta_knee_periodic,0.99,0.0,-0.06,0.5,2779.07,2977.26,0.95,-0.06,transversetemporal_lh_beta_knee_periodic
2056,transversetemporal_rh_beta_knee_periodic,1.0,0.07,-0.0,0.22,2754.53,2952.72,0.94,-0.07,transversetemporal_rh_beta_knee_periodic
2057,bankssts_lh_gamma_knee_periodic,1.0,0.47,0.04,-0.02,2589.92,2788.07,0.96,0.05,bankssts_lh_gamma_knee_periodic
2058,bankssts_rh_gamma_knee_periodic,1.0,0.69,0.03,-0.09,2686.22,2884.41,0.97,0.01,bankssts_rh_gamma_knee_periodic
2059,caudalanteriorcingulate_lh_gamma_knee_periodic,1.0,0.02,-0.01,0.3,2614.86,2813.04,0.94,-0.03,caudalanteriorcingulate_lh_gamma_knee_periodic
2060,caudalanteriorcingulate_rh_gamma_knee_periodic,1.0,0.85,-0.02,0.05,2700.52,2898.63,0.95,-0.01,caudalanteriorcingulate_rh_gamma_knee_periodic
2061,caudalmiddlefrontal_lh_gamma_knee_periodic,1.0,0.03,-0.04,0.21,2703.96,2901.99,0.96,0.01,caudalmiddlefrontal_lh_gamma_knee_periodic
2062,caudalmiddlefrontal_rh_gamma_knee_periodic,1.0,0.25,-0.0,0.11,2583.26,2781.37,0.98,0.19,caudalmiddlefrontal_rh_gamma_knee_periodic
2063,cuneus_lh_gamma_knee_periodic,1.0,0.06,0.07,0.04,2600.94,2799.2,0.86,-0.18,cuneus_lh_gamma_knee_periodic
2064,cuneus_rh_gamma_knee_periodic,1.0,0.13,0.06,-0.03,2599.35,2797.58,0.85,-0.19,cuneus_rh_gamma_knee_periodic
2065,entorhinal_lh_gamma_knee_periodic,1.0,0.82,0.03,0.1,2581.9,2779.9,0.93,0.02,entorhinal_lh_gamma_knee_periodic
2066,entorhinal_rh_gamma_knee_periodic,1.0,0.21,0.05,0.13,2587.83,2785.94,0.92,-0.03,entorhinal_rh_gamma_knee_periodic
2067,frontalpole_lh_gamma_knee_periodic,1.0,0.24,-0.03,-0.04,2506.85,2701.65,1.0,0.14,frontalpole_lh_gamma_knee_periodic
2068,frontalpole_rh_gamma_knee_periodic,1.0,0.48,-0.03,-0.01,2683.7,2881.73,0.98,0.1,frontalpole_rh_gamma_knee_periodic
2069,fusiform_lh_gamma_knee_periodic,1.0,0.08,0.07,0.1,2611.86,2810.08,0.95,0.01,fusiform_lh_gamma_knee_periodic
2070,fusiform_rh_gamma_knee_periodic,1.0,0.01,0.09,0.14,2707.31,2905.5,0.94,-0.05,fusiform_rh_gamma_knee_periodic
2071,inferiorparietal_lh_gamma_knee_periodic,1.0,0.35,0.05,0.04,2654.38,2852.53,0.92,-0.09,inferiorparietal_lh_gamma_knee_periodic
2072,inferiorparietal_rh_gamma_knee_periodic,1.0,0.25,0.06,0.02,2686.33,2884.48,0.92,-0.07,inferiorparietal_rh_gamma_knee_periodic
2073,inferiortemporal_lh_gamma_knee_periodic,1.0,0.7,0.04,-0.08,2618.28,2816.46,0.94,0.03,inferiortemporal_lh_gamma_knee_periodic
2074,inferiortemporal_rh_gamma_knee_periodic,1.0,0.04,0.05,0.09,2701.08,2899.26,0.94,-0.04,inferiortemporal_rh_gamma_knee_periodic
2075,insula_lh_gamma_knee_periodic,1.0,0.04,-0.03,0.3,2639.46,2837.57,0.97,0.06,insula_lh_gamma_knee_periodic
2076,insula_rh_gamma_knee_periodic,1.0,0.32,0.02,0.09,2667.56,2865.67,0.96,0.03,insula_rh_gamma_knee_periodic
2077,isthmuscingulate_lh_gamma_knee_periodic,0.99,0.0,0.1,0.28,2695.77,2894.03,0.91,-0.08,isthmuscingulate_lh_gamma_knee_periodic
2078,isthmuscingulate_rh_gamma_knee_periodic,1.0,0.04,0.07,0.01,2674.76,2873.02,0.91,-0.11,isthmuscingulate_rh_gamma_knee_periodic
2079,lateraloccipital_lh_gamma_knee_periodic,0.99,0.0,0.1,0.02,2660.72,2858.9,0.92,-0.09,lateraloccipital_lh_gamma_knee_periodic
2080,lateraloccipital_rh_gamma_knee_periodic,1.0,0.01,0.01,0.27,2681.12,2879.34,0.91,-0.1,lateraloccipital_rh_gamma_knee_periodic
2081,lateralorbitofrontal_lh_gamma_knee_periodic,1.0,0.05,0.04,0.04,2645.25,2843.36,0.95,-0.01,lateralorbitofrontal_lh_gamma_knee_periodic
2082,lateralorbitofrontal_rh_gamma_knee_periodic,1.0,0.02,0.06,0.2,2561.65,2759.69,0.92,-0.02,lateralorbitofrontal_rh_gamma_knee_periodic
2083,lingual_lh_gamma_knee_periodic,0.99,0.0,0.09,0.45,2705.31,2903.45,0.94,-0.05,lingual_lh_gamma_knee_periodic
2084,lingual_rh_gamma_knee_periodic,1.0,0.01,0.07,0.19,2676.34,2874.6,0.9,-0.11,lingual_rh_gamma_knee_periodic
2085,medialorbitofrontal_lh_gamma_knee_periodic,1.0,0.06,0.02,0.14,2639.69,2837.76,0.98,0.16,medialorbitofrontal_lh_gamma_knee_periodic
2086,medialorbitofrontal_rh_gamma_knee_periodic,1.0,0.65,0.0,0.07,2663.44,2861.62,0.97,0.12,medialorbitofrontal_rh_gamma_knee_periodic
2087,middletemporal_lh_gamma_knee_periodic,1.0,0.36,0.03,-0.02,2653.15,2851.29,0.95,-0.0,middletemporal_lh_gamma_knee_periodic
2088,middletemporal_rh_gamma_knee_periodic,1.0,0.77,0.04,-0.05,2655.91,2854.1,0.93,-0.06,middletemporal_rh_gamma_knee_periodic
2089,paracentral_lh_gamma_knee_periodic,0.99,0.0,0.01,0.63,2613.24,2811.43,0.87,-0.15,paracentral_lh_gamma_knee_periodic
2090,paracentral_rh_gamma_knee_periodic,0.99,0.0,0.05,0.26,2491.51,2689.77,0.86,-0.12,paracentral_rh_gamma_knee_periodic
2091,parahippocampal_lh_gamma_knee_periodic,1.0,0.03,0.06,0.18,2651.58,2849.8,0.95,0.05,parahippocampal_lh_gamma_knee_periodic
2092,parahippocampal_rh_gamma_knee_periodic,1.0,0.57,-0.01,0.11,2705.61,2903.83,0.92,-0.1,parahippocampal_rh_gamma_knee_periodic
2093,parsopercularis_lh_gamma_knee_periodic,1.0,0.06,-0.0,0.1,2668.37,2866.55,0.98,0.09,parsopercularis_lh_gamma_knee_periodic
2094,parsopercularis_rh_gamma_knee_periodic,1.0,0.28,-0.0,0.14,2639.26,2837.37,0.98,0.16,parsopercularis_rh_gamma_knee_periodic
2095,parsorbitalis_lh_gamma_knee_periodic,1.0,0.05,0.08,-0.0,2587.74,2785.81,0.98,0.16,parsorbitalis_lh_gamma_knee_periodic
2096,parsorbitalis_rh_gamma_knee_periodic,1.0,0.22,0.02,0.12,2666.97,2865.04,0.98,0.12,parsorbitalis_rh_gamma_knee_periodic
2097,parstriangularis_lh_gamma_knee_periodic,1.0,0.07,0.04,-0.06,2674.58,2872.81,0.99,0.11,parstriangularis_lh_gamma_knee_periodic
2098,parstriangularis_rh_gamma_knee_periodic,1.0,0.11,0.02,0.09,2632.37,2830.41,0.97,0.12,parstriangularis_rh_gamma_knee_periodic
2099,pericalcarine_lh_gamma_knee_periodic,0.99,0.0,0.1,0.26,2657.18,2855.44,0.88,-0.13,pericalcarine_lh_gamma_knee_periodic
2100,pericalcarine_rh_gamma_knee_periodic,0.99,0.0,0.09,0.04,2607.32,2805.58,0.87,-0.16,pericalcarine_rh_gamma_knee_periodic
2101,postcentral_lh_gamma_knee_periodic,1.0,0.07,0.06,0.19,2634.13,2832.36,0.91,-0.08,postcentral_lh_gamma_knee_periodic
2102,postcentral_rh_gamma_knee_periodic,1.0,0.0,0.05,0.31,2638.21,2836.44,0.92,-0.04,postcentral_rh_gamma_knee_periodic
2103,posteriorcingulate_lh_gamma_knee_periodic,1.0,0.0,0.06,0.29,2613.96,2812.19,0.89,-0.08,posteriorcingulate_lh_gamma_knee_periodic
2104,posteriorcingulate_rh_gamma_knee_periodic,1.0,0.32,0.04,0.04,2681.87,2880.13,0.91,-0.09,posteriorcingulate_rh_gamma_knee_periodic
2105,precentral_lh_gamma_knee_periodic,1.0,0.12,0.05,0.08,2648.6,2846.82,0.93,-0.07,precentral_lh_gamma_knee_periodic
2106,precentral_rh_gamma_knee_periodic,1.0,0.01,0.06,0.17,2639.35,2837.57,0.93,-0.04,precentral_rh_gamma_knee_periodic
2107,precuneus_lh_gamma_knee_periodic,1.0,0.0,0.09,0.21,2627.51,2825.74,0.89,-0.1,precuneus_lh_gamma_knee_periodic
2108,precuneus_rh_gamma_knee_periodic,1.0,0.1,0.07,0.03,2520.03,2718.29,0.84,-0.19,precuneus_rh_gamma_knee_periodic
2109,rostralanteriorcingulate_lh_gamma_knee_periodic,1.0,0.26,0.05,0.02,2681.69,2879.73,0.97,0.03,rostralanteriorcingulate_lh_gamma_knee_periodic
2110,rostralanteriorcingulate_rh_gamma_knee_periodic,1.0,0.04,0.07,0.13,2681.25,2879.36,0.97,0.02,rostralanteriorcingulate_rh_gamma_knee_periodic
2111,rostralmiddlefrontal_lh_gamma_knee_periodic,1.0,0.21,0.04,-0.11,2719.31,2917.41,1.0,0.11,rostralmiddlefrontal_lh_gamma_knee_periodic
2112,rostralmiddlefrontal_rh_gamma_knee_periodic,1.0,0.06,-0.07,0.19,2719.76,2917.98,1.0,0.24,rostralmiddlefrontal_rh_gamma_knee_periodic
2113,superiorfrontal_lh_gamma_knee_periodic,1.0,0.0,-0.01,0.34,2657.1,2855.17,0.97,0.09,superiorfrontal_lh_gamma_knee_periodic
2114,superiorfrontal_rh_gamma_knee_periodic,1.0,0.06,-0.05,0.24,2717.64,2915.74,0.97,0.04,superiorfrontal_rh_gamma_knee_periodic
2115,superiorparietal_lh_gamma_knee_periodic,0.99,0.0,0.11,0.34,2610.8,2809.06,0.89,-0.13,superiorparietal_lh_gamma_knee_periodic
2116,superiorparietal_rh_gamma_knee_periodic,1.0,0.07,0.07,-0.18,2523.12,2721.35,0.84,-0.19,superiorparietal_rh_gamma_knee_periodic
2117,superiortemporal_lh_gamma_knee_periodic,1.0,0.84,0.04,-0.03,2668.88,2867.1,0.98,0.09,superiortemporal_lh_gamma_knee_periodic
2118,superiortemporal_rh_gamma_knee_periodic,1.0,0.18,0.07,0.12,2636.47,2834.65,0.97,0.07,superiortemporal_rh_gamma_knee_periodic
2119,supramarginal_lh_gamma_knee_periodic,1.0,0.12,0.04,0.18,2718.09,2916.16,0.95,-0.01,supramarginal_lh_gamma_knee_periodic
2120,supramarginal_rh_gamma_knee_periodic,1.0,0.8,0.04,-0.08,2701.3,2899.45,0.95,-0.03,supramarginal_rh_gamma_knee_periodic
2121,temporalpole_lh_gamma_knee_periodic,1.0,0.17,0.07,-0.02,2614.68,2812.75,0.94,0.07,temporalpole_lh_gamma_knee_periodic
2122,temporalpole_rh_gamma_knee_periodic,1.0,0.42,0.06,0.02,2555.31,2753.45,0.91,-0.07,temporalpole_rh_gamma_knee_periodic
2123,transversetemporal_lh_gamma_knee_periodic,1.0,0.25,0.06,-0.05,2746.48,2944.63,0.98,0.06,transversetemporal_lh_gamma_knee_periodic
2124,transversetemporal_rh_gamma_knee_periodic,1.0,0.52,0.04,-0.03,2740.52,2938.75,0.98,0.07,transversetemporal_rh_gamma_knee_periodic
2125,bankssts_lh_all_knee_periodic,1.0,0.56,0.01,0.08,2676.63,2874.82,0.92,-0.07,bankssts_lh_all_knee_periodic
2126,bankssts_rh_all_knee_periodic,1.0,0.51,0.04,-0.02,2706.82,2904.9,0.93,-0.09,bankssts_rh_all_knee_periodic
2127,caudalanteriorcingulate_lh_all_knee_periodic,1.0,0.21,-0.03,0.13,2847.7,3045.84,0.95,-0.06,caudalanteriorcingulate_lh_all_knee_periodic
2128,caudalanteriorcingulate_rh_all_knee_periodic,1.0,0.89,0.03,-0.02,2838.57,3036.72,0.97,-0.05,caudalanteriorcingulate_rh_all_knee_periodic
2129,caudalmiddlefrontal_lh_all_knee_periodic,1.0,0.36,0.01,0.18,2841.15,3039.26,0.96,-0.04,caudalmiddlefrontal_lh_all_knee_periodic
2130,caudalmiddlefrontal_rh_all_knee_periodic,1.0,0.5,0.0,0.04,2794.49,2992.6,0.96,-0.01,caudalmiddlefrontal_rh_all_knee_periodic
2131,cuneus_lh_all_knee_periodic,1.0,0.93,0.0,0.0,2707.59,2905.85,0.88,-0.14,cuneus_lh_all_knee_periodic
2132,cuneus_rh_all_knee_periodic,1.0,0.77,-0.0,0.02,2699.08,2897.34,0.89,-0.14,cuneus_rh_all_knee_periodic
2133,entorhinal_lh_all_knee_periodic,1.0,0.87,0.01,0.04,2719.19,2917.34,0.91,-0.09,entorhinal_lh_all_knee_periodic
2134,entorhinal_rh_all_knee_periodic,1.0,0.19,0.04,0.12,2735.46,2933.53,0.91,-0.1,entorhinal_rh_all_knee_periodic
2135,frontalpole_lh_all_knee_periodic,1.0,0.95,0.02,0.04,2584.09,2779.02,0.96,-0.02,frontalpole_lh_all_knee_periodic
2136,frontalpole_rh_all_knee_periodic,1.0,0.75,0.01,0.03,2761.14,2959.28,0.95,-0.03,frontalpole_rh_all_knee_periodic
2137,fusiform_lh_all_knee_periodic,1.0,0.92,-0.01,0.03,2658.2,2856.39,0.92,-0.02,fusiform_lh_all_knee_periodic
2138,fusiform_rh_all_knee_periodic,1.0,0.85,0.03,0.07,2617.56,2815.78,0.89,-0.12,fusiform_rh_all_knee_periodic
2139,inferiorparietal_lh_all_knee_periodic,1.0,0.75,-0.01,0.04,2697.38,2895.61,0.9,-0.11,inferiorparietal_lh_all_knee_periodic
2140,inferiorparietal_rh_all_knee_periodic,1.0,0.18,0.05,0.2,2696.45,2894.64,0.91,-0.06,inferiorparietal_rh_all_knee_periodic
2141,inferiortemporal_lh_all_knee_periodic,1.0,0.87,0.02,0.03,2667.49,2865.64,0.91,-0.02,inferiortemporal_lh_all_knee_periodic
2142,inferiortemporal_rh_all_knee_periodic,1.0,0.42,-0.03,0.17,2685.41,2883.6,0.92,-0.06,inferiortemporal_rh_all_knee_periodic
2143,insula_lh_all_knee_periodic,1.0,0.34,0.01,0.15,2721.86,2920.01,0.91,-0.1,insula_lh_all_knee_periodic
2144,insula_rh_all_knee_periodic,1.0,0.77,0.02,0.03,2659.98,2858.06,0.91,-0.1,insula_rh_all_knee_periodic
2145,isthmuscingulate_lh_all_knee_periodic,1.0,0.71,-0.0,0.11,2787.04,2985.27,0.92,-0.09,isthmuscingulate_lh_all_knee_periodic
2146,isthmuscingulate_rh_all_knee_periodic,1.0,0.03,0.04,0.08,2810.45,3008.72,0.94,-0.09,isthmuscingulate_rh_all_knee_periodic
2147,lateraloccipital_lh_all_knee_periodic,1.0,0.67,0.01,-0.06,2683.39,2881.54,0.91,-0.09,lateraloccipital_lh_all_knee_periodic
2148,lateraloccipital_rh_all_knee_periodic,1.0,0.54,0.03,0.04,2750.21,2948.47,0.91,-0.1,lateraloccipital_rh_all_knee_periodic
2149,lateralorbitofrontal_lh_all_knee_periodic,1.0,0.05,0.0,0.23,2772.11,2970.34,0.93,-0.06,lateralorbitofrontal_lh_all_knee_periodic
2150,lateralorbitofrontal_rh_all_knee_periodic,1.0,0.47,0.01,0.1,2731.83,2929.94,0.92,-0.04,lateralorbitofrontal_rh_all_knee_periodic
2151,lingual_lh_all_knee_periodic,1.0,0.12,0.05,0.13,2750.79,2949.02,0.93,-0.07,lingual_lh_all_knee_periodic
2152,lingual_rh_all_knee_periodic,1.0,1.0,0.0,0.04,2680.39,2878.58,0.88,-0.14,lingual_rh_all_knee_periodic
2153,medialorbitofrontal_lh_all_knee_periodic,1.0,0.7,0.03,0.12,2809.1,3007.28,0.96,-0.01,medialorbitofrontal_lh_all_knee_periodic
2154,medialorbitofrontal_rh_all_knee_periodic,1.0,0.9,-0.01,0.05,2772.17,2970.36,0.95,-0.02,medialorbitofrontal_rh_all_knee_periodic
2155,middletemporal_lh_all_knee_periodic,1.0,0.74,0.02,0.05,2651.88,2850.03,0.91,-0.08,middletemporal_lh_all_knee_periodic
2156,middletemporal_rh_all_knee_periodic,1.0,0.19,0.05,0.1,2673.47,2871.66,0.9,-0.13,middletemporal_rh_all_knee_periodic
2157,paracentral_lh_all_knee_periodic,1.0,0.67,-0.01,0.09,2817.12,3015.23,0.94,-0.07,paracentral_lh_all_knee_periodic
2158,paracentral_rh_all_knee_periodic,1.0,0.66,0.03,-0.03,2797.62,2995.88,0.94,-0.06,paracentral_rh_all_knee_periodic
2159,parahippocampal_lh_all_knee_periodic,1.0,0.62,0.01,0.16,2702.51,2900.62,0.92,-0.08,parahippocampal_lh_all_knee_periodic
2160,parahippocampal_rh_all_knee_periodic,1.0,0.74,-0.03,0.06,2704.25,2902.48,0.9,-0.12,parahippocampal_rh_all_knee_periodic
2161,parsopercularis_lh_all_knee_periodic,1.0,0.47,0.02,-0.07,2761.34,2959.48,0.93,-0.05,parsopercularis_lh_all_knee_periodic
2162,parsopercularis_rh_all_knee_periodic,1.0,0.1,0.01,0.11,2794.83,2992.98,0.97,0.02,parsopercularis_rh_all_knee_periodic
2163,parsorbitalis_lh_all_knee_periodic,1.0,0.2,0.03,0.12,2772.57,2970.64,0.95,-0.03,parsorbitalis_lh_all_knee_periodic
2164,parsorbitalis_rh_all_knee_periodic,1.0,0.49,0.02,0.05,2752.86,2951.05,0.95,-0.01,parsorbitalis_rh_all_knee_periodic
2165,parstriangularis_lh_all_knee_periodic,1.0,0.85,-0.03,0.08,2782.52,2980.75,0.94,-0.02,parstriangularis_lh_all_knee_periodic
2166,parstriangularis_rh_all_knee_periodic,1.0,0.77,-0.02,-0.01,2724.91,2923.05,0.94,-0.03,parstriangularis_rh_all_knee_periodic
2167,pericalcarine_lh_all_knee_periodic,1.0,0.32,0.05,0.05,2697.11,2895.37,0.89,-0.11,pericalcarine_lh_all_knee_periodic
2168,pericalcarine_rh_all_knee_periodic,1.0,0.83,0.02,0.06,2643.06,2841.33,0.86,-0.17,pericalcarine_rh_all_knee_periodic
2169,postcentral_lh_all_knee_periodic,1.0,0.62,0.03,0.08,2723.51,2921.73,0.91,-0.09,postcentral_lh_all_knee_periodic
2170,postcentral_rh_all_knee_periodic,1.0,0.13,-0.02,0.19,2763.71,2961.94,0.93,-0.07,postcentral_rh_all_knee_periodic
2171,posteriorcingulate_lh_all_knee_periodic,1.0,0.5,0.02,0.15,2761.56,2959.83,0.93,-0.06,posteriorcingulate_lh_all_knee_periodic
2172,posteriorcingulate_rh_all_knee_periodic,1.0,0.68,0.03,-0.01,2824.76,3023.02,0.95,-0.05,posteriorcingulate_rh_all_knee_periodic
2173,precentral_lh_all_knee_periodic,1.0,0.92,-0.0,0.03,2791.17,2989.39,0.94,-0.07,precentral_lh_all_knee_periodic
2174,precentral_rh_all_knee_periodic,1.0,0.73,-0.0,0.01,2844.51,3042.74,0.95,-0.07,precentral_rh_all_knee_periodic
2175,precuneus_lh_all_knee_periodic,1.0,0.81,0.02,0.05,2817.92,3016.14,0.95,-0.07,precuneus_lh_all_knee_periodic
2176,precuneus_rh_all_knee_periodic,1.0,0.47,0.03,0.08,2800.63,2998.89,0.94,-0.07,precuneus_rh_all_knee_periodic
2177,rostralanteriorcingulate_lh_all_knee_periodic,1.0,0.68,0.02,0.02,2760.38,2958.56,0.95,-0.03,rostralanteriorcingulate_lh_all_knee_periodic
2178,rostralanteriorcingulate_rh_all_knee_periodic,1.0,0.78,-0.0,0.08,2762.66,2960.85,0.96,-0.01,rostralanteriorcingulate_rh_all_knee_periodic
2179,rostralmiddlefrontal_lh_all_knee_periodic,1.0,0.88,0.0,0.09,2852.81,3050.95,0.96,-0.03,rostralmiddlefrontal_lh_all_knee_periodic
2180,rostralmiddlefrontal_rh_all_knee_periodic,1.0,0.87,-0.0,0.06,2856.2,3054.42,0.97,-0.01,rostralmiddlefrontal_rh_all_knee_periodic
2181,superiorfrontal_lh_all_knee_periodic,1.0,0.8,-0.02,0.02,2798.31,2996.57,0.95,-0.06,superiorfrontal_lh_all_knee_periodic
2182,superiorfrontal_rh_all_knee_periodic,1.0,0.8,-0.01,0.07,2783.9,2982.04,0.96,0.01,superiorfrontal_rh_all_knee_periodic
2183,superiorparietal_lh_all_knee_periodic,1.0,0.74,0.01,0.01,2742.36,2940.62,0.93,-0.1,superiorparietal_lh_all_knee_periodic
2184,superiorparietal_rh_all_knee_periodic,1.0,0.84,0.0,0.06,2831.02,3029.24,0.94,-0.08,superiorparietal_rh_all_knee_periodic
2185,superiortemporal_lh_all_knee_periodic,1.0,0.87,0.01,0.04,2677.39,2875.65,0.92,-0.08,superiortemporal_lh_all_knee_periodic
2186,superiortemporal_rh_all_knee_periodic,1.0,0.75,0.02,-0.06,2650.59,2848.7,0.91,-0.08,superiortemporal_rh_all_knee_periodic
2187,supramarginal_lh_all_knee_periodic,1.0,0.8,-0.0,-0.04,2765.28,2963.54,0.93,-0.08,supramarginal_lh_all_knee_periodic
2188,supramarginal_rh_all_knee_periodic,1.0,0.74,-0.0,0.02,2788.44,2986.59,0.93,-0.07,supramarginal_rh_all_knee_periodic
2189,temporalpole_lh_all_knee_periodic,1.0,0.8,0.03,0.01,2719.31,2917.42,0.92,-0.09,temporalpole_lh_all_knee_periodic
2190,temporalpole_rh_all_knee_periodic,1.0,0.37,0.03,0.1,2714.47,2912.69,0.9,-0.11,temporalpole_rh_all_knee_periodic
2191,transversetemporal_lh_all_knee_periodic,1.0,0.98,0.01,0.07,2687.67,2885.93,0.92,-0.09,transversetemporal_lh_all_knee_periodic
2192,transversetemporal_rh_all_knee_periodic,1.0,0.96,0.0,0.0,2707.63,2905.9,0.92,-0.04,transversetemporal_rh_all_knee_periodic
2193,periodic_delta_mean,1.0,0.56,0.04,0.08,2639.6,2837.56,0.88,-0.15,periodic_delta_mean
2194,periodic_theta_mean,1.0,0.85,0.03,-0.06,2284.51,2482.39,0.8,-0.25,periodic_theta_mean
2195,periodic_alpha_mean,1.0,0.67,0.04,-0.13,2760.39,2958.15,0.95,-0.07,periodic_alpha_mean
2196,periodic_beta_mean,1.0,0.9,0.02,-0.02,2652.21,2849.39,0.97,-0.0,periodic_beta_mean
2197,periodic_gamma_mean,1.0,0.06,0.06,0.06,2586.32,2784.28,0.85,-0.15,periodic_gamma_mean
2198,knee_periodic_delta_mean,1.0,0.06,0.06,0.14,2426.01,2623.73,0.87,-0.11,knee_periodic_delta_mean
2199,knee_periodic_theta_mean,1.0,0.03,0.05,0.33,2243.54,2441.26,0.74,-0.33,knee_periodic_theta_mean
2200,knee_periodic_alpha_mean,1.0,0.8,0.03,-0.12,2762.68,2960.25,0.96,-0.06,knee_periodic_alpha_mean
2201,knee_periodic_beta_mean,1.0,0.27,0.05,0.07,2777.01,2974.66,0.96,-0.04,knee_periodic_beta_mean
2202,knee_periodic_gamma_mean,1.0,0.12,0.07,0.15,2493.38,2691.03,0.86,-0.11,knee_periodic_gamma_mean
2203,knee_offset_mean,1.0,0.89,-0.04,0.01,2673.34,2871.07,0.88,-0.16,knee_offset_mean
2204,knee_exponent_mean,1.0,0.44,0.05,-0.05,2685.79,2883.44,0.94,-0.08,knee_exponent_mean
2205,knee_cf_alpha_mean,1.0,0.1,-0.15,-0.17,2663.28,2861.01,0.88,-0.14,knee_cf_alpha_mean
2206,knee_pw_alpha_mean,1.0,0.16,0.06,-0.28,2603.14,2800.75,0.95,-0.0,knee_pw_alpha_mean
2207,knee_bw_alpha_mean,1.0,0.06,0.07,-0.03,2733.26,2930.75,0.95,-0.08,knee_bw_alpha_mean
2208,bankssts_lh_knee_knee,0.91,0.0,1.08,1.24,1657.1,1862.33,1.12,3106.73,bankssts_lh_knee_knee
2209,bankssts_rh_knee_knee,0.98,0.0,0.48,0.44,2337.05,2532.1,0.97,1.99,bankssts_rh_knee_knee
2210,caudalanteriorcingulate_lh_knee_knee,0.99,0.0,0.16,-0.14,1619.73,1813.4,1.01,4.29,caudalanteriorcingulate_lh_knee_knee
2211,caudalanteriorcingulate_rh_knee_knee,0.99,0.0,0.19,-0.1,1587.38,1781.34,1.02,4.82,caudalanteriorcingulate_rh_knee_knee
2212,caudalmiddlefrontal_lh_knee_knee,0.99,0.0,0.37,0.5,2245.63,2440.06,0.93,0.93,caudalmiddlefrontal_lh_knee_knee
2213,caudalmiddlefrontal_rh_knee_knee,0.98,0.0,0.51,0.6,2218.95,2413.62,0.98,3.11,caudalmiddlefrontal_rh_knee_knee
2214,cuneus_lh_knee_knee,0.99,0.0,0.08,-0.4,935.78,1128.49,1.06,34.7,cuneus_lh_knee_knee
2215,cuneus_rh_knee_knee,1.0,0.01,0.03,-0.4,846.59,1040.0,1.07,43.78,cuneus_rh_knee_knee
2216,entorhinal_lh_knee_knee,0.99,0.0,0.21,0.38,2365.95,2561.21,0.9,0.11,entorhinal_lh_knee_knee
2217,entorhinal_rh_knee_knee,0.99,0.0,0.21,0.31,2391.92,2586.72,0.91,0.09,entorhinal_rh_knee_knee
2218,frontalpole_lh_knee_knee,0.87,0.0,1.2,1.38,897.02,1112.96,1.2,32989.73,frontalpole_lh_knee_knee
2219,frontalpole_rh_knee_knee,0.86,0.0,1.38,2.33,1285.02,1502.85,1.16,18580.86,frontalpole_rh_knee_knee
2220,fusiform_lh_knee_knee,0.99,0.0,0.19,0.07,2186.18,2378.05,0.93,0.11,fusiform_lh_knee_knee
2221,fusiform_rh_knee_knee,0.99,0.0,0.18,0.03,2204.38,2396.83,0.94,0.24,fusiform_rh_knee_knee
2222,inferiorparietal_lh_knee_knee,0.99,0.0,0.33,0.1,2027.86,2221.61,0.97,2.3,inferiorparietal_lh_knee_knee
2223,inferiorparietal_rh_knee_knee,0.99,0.0,0.3,-0.04,2030.36,2224.45,0.97,1.76,inferiorparietal_rh_knee_knee
2224,inferiortemporal_lh_knee_knee,0.99,0.0,0.32,0.46,2340.78,2534.78,0.93,0.23,inferiortemporal_lh_knee_knee
2225,inferiortemporal_rh_knee_knee,0.98,0.0,0.44,0.71,2225.23,2418.29,0.98,0.64,inferiortemporal_rh_knee_knee
2226,insula_lh_knee_knee,0.98,0.0,0.51,0.68,2239.45,2433.92,0.95,2.34,insula_lh_knee_knee
2227,insula_rh_knee_knee,0.98,0.0,0.44,0.49,2277.08,2471.17,0.96,1.11,insula_rh_knee_knee
2228,isthmuscingulate_lh_knee_knee,1.0,0.01,-0.06,-0.38,1198.44,1390.13,1.06,20.33,isthmuscingulate_lh_knee_knee
2229,isthmuscingulate_rh_knee_knee,1.0,0.11,-0.06,-0.29,784.61,975.71,1.06,36.34,isthmuscingulate_rh_knee_knee
2230,lateraloccipital_lh_knee_knee,0.99,0.0,0.26,-0.36,1570.84,1763.38,1.0,9.5,lateraloccipital_lh_knee_knee
2231,lateraloccipital_rh_knee_knee,0.99,0.0,0.2,-0.25,1336.09,1528.49,1.02,11.24,lateraloccipital_rh_knee_knee
2232,lateralorbitofrontal_lh_knee_knee,0.99,0.0,0.29,0.48,2430.42,2625.26,0.91,-0.01,lateralorbitofrontal_lh_knee_knee
2233,lateralorbitofrontal_rh_knee_knee,0.99,0.0,0.26,0.59,2429.6,2624.2,0.92,0.01,lateralorbitofrontal_rh_knee_knee
2234,lingual_lh_knee_knee,0.99,0.0,0.21,-0.14,1393.64,1586.0,1.02,11.73,lingual_lh_knee_knee
2235,lingual_rh_knee_knee,0.99,0.0,0.15,-0.35,1320.51,1513.0,1.02,13.72,lingual_rh_knee_knee
2236,medialorbitofrontal_lh_knee_knee,0.91,0.0,1.16,2.08,1921.35,2117.06,1.11,113.39,medialorbitofrontal_lh_knee_knee
2237,medialorbitofrontal_rh_knee_knee,0.95,0.0,0.71,1.06,2247.16,2442.5,0.98,1.99,medialorbitofrontal_rh_knee_knee
2238,middletemporal_lh_knee_knee,0.96,0.0,0.7,1.03,2242.5,2437.51,1.0,12.0,middletemporal_lh_knee_knee
2239,middletemporal_rh_knee_knee,0.98,0.0,0.37,0.46,2333.42,2527.39,0.91,0.2,middletemporal_rh_knee_knee
2240,paracentral_lh_knee_knee,1.0,0.33,0.0,-0.22,1342.38,1534.56,1.05,13.39,paracentral_lh_knee_knee
2241,paracentral_rh_knee_knee,1.0,0.01,-0.0,-0.27,1367.09,1559.45,1.06,15.38,paracentral_rh_knee_knee
2242,parahippocampal_lh_knee_knee,0.99,0.0,0.21,0.22,2118.69,2310.87,0.91,0.42,parahippocampal_lh_knee_knee
2243,parahippocampal_rh_knee_knee,0.99,0.0,0.2,0.05,2211.16,2404.04,0.92,0.22,parahippocampal_rh_knee_knee
2244,parsopercularis_lh_knee_knee,0.89,0.0,1.17,1.1,859.67,1111.71,1.12,363892.77,parsopercularis_lh_knee_knee
2245,parsopercularis_rh_knee_knee,0.9,0.0,1.0,0.4,1081.74,1326.46,1.1,116599.24,parsopercularis_rh_knee_knee
2246,parsorbitalis_lh_knee_knee,0.95,0.0,0.71,1.5,2277.26,2472.89,1.01,2.6,parsorbitalis_lh_knee_knee
2247,parsorbitalis_rh_knee_knee,0.95,0.0,0.78,1.18,2309.28,2505.1,1.02,6.03,parsorbitalis_rh_knee_knee
2248,parstriangularis_lh_knee_knee,0.88,0.0,1.25,1.59,845.35,1090.03,1.12,164126.65,parstriangularis_lh_knee_knee
2249,parstriangularis_rh_knee_knee,0.88,0.0,1.21,1.32,1137.49,1370.1,1.14,77263.96,parstriangularis_rh_knee_knee
2250,pericalcarine_lh_knee_knee,0.99,0.0,0.11,-0.44,1022.92,1216.29,1.05,22.0,pericalcarine_lh_knee_knee
2251,pericalcarine_rh_knee_knee,0.99,0.0,0.23,-0.2,982.98,1176.18,1.04,25.0,pericalcarine_rh_knee_knee
2252,postcentral_lh_knee_knee,0.99,0.0,0.18,0.01,2118.15,2311.99,0.98,1.29,postcentral_lh_knee_knee
2253,postcentral_rh_knee_knee,1.0,0.01,0.14,0.01,2118.3,2311.36,0.96,0.85,postcentral_rh_knee_knee
2254,posteriorcingulate_lh_knee_knee,1.0,0.35,0.05,-0.19,1316.02,1508.16,1.04,13.13,posteriorcingulate_lh_knee_knee
2255,posteriorcingulate_rh_knee_knee,1.0,0.02,0.0,-0.31,1241.83,1433.57,1.05,17.04,posteriorcingulate_rh_knee_knee
2256,precentral_lh_knee_knee,1.0,0.01,0.11,-0.26,1363.51,1556.48,1.04,12.03,precentral_lh_knee_knee
2257,precentral_rh_knee_knee,0.99,0.0,0.12,-0.35,1327.64,1520.31,1.04,14.67,precentral_rh_knee_knee
2258,precuneus_lh_knee_knee,1.0,0.38,-0.07,-0.13,963.13,1154.24,1.06,32.82,precuneus_lh_knee_knee
2259,precuneus_rh_knee_knee,1.0,0.08,-0.07,-0.27,825.47,1018.34,1.08,54.37,precuneus_rh_knee_knee
2260,rostralanteriorcingulate_lh_knee_knee,0.98,0.0,0.36,0.48,2461.63,2656.76,0.94,0.21,rostralanteriorcingulate_lh_knee_knee
2261,rostralanteriorcingulate_rh_knee_knee,0.99,0.0,0.3,0.4,2399.67,2594.43,0.91,0.09,rostralanteriorcingulate_rh_knee_knee
2262,rostralmiddlefrontal_lh_knee_knee,0.86,0.0,1.26,1.23,976.71,1217.05,1.17,301742.67,rostralmiddlefrontal_lh_knee_knee
2263,rostralmiddlefrontal_rh_knee_knee,0.9,0.0,1.09,0.98,1476.06,1697.79,1.09,13521.17,rostralmiddlefrontal_rh_knee_knee
2264,superiorfrontal_lh_knee_knee,0.99,0.0,0.27,0.11,1957.43,2151.35,0.98,1.56,superiorfrontal_lh_knee_knee
2265,superiorfrontal_rh_knee_knee,0.99,0.0,0.26,0.08,2008.87,2202.88,0.97,1.82,superiorfrontal_rh_knee_knee
2266,superiorparietal_lh_knee_knee,1.0,0.27,0.03,-0.19,700.13,894.14,1.07,79.4,superiorparietal_lh_knee_knee
2267,superiorparietal_rh_knee_knee,1.0,0.38,-0.0,-0.23,553.81,747.55,1.07,100.86,superiorparietal_rh_knee_knee
2268,superiortemporal_lh_knee_knee,0.92,0.0,0.98,0.54,1242.27,1485.07,1.13,803179.02,superiortemporal_lh_knee_knee
2269,superiortemporal_rh_knee_knee,0.94,0.0,0.84,1.13,2329.13,2523.97,1.06,9.56,superiortemporal_rh_knee_knee
2270,supramarginal_lh_knee_knee,0.99,0.0,0.19,-0.04,1661.8,1855.17,1.02,5.59,supramarginal_lh_knee_knee
2271,supramarginal_rh_knee_knee,0.97,0.0,0.62,0.89,2155.5,2348.83,1.0,4.93,supramarginal_rh_knee_knee
2272,temporalpole_lh_knee_knee,0.98,0.0,0.33,0.55,2434.06,2629.69,0.91,0.02,temporalpole_lh_knee_knee
2273,temporalpole_rh_knee_knee,0.98,0.0,0.37,0.64,2346.9,2541.16,0.92,0.13,temporalpole_rh_knee_knee
2274,transversetemporal_lh_knee_knee,0.91,0.0,0.85,-0.08,682.79,926.12,1.14,192815.22,transversetemporal_lh_knee_knee
2275,transversetemporal_rh_knee_knee,0.93,0.0,0.78,-0.06,342.17,588.83,1.08,348644.15,transversetemporal_rh_knee_knee
2276,entropy_delta_mean,1.0,0.53,-0.02,-0.03,2759.04,2956.88,0.91,-0.12,entropy_delta_mean
2277,entropy_theta_mean,1.0,0.32,-0.03,-0.08,2715.49,2913.29,0.94,-0.01,entropy_theta_mean
2278,entropy_alpha_mean,1.0,0.61,0.01,-0.11,2362.67,2560.59,0.76,-0.25,entropy_alpha_mean
2279,entropy_beta_mean,1.0,0.92,-0.0,-0.07,2793.23,2991.07,0.93,-0.09,entropy_beta_mean
2280,entropy_gamma_mean,1.0,0.83,-0.01,0.08,2672.51,2870.35,0.88,-0.14,entropy_gamma_mean
2281,connectivity_delta_mean,1.0,0.03,0.04,0.34,2170.49,2368.4,0.75,-0.21,connectivity_delta_mean
2282,connectivity_theta_mean,1.0,0.47,0.06,0.13,2267.06,2464.9,0.8,-0.21,connectivity_theta_mean
2283,connectivity_alpha_mean,1.0,0.37,0.04,-0.24,2712.11,2909.79,0.98,-0.03,connectivity_alpha_mean
2284,connectivity_beta_mean,1.0,0.11,-0.02,0.03,2662.47,2860.19,0.96,0.11,connectivity_beta_mean
2285,connectivity_gamma_mean,1.0,0.05,0.02,0.25,2333.05,2530.89,0.91,0.25,connectivity_gamma_mean
2286,offset_mean,1.0,0.72,-0.02,-0.05,2557.02,2754.97,0.81,-0.22,offset_mean
2287,exponent_mean,1.0,0.98,0.01,0.02,2708.74,2906.7,0.9,-0.13,exponent_mean
2288,cf_alpha_mean,1.0,0.44,-0.1,-0.15,2676.98,2874.94,0.88,-0.15,cf_alpha_mean
2289,pw_alpha_mean,1.0,0.25,0.06,-0.27,2641.77,2839.62,0.95,-0.02,pw_alpha_mean
2290,bw_alpha_mean,1.0,0.36,0.05,-0.09,2607.88,2805.8,0.93,-0.11,bw_alpha_mean
2291,periodic_all_mean,1.0,0.06,0.07,0.13,2590.35,2788.31,0.9,-0.06,periodic_all_mean
