marker,mean,std,source
bankssts_lh_all_connectivity,0.3451114303059019,0.006709312858248124,controles : mediane et ecart-type
bankssts_lh_all_periodic,0.0621787660973143,0.028331190441513453,controles : mediane et ecart-type
bankssts_lh_alpha_connectivity,0.3515131546146243,0.014486970043734884,controles : mediane et ecart-type
bankssts_lh_alpha_entropy,0.5742419945602966,0.0022386533415200737,controles : mediane et ecart-type
bankssts_lh_alpha_knee_periodic,0.0620169919742526,0.11120777950157042,controles : mediane et ecart-type
bankssts_lh_alpha_periodic,0.0239364055043055,0.11918688406242638,controles : mediane et ecart-type
bankssts_lh_beta_connectivity,0.345557214796419,0.0065620132415535005,controles : mediane et ecart-type
bankssts_lh_beta_entropy,0.7214989598191577,0.005113082120655008,controles : mediane et ecart-type
bankssts_lh_beta_knee_periodic,0.0394463277095944,0.03952570005405077,controles : mediane et ecart-type
bankssts_lh_beta_periodic,0.022144544715507503,0.039449632242000925,controles : mediane et ecart-type
bankssts_lh_delta_connectivity,0.329016805048476,0.02268841221528131,controles : mediane et ecart-type
bankssts_lh_delta_entropy,0.4589954536379094,0.0011068391759895717,controles : mediane et ecart-type
bankssts_lh_delta_knee_periodic,0.0678315480964517,0.08804451443022063,controles : mediane et ecart-type
bankssts_lh_delta_periodic,0.1866684800552704,0.14813231327507462,controles : mediane et ecart-type
bankssts_lh_delta_psd,-23.39224142750909,0.6039061376387025,controles : mediane et ecart-type
bankssts_lh_exponent,0.7597026931882314,0.33486445852648333,controles : mediane et ecart-type
bankssts_lh_gamma_connectivity,0.347202293374787,0.009244495078369108,controles : mediane et ecart-type
bankssts_lh_gamma_entropy,0.848481756760092,0.001696597779885446,controles : mediane et ecart-type
bankssts_lh_gamma_knee_periodic,0.0625419105412844,0.05374426902821522,controles : mediane et ecart-type
bankssts_lh_gamma_periodic,0.09153493887321465,0.05526197068107402,controles : mediane et ecart-type
bankssts_lh_knee_exponent,0.3023002206248423,0.41734206554054004,controles : mediane et ecart-type
bankssts_lh_knee_offset,-24.26621590338008,1.6597701269808787,controles : mediane et ecart-type
bankssts_lh_offset,-23.2609941844722,0.6474082628239112,controles : mediane et ecart-type
bankssts_lh_theta_connectivity,0.3273842984884676,0.01116375452239941,controles : mediane et ecart-type
bankssts_lh_theta_entropy,0.5153308398993234,0.0019709377863315,controles : mediane et ecart-type
bankssts_lh_theta_knee_periodic,0.05366304092997015,0.10129771225329184,controles : mediane et ecart-type
bankssts_lh_theta_periodic,0.0188465915466642,0.10471396544776022,controles : mediane et ecart-type
bankssts_rh_all_connectivity,0.3445879429849639,0.006813460198737609,controles : mediane et ecart-type
bankssts_rh_all_periodic,0.0583897406664637,0.028394760667554912,controles : mediane et ecart-type
bankssts_rh_alpha_connectivity,0.35164574194751524,0.01466583162976576,controles : mediane et ecart-type
bankssts_rh_alpha_entropy,0.5742131390945555,0.00223626498044381,controles : mediane et ecart-type
bankssts_rh_alpha_knee_periodic,0.0744250381006566,0.11132016477920756,controles : mediane et ecart-type
bankssts_rh_alpha_periodic,0.025234547836638,0.12110903300791906,controles : mediane et ecart-type
bankssts_rh_beta_connectivity,0.345003897832103,0.006260246030219434,controles : mediane et ecart-type
bankssts_rh_beta_entropy,0.7207219002895131,0.004942692782721067,controles : mediane et ecart-type
bankssts_rh_beta_knee_periodic,0.0351793438658243,0.037506421226097264,controles : mediane et ecart-type
bankssts_rh_beta_periodic,0.0203161362776608,0.038354627722899666,controles : mediane et ecart-type
bankssts_rh_delta_connectivity,0.32878764953677087,0.02231621356680483,controles : mediane et ecart-type
bankssts_rh_delta_entropy,0.4590117355192868,0.0010281584373833333,controles : mediane et ecart-type
bankssts_rh_delta_knee_periodic,0.05649990584139995,0.08316799580389764,controles : mediane et ecart-type
bankssts_rh_delta_periodic,0.16712861153774095,0.13552663656935127,controles : mediane et ecart-type
bankssts_rh_delta_psd,-23.377791378322357,0.6234062397169755,controles : mediane et ecart-type
bankssts_rh_exponent,0.7963832981989275,0.3169328396901302,controles : mediane et ecart-type
bankssts_rh_gamma_connectivity,0.34676525764660127,0.008952521057287168,controles : mediane et ecart-type
bankssts_rh_gamma_entropy,0.8482331905762648,0.0016984915074043812,controles : mediane et ecart-type
bankssts_rh_gamma_knee_periodic,0.0599592505391246,0.04930338292528873,controles : mediane et ecart-type
bankssts_rh_gamma_periodic,0.09073508574340561,0.05290357034249465,controles : mediane et ecart-type
bankssts_rh_knee_exponent,0.37302359312021444,0.4314813353631785,controles : mediane et ecart-type
bankssts_rh_knee_offset,-24.033962969020763,1.6638943702927056,controles : mediane et ecart-type
bankssts_rh_offset,-23.162947074185034,0.6740211256420112,controles : mediane et ecart-type
bankssts_rh_theta_connectivity,0.3269594803603413,0.010940490774889526,controles : mediane et ecart-type
bankssts_rh_theta_entropy,0.5154138916213046,0.001957496820920434,controles : mediane et ecart-type
bankssts_rh_theta_knee_periodic,0.050437820603203,0.09840267176746915,controles : mediane et ecart-type
bankssts_rh_theta_periodic,0.015576056441237399,0.10160784183071424,controles : mediane et ecart-type
bw_alpha_mean,2.0983906688468763,0.6266817385946617,controles : mediane et ecart-type
caudalanteriorcingulate_lh_all_connectivity,0.3446593247040976,0.005598529732986277,controles : mediane et ecart-type
caudalanteriorcingulate_lh_all_periodic,0.0713757539050498,0.029133565857532028,controles : mediane et ecart-type
caudalanteriorcingulate_lh_alpha_connectivity,0.3520083109176587,0.014303252750891584,controles : mediane et ecart-type
caudalanteriorcingulate_lh_alpha_entropy,0.5728785036032151,0.0024022229776173624,controles : mediane et ecart-type
caudalanteriorcingulate_lh_alpha_knee_periodic,0.0863450559685284,0.09826411835731598,controles : mediane et ecart-type
caudalanteriorcingulate_lh_alpha_periodic,0.06247312447569495,0.1161696799891746,controles : mediane et ecart-type
caudalanteriorcingulate_lh_beta_connectivity,0.34541696885617834,0.005749993000729618,controles : mediane et ecart-type
caudalanteriorcingulate_lh_beta_entropy,0.7197870879316908,0.005592049082192758,controles : mediane et ecart-type
caudalanteriorcingulate_lh_beta_knee_periodic,0.0560550989334921,0.04714117846878912,controles : mediane et ecart-type
caudalanteriorcingulate_lh_beta_periodic,0.04589375467995735,0.052250581184278125,controles : mediane et ecart-type
caudalanteriorcingulate_lh_delta_connectivity,0.3239724372070663,0.022680787166023314,controles : mediane et ecart-type
caudalanteriorcingulate_lh_delta_entropy,0.45931302690552506,0.0010980591366921816,controles : mediane et ecart-type
caudalanteriorcingulate_lh_delta_knee_periodic,0.0465788367961799,0.08499286397403925,controles : mediane et ecart-type
caudalanteriorcingulate_lh_delta_periodic,0.1173034593237583,0.14256646607931814,controles : mediane et ecart-type
caudalanteriorcingulate_lh_delta_psd,-23.44165480128931,0.6353899054787918,controles : mediane et ecart-type
caudalanteriorcingulate_lh_exponent,1.007498381378518,0.29857525092675885,controles : mediane et ecart-type
caudalanteriorcingulate_lh_gamma_connectivity,0.3459077262139658,0.0073046788570154736,controles : mediane et ecart-type
caudalanteriorcingulate_lh_gamma_entropy,0.847191001743564,0.0018386187586476907,controles : mediane et ecart-type
caudalanteriorcingulate_lh_gamma_knee_periodic,0.03865823741056085,0.0375174789269064,controles : mediane et ecart-type
caudalanteriorcingulate_lh_gamma_periodic,0.0622757620318804,0.04971565100791148,controles : mediane et ecart-type
caudalanteriorcingulate_lh_knee_exponent,0.7950835786872851,0.49596879616835526,controles : mediane et ecart-type
caudalanteriorcingulate_lh_knee_offset,-23.37959911861945,1.3819897614440577,controles : mediane et ecart-type
caudalanteriorcingulate_lh_offset,-23.091885741257876,0.7387650870890279,controles : mediane et ecart-type
caudalanteriorcingulate_lh_theta_connectivity,0.3299917235955887,0.010728214160131333,controles : mediane et ecart-type
caudalanteriorcingulate_lh_theta_entropy,0.5157090326241573,0.002133992270974755,controles : mediane et ecart-type
caudalanteriorcingulate_lh_theta_knee_periodic,0.1276226006166347,0.11872820089205978,controles : mediane et ecart-type
caudalanteriorcingulate_lh_theta_periodic,0.11233255216976,0.11734595452060492,controles : mediane et ecart-type
caudalanteriorcingulate_rh_all_connectivity,0.34453990133900536,0.005803122142933358,controles : mediane et ecart-type
caudalanteriorcingulate_rh_all_periodic,0.07022874173769775,0.031040315658978048,controles : mediane et ecart-type
caudalanteriorcingulate_rh_alpha_connectivity,0.3518267097355044,0.013957079370087043,controles : mediane et ecart-type
caudalanteriorcingulate_rh_alpha_entropy,0.572954039585054,0.002346589616232621,controles : mediane et ecart-type
caudalanteriorcingulate_rh_alpha_knee_periodic,0.0839647898363584,0.09816891759553799,controles : mediane et ecart-type
caudalanteriorcingulate_rh_alpha_periodic,0.0601959287279116,0.1175352707102185,controles : mediane et ecart-type
caudalanteriorcingulate_rh_beta_connectivity,0.3453815454974381,0.005836713978916735,controles : mediane et ecart-type
caudalanteriorcingulate_rh_beta_entropy,0.719652629117215,0.005701977310635371,controles : mediane et ecart-type
caudalanteriorcingulate_rh_beta_knee_periodic,0.05725647969424745,0.04816236433675765,controles : mediane et ecart-type
caudalanteriorcingulate_rh_beta_periodic,0.04661049594493545,0.05478240435718993,controles : mediane et ecart-type
caudalanteriorcingulate_rh_delta_connectivity,0.3237164404550109,0.02268783990591093,controles : mediane et ecart-type
caudalanteriorcingulate_rh_delta_entropy,0.459233616499882,0.0010665258743003392,controles : mediane et ecart-type
caudalanteriorcingulate_rh_delta_knee_periodic,0.04475314922195965,0.08089044413067759,controles : mediane et ecart-type
caudalanteriorcingulate_rh_delta_periodic,0.1204358632578328,0.1467463081059478,controles : mediane et ecart-type
caudalanteriorcingulate_rh_delta_psd,-23.58501282053723,0.6272321522912215,controles : mediane et ecart-type
caudalanteriorcingulate_rh_exponent,0.9955053588384013,0.30294795954147585,controles : mediane et ecart-type
caudalanteriorcingulate_rh_gamma_connectivity,0.34610788057943054,0.007163360121420026,controles : mediane et ecart-type
caudalanteriorcingulate_rh_gamma_entropy,0.8471903510980114,0.0018783200366837018,controles : mediane et ecart-type
caudalanteriorcingulate_rh_gamma_knee_periodic,0.037748776805934,0.03619387995404976,controles : mediane et ecart-type
caudalanteriorcingulate_rh_gamma_periodic,0.0580974739088299,0.04829819466160377,controles : mediane et ecart-type
caudalanteriorcingulate_rh_knee_exponent,0.7677447064008374,0.5033416600003153,controles : mediane et ecart-type
caudalanteriorcingulate_rh_knee_offset,-23.55316228426169,1.4282162845982775,controles : mediane et ecart-type
caudalanteriorcingulate_rh_offset,-23.266479168392507,0.7286424785718493,controles : mediane et ecart-type
caudalanteriorcingulate_rh_theta_connectivity,0.3300264576457999,0.010932575876251533,controles : mediane et ecart-type
caudalanteriorcingulate_rh_theta_entropy,0.5157414751074484,0.0021000313814122534,controles : mediane et ecart-type
caudalanteriorcingulate_rh_theta_knee_periodic,0.11973561491261969,0.11652801263687215,controles : mediane et ecart-type
caudalanteriorcingulate_rh_theta_periodic,0.106721566456517,0.11495425768048798,controles : mediane et ecart-type
caudalmiddlefrontal_lh_all_connectivity,0.3445366328871195,0.006110597727596907,controles : mediane et ecart-type
caudalmiddlefrontal_lh_all_periodic,0.0638668414771251,0.02807914307233925,controles : mediane et ecart-type
caudalmiddlefrontal_lh_alpha_connectivity,0.35242419863282337,0.014696441775366364,controles : mediane et ecart-type
caudalmiddlefrontal_lh_alpha_entropy,0.5737451802137069,0.0024037199934645206,controles : mediane et ecart-type
caudalmiddlefrontal_lh_alpha_knee_periodic,0.06868147446903619,0.10856448979846375,controles : mediane et ecart-type
caudalmiddlefrontal_lh_alpha_periodic,0.0319531460711519,0.11659530542873711,controles : mediane et ecart-type
caudalmiddlefrontal_lh_beta_connectivity,0.3452545279365017,0.00613104127123551,controles : mediane et ecart-type
caudalmiddlefrontal_lh_beta_entropy,0.7209012134084403,0.004813746852865541,controles : mediane et ecart-type
caudalmiddlefrontal_lh_beta_knee_periodic,0.0525278941207465,0.04576077297707643,controles : mediane et ecart-type
caudalmiddlefrontal_lh_beta_periodic,0.0349751253662924,0.04617614914162656,controles : mediane et ecart-type
caudalmiddlefrontal_lh_delta_connectivity,0.327614529575441,0.022540677854487427,controles : mediane et ecart-type
caudalmiddlefrontal_lh_delta_entropy,0.45909610143186896,0.0010916583373525468,controles : mediane et ecart-type
caudalmiddlefrontal_lh_delta_knee_periodic,0.059043661969374,0.08183004258248686,controles : mediane et ecart-type
caudalmiddlefrontal_lh_delta_periodic,0.1626998366776204,0.13629334322660683,controles : mediane et ecart-type
caudalmiddlefrontal_lh_delta_psd,-24.34936266044315,0.5625343731526538,controles : mediane et ecart-type
caudalmiddlefrontal_lh_exponent,0.8370552714774325,0.3185253479304458,controles : mediane et ecart-type
caudalmiddlefrontal_lh_gamma_connectivity,0.3460973123232194,0.007829466344669921,controles : mediane et ecart-type
caudalmiddlefrontal_lh_gamma_entropy,0.8479269068994681,0.0017265768717611837,controles : mediane et ecart-type
caudalmiddlefrontal_lh_gamma_knee_periodic,0.0449951205944118,0.04246845926131946,controles : mediane et ecart-type
caudalmiddlefrontal_lh_gamma_periodic,0.07216736683880196,0.04953171995847686,controles : mediane et ecart-type
caudalmiddlefrontal_lh_knee_exponent,0.4695545916208055,0.4401494841619342,controles : mediane et ecart-type
caudalmiddlefrontal_lh_knee_offset,-24.85999437198653,1.6995087511843594,controles : mediane et ecart-type
caudalmiddlefrontal_lh_offset,-24.121526888493975,0.6553897799413045,controles : mediane et ecart-type
caudalmiddlefrontal_lh_theta_connectivity,0.3281629294599245,0.010691071251524567,controles : mediane et ecart-type
caudalmiddlefrontal_lh_theta_entropy,0.515597834030369,0.0018551291789149999,controles : mediane et ecart-type
caudalmiddlefrontal_lh_theta_knee_periodic,0.0753640728875001,0.10379676683061731,controles : mediane et ecart-type
caudalmiddlefrontal_lh_theta_periodic,0.042608182397741196,0.10975830558615222,controles : mediane et ecart-type
caudalmiddlefrontal_rh_all_connectivity,0.34442590660344163,0.006036417103721004,controles : mediane et ecart-type
caudalmiddlefrontal_rh_all_periodic,0.063688118614583,0.02773892514803279,controles : mediane et ecart-type
caudalmiddlefrontal_rh_alpha_connectivity,0.3513958724965016,0.013968467122837246,controles : mediane et ecart-type
caudalmiddlefrontal_rh_alpha_entropy,0.5738828835160315,0.0022954752128722376,controles : mediane et ecart-type
caudalmiddlefrontal_rh_alpha_knee_periodic,0.0573240413188989,0.10668868677606382,controles : mediane et ecart-type
caudalmiddlefrontal_rh_alpha_periodic,0.0155481221435489,0.11418364532170763,controles : mediane et ecart-type
caudalmiddlefrontal_rh_beta_connectivity,0.34511492918086134,0.005888667222169788,controles : mediane et ecart-type
caudalmiddlefrontal_rh_beta_entropy,0.7215941538439901,0.0047333970541433125,controles : mediane et ecart-type
caudalmiddlefrontal_rh_beta_knee_periodic,0.0536604156220781,0.0475270832530226,controles : mediane et ecart-type
caudalmiddlefrontal_rh_beta_periodic,0.0366590661934725,0.04608493653412217,controles : mediane et ecart-type
caudalmiddlefrontal_rh_delta_connectivity,0.3277663315137108,0.02260289966167404,controles : mediane et ecart-type
caudalmiddlefrontal_rh_delta_entropy,0.45905161877651557,0.0010466340259425414,controles : mediane et ecart-type
caudalmiddlefrontal_rh_delta_knee_periodic,0.0568748811214175,0.08457375951966141,controles : mediane et ecart-type
caudalmiddlefrontal_rh_delta_periodic,0.1803221834283491,0.13945558611531245,controles : mediane et ecart-type
caudalmiddlefrontal_rh_exponent,0.7906510858851091,0.3226471166254383,controles : mediane et ecart-type
caudalmiddlefrontal_rh_gamma_connectivity,0.3458699274399377,0.007696817687048289,controles : mediane et ecart-type
caudalmiddlefrontal_rh_gamma_entropy,0.8480181814803446,0.0016818275259110017,controles : mediane et ecart-type
caudalmiddlefrontal_rh_gamma_knee_periodic,0.0462617568240963,0.04755588383828143,controles : mediane et ecart-type
caudalmiddlefrontal_rh_gamma_periodic,0.0766186157312728,0.051503070289490124,controles : mediane et ecart-type
caudalmiddlefrontal_rh_knee_exponent,0.3529369004509357,0.4329125634952021,controles : mediane et ecart-type
caudalmiddlefrontal_rh_knee_offset,-24.819732074650567,1.7005539695192489,controles : mediane et ecart-type
caudalmiddlefrontal_rh_offset,-23.94158064936626,0.6552231773210777,controles : mediane et ecart-type
caudalmiddlefrontal_rh_theta_connectivity,0.32729445345506786,0.010963478676261377,controles : mediane et ecart-type
caudalmiddlefrontal_rh_theta_entropy,0.5155653207753071,0.0017856782058201406,controles : mediane et ecart-type
caudalmiddlefrontal_rh_theta_knee_periodic,0.06545345113847015,0.09670637082095072,controles : mediane et ecart-type
caudalmiddlefrontal_rh_theta_periodic,0.0349312316438504,0.10178173035805142,controles : mediane et ecart-type
cf_alpha_mean,8.337551666127556,1.6472867246844771,controles : mediane et ecart-type
connectivity_alpha_mean,0.3542389264053581,0.0137354273856996,controles : mediane et ecart-type
connectivity_beta_mean,0.3456951790455898,0.0058083107832493,controles : mediane et ecart-type
connectivity_delta_mean,0.3261948341932975,0.0213066538915493,controles : mediane et ecart-type
connectivity_gamma_mean,0.34652542560951,0.0075926553598819,controles : mediane et ecart-type
connectivity_theta_mean,0.3289399526668844,0.0096713421448777,controles : mediane et ecart-type
cuneus_lh_all_connectivity,0.34441897450123193,0.0063030254291288,controles : mediane et ecart-type
cuneus_lh_all_periodic,0.06712133155483574,0.029371009049567832,controles : mediane et ecart-type
cuneus_lh_alpha_connectivity,0.3564385932650658,0.017556614325535232,controles : mediane et ecart-type
cuneus_lh_alpha_entropy,0.5740909882936083,0.0030246329819405677,controles : mediane et ecart-type
cuneus_lh_alpha_knee_periodic,0.159809398912682,0.14489081784286723,controles : mediane et ecart-type
cuneus_lh_alpha_periodic,0.15323572808979274,0.1815012874462248,controles : mediane et ecart-type
cuneus_lh_beta_connectivity,0.34485776225416,0.005975216720771223,controles : mediane et ecart-type
cuneus_lh_beta_entropy,0.7162041478230422,0.0065232942980841665,controles : mediane et ecart-type
cuneus_lh_beta_knee_periodic,0.0315131240281311,0.034724335159497736,controles : mediane et ecart-type
cuneus_lh_beta_periodic,0.02819544329959875,0.04419737171866965,controles : mediane et ecart-type
cuneus_lh_delta_connectivity,0.326847924402534,0.02297806683743103,controles : mediane et ecart-type
cuneus_lh_delta_entropy,0.4592177917635547,0.0010779425502223435,controles : mediane et ecart-type
cuneus_lh_delta_knee_periodic,0.02711356653652735,0.06808569527272976,controles : mediane et ecart-type
cuneus_lh_delta_periodic,0.0727736604985723,0.11122229735466384,controles : mediane et ecart-type
cuneus_lh_exponent,1.0517945555466541,0.2956602661475436,controles : mediane et ecart-type
cuneus_lh_gamma_connectivity,0.34531567342383923,0.007587102132006319,controles : mediane et ecart-type
cuneus_lh_gamma_entropy,0.8474046031357328,0.001642679423021873,controles : mediane et ecart-type
cuneus_lh_gamma_knee_periodic,0.05330875162674255,0.04534911503800619,controles : mediane et ecart-type
cuneus_lh_gamma_periodic,0.06294950765912194,0.05694655387078031,controles : mediane et ecart-type
cuneus_lh_knee_exponent,0.9950133253351473,0.5456265844762623,controles : mediane et ecart-type
cuneus_lh_knee_offset,-23.125511554357107,1.2285549148118522,controles : mediane et ecart-type
cuneus_lh_offset,-23.074253820728543,0.7345253383340393,controles : mediane et ecart-type
cuneus_lh_theta_connectivity,0.3280887370699169,0.011045130711317802,controles : mediane et ecart-type
cuneus_lh_theta_entropy,0.5157701743528478,0.002154881309575125,controles : mediane et ecart-type
cuneus_lh_theta_knee_periodic,0.0406873316563772,0.10228403815376574,controles : mediane et ecart-type
cuneus_lh_theta_periodic,0.03854259248253865,0.0982745072186055,controles : mediane et ecart-type
cuneus_rh_all_connectivity,0.344334497217506,0.006282059510307713,controles : mediane et ecart-type
cuneus_rh_all_periodic,0.0672399321129765,0.02951473035221049,controles : mediane et ecart-type
cuneus_rh_alpha_connectivity,0.3560137607294748,0.01776503156159729,controles : mediane et ecart-type
cuneus_rh_alpha_entropy,0.5742064281518525,0.0029421218831209178,controles : mediane et ecart-type
cuneus_rh_alpha_knee_periodic,0.16329874439994574,0.15041733077131822,controles : mediane et ecart-type
cuneus_rh_alpha_periodic,0.15011237088835655,0.18946325156549187,controles : mediane et ecart-type
cuneus_rh_beta_connectivity,0.34481125217150543,0.005710589837376896,controles : mediane et ecart-type
cuneus_rh_beta_entropy,0.7157585315992767,0.006642366970815855,controles : mediane et ecart-type
cuneus_rh_beta_knee_periodic,0.0322193828761477,0.035218585449085564,controles : mediane et ecart-type
cuneus_rh_beta_periodic,0.0284504405499861,0.04561651792374356,controles : mediane et ecart-type
cuneus_rh_delta_connectivity,0.3259127671028847,0.022267052921245915,controles : mediane et ecart-type
cuneus_rh_delta_entropy,0.4591776444850365,0.0011142521738420523,controles : mediane et ecart-type
cuneus_rh_delta_knee_periodic,0.02818556275849045,0.06939675824692661,controles : mediane et ecart-type
cuneus_rh_delta_periodic,0.0691707399828853,0.11094056577053325,controles : mediane et ecart-type
cuneus_rh_exponent,1.0447386978546973,0.2963707442137301,controles : mediane et ecart-type
cuneus_rh_gamma_connectivity,0.3453935504594242,0.007566024529308679,controles : mediane et ecart-type
cuneus_rh_gamma_entropy,0.8474177541763626,0.001613747540945981,controles : mediane et ecart-type
cuneus_rh_gamma_knee_periodic,0.0559377899411699,0.04500201796681879,controles : mediane et ecart-type
cuneus_rh_gamma_periodic,0.0619755978790861,0.056694004530639115,controles : mediane et ecart-type
cuneus_rh_knee_exponent,0.9907546494343591,0.5453717302144906,controles : mediane et ecart-type
cuneus_rh_knee_offset,-23.16042218506267,1.209994189931171,controles : mediane et ecart-type
cuneus_rh_offset,-23.093115676787633,0.7251427084351317,controles : mediane et ecart-type
cuneus_rh_theta_connectivity,0.3287065709476361,0.010982223087600768,controles : mediane et ecart-type
cuneus_rh_theta_entropy,0.5159145340976927,0.0022502818027965226,controles : mediane et ecart-type
cuneus_rh_theta_knee_periodic,0.0369788519065421,0.10089800567222014,controles : mediane et ecart-type
cuneus_rh_theta_periodic,0.03654597069120525,0.09663012569370716,controles : mediane et ecart-type
entorhinal_lh_all_connectivity,0.3458471414353601,0.007129487235254477,controles : mediane et ecart-type
entorhinal_lh_all_periodic,0.067364598817791,0.031247772988874083,controles : mediane et ecart-type
entorhinal_lh_alpha_connectivity,0.3543502929993986,0.015326039119244649,controles : mediane et ecart-type
entorhinal_lh_alpha_entropy,0.5737551061728092,0.0022545841831676187,controles : mediane et ecart-type
entorhinal_lh_alpha_knee_periodic,0.0897366303124574,0.11770805281129564,controles : mediane et ecart-type
entorhinal_lh_alpha_periodic,0.0451663447577717,0.13359309782755946,controles : mediane et ecart-type
entorhinal_lh_beta_connectivity,0.34643913289298833,0.0072049293076696585,controles : mediane et ecart-type
entorhinal_lh_beta_entropy,0.7217266857547501,0.004840256796527271,controles : mediane et ecart-type
entorhinal_lh_beta_knee_periodic,0.03558494870534755,0.03928952484849838,controles : mediane et ecart-type
entorhinal_lh_beta_periodic,0.0217016862915605,0.03916085980566157,controles : mediane et ecart-type
entorhinal_lh_delta_connectivity,0.3258658867583071,0.023672975014402044,controles : mediane et ecart-type
entorhinal_lh_delta_entropy,0.4588765019248996,0.0010912163732114263,controles : mediane et ecart-type
entorhinal_lh_delta_knee_periodic,0.0826626656787347,0.09718878729889197,controles : mediane et ecart-type
entorhinal_lh_delta_periodic,0.1957749066760065,0.15912968458996463,controles : mediane et ecart-type
entorhinal_lh_exponent,0.8857600677642659,0.27887715529142276,controles : mediane et ecart-type
entorhinal_lh_gamma_connectivity,0.3471380030290408,0.008349991315001035,controles : mediane et ecart-type
entorhinal_lh_gamma_entropy,0.8479020057385664,0.0015039078962736049,controles : mediane et ecart-type
entorhinal_lh_gamma_knee_periodic,0.054265313425076,0.048267360009726056,controles : mediane et ecart-type
entorhinal_lh_gamma_periodic,0.0907649092093081,0.0646703310605662,controles : mediane et ecart-type
entorhinal_lh_knee_exponent,0.484508162449023,0.42717228948586555,controles : mediane et ecart-type
entorhinal_lh_knee_offset,-23.970472804951,1.4461790281258131,controles : mediane et ecart-type
entorhinal_lh_offset,-23.236801341045144,0.6668321941915687,controles : mediane et ecart-type
entorhinal_lh_theta_connectivity,0.329916279333273,0.011708504516071649,controles : mediane et ecart-type
entorhinal_lh_theta_entropy,0.5153009322873866,0.0019802142680111533,controles : mediane et ecart-type
entorhinal_lh_theta_knee_periodic,0.0923020306871582,0.10884652810585439,controles : mediane et ecart-type
entorhinal_lh_theta_periodic,0.041668742227289,0.11806433929888925,controles : mediane et ecart-type
entorhinal_rh_all_connectivity,0.3454625774447312,0.007083225479685844,controles : mediane et ecart-type
entorhinal_rh_all_periodic,0.0675306481489612,0.03136625032840922,controles : mediane et ecart-type
entorhinal_rh_alpha_connectivity,0.35405477117707485,0.015498719868536279,controles : mediane et ecart-type
entorhinal_rh_alpha_entropy,0.5737582393784719,0.002293311254654986,controles : mediane et ecart-type
entorhinal_rh_alpha_knee_periodic,0.0964245108468468,0.11730111489746223,controles : mediane et ecart-type
entorhinal_rh_alpha_periodic,0.04821229880622775,0.13777265480648365,controles : mediane et ecart-type
entorhinal_rh_beta_connectivity,0.34596942855662927,0.0069054968760942975,controles : mediane et ecart-type
entorhinal_rh_beta_entropy,0.721541360917521,0.00499307680206939,controles : mediane et ecart-type
entorhinal_rh_beta_knee_periodic,0.03947053099613505,0.03966222959001866,controles : mediane et ecart-type
entorhinal_rh_beta_periodic,0.0229089760969508,0.03961753442983092,controles : mediane et ecart-type
entorhinal_rh_delta_connectivity,0.3260359791098124,0.023459359347503223,controles : mediane et ecart-type
entorhinal_rh_delta_entropy,0.4589152710139306,0.0010573736573440543,controles : mediane et ecart-type
entorhinal_rh_delta_knee_periodic,0.0767305030689993,0.09658080890422668,controles : mediane et ecart-type
entorhinal_rh_delta_periodic,0.1836139578880882,0.15809893984517615,controles : mediane et ecart-type
entorhinal_rh_exponent,0.8985994361171954,0.27821347254518886,controles : mediane et ecart-type
entorhinal_rh_gamma_connectivity,0.3472166339258531,0.008579227038441538,controles : mediane et ecart-type
entorhinal_rh_gamma_entropy,0.8478886941334417,0.0015162048410864767,controles : mediane et ecart-type
entorhinal_rh_gamma_knee_periodic,0.0558274125892236,0.049890019637665865,controles : mediane et ecart-type
entorhinal_rh_gamma_periodic,0.0897019009447555,0.06373535898620188,controles : mediane et ecart-type
entorhinal_rh_knee_exponent,0.48151868690924193,0.4309434253855108,controles : mediane et ecart-type
entorhinal_rh_knee_offset,-23.97301500426476,1.4379796844190356,controles : mediane et ecart-type
entorhinal_rh_offset,-23.237074124348585,0.6679719773375256,controles : mediane et ecart-type
entorhinal_rh_theta_connectivity,0.3293149748444496,0.011673756526467259,controles : mediane et ecart-type
entorhinal_rh_theta_entropy,0.5153654171613742,0.0019844744635093897,controles : mediane et ecart-type
entorhinal_rh_theta_knee_periodic,0.0932159639062225,0.11362224130756149,controles : mediane et ecart-type
entorhinal_rh_theta_periodic,0.0470326389706189,0.12339626303670664,controles : mediane et ecart-type
entropy_alpha_mean,0.5738224457789474,0.0021982703428527,controles : mediane et ecart-type
entropy_beta_mean,0.7198643178884124,0.0043767137116587,controles : mediane et ecart-type
entropy_delta_mean,0.4590810845755829,0.0004930385004651,controles : mediane et ecart-type
entropy_gamma_mean,0.8477326417460471,0.0011898760544774,controles : mediane et ecart-type
entropy_theta_mean,0.5155614927756929,0.0015629105866212,controles : mediane et ecart-type
exponent_mean,0.7569644145528753,0.2799508287102772,controles : mediane et ecart-type
frontalpole_lh_all_connectivity,0.3447076862820755,0.0063986149155874925,controles : mediane et ecart-type
frontalpole_lh_all_periodic,0.076390067825029,0.03478780239178623,controles : mediane et ecart-type
frontalpole_lh_alpha_connectivity,0.3512420134180681,0.013949594593387177,controles : mediane et ecart-type
frontalpole_lh_alpha_entropy,0.5737058423947887,0.0019681330832394175,controles : mediane et ecart-type
frontalpole_lh_alpha_knee_periodic,0.0355167581370405,0.11701488934950258,controles : mediane et ecart-type
frontalpole_lh_alpha_periodic,-0.006039114571849399,0.12194985761766451,controles : mediane et ecart-type
frontalpole_lh_beta_connectivity,0.3449569611342377,0.006036559533699755,controles : mediane et ecart-type
frontalpole_lh_beta_entropy,0.7233922356031903,0.005520631036126538,controles : mediane et ecart-type
frontalpole_lh_beta_knee_periodic,0.0644506283492167,0.055037303655562884,controles : mediane et ecart-type
frontalpole_lh_beta_periodic,0.04460478818924825,0.051129178063187744,controles : mediane et ecart-type
frontalpole_lh_delta_connectivity,0.328892482720945,0.023911324863370473,controles : mediane et ecart-type
frontalpole_lh_delta_entropy,0.4586815132072816,0.001047271563753925,controles : mediane et ecart-type
frontalpole_lh_delta_knee_periodic,0.092834758425071,0.09878214258985882,controles : mediane et ecart-type
frontalpole_lh_delta_periodic,0.2553908801453897,0.17255127561197056,controles : mediane et ecart-type
frontalpole_lh_exponent,0.742626014940117,0.34675594139515264,controles : mediane et ecart-type
frontalpole_lh_gamma_connectivity,0.3464357203955981,0.00810927022640217,controles : mediane et ecart-type
frontalpole_lh_gamma_entropy,0.8476893817880898,0.0018491740643605972,controles : mediane et ecart-type
frontalpole_lh_gamma_knee_periodic,0.0744613487475312,0.06020198850329612,controles : mediane et ecart-type
frontalpole_lh_gamma_periodic,0.1030410715096235,0.0580107588412587,controles : mediane et ecart-type
frontalpole_lh_knee_exponent,0.1951628256704421,0.39432110560663564,controles : mediane et ecart-type
frontalpole_lh_knee_offset,-24.18140736888082,1.7069762451546675,controles : mediane et ecart-type
frontalpole_lh_offset,-22.92419774907566,0.6425292731098916,controles : mediane et ecart-type
frontalpole_lh_theta_connectivity,0.32966432944348995,0.012173390185492688,controles : mediane et ecart-type
frontalpole_lh_theta_entropy,0.5151547740792048,0.001847771477539835,controles : mediane et ecart-type
frontalpole_lh_theta_knee_periodic,0.07920030470284095,0.10685204315430026,controles : mediane et ecart-type
frontalpole_lh_theta_periodic,0.0328478313263567,0.12433316991469943,controles : mediane et ecart-type
frontalpole_rh_all_connectivity,0.3447013425268427,0.006469656096830527,controles : mediane et ecart-type
frontalpole_rh_all_periodic,0.0737359544148723,0.033640973177962386,controles : mediane et ecart-type
frontalpole_rh_alpha_connectivity,0.3518620635032008,0.01407784068804207,controles : mediane et ecart-type
frontalpole_rh_alpha_entropy,0.5738081591556413,0.0019743562248621025,controles : mediane et ecart-type
frontalpole_rh_alpha_knee_periodic,0.0404938790860589,0.11698553172584267,controles : mediane et ecart-type
frontalpole_rh_alpha_periodic,-0.0064149602154574,0.12314879972981257,controles : mediane et ecart-type
frontalpole_rh_beta_connectivity,0.3449787925738207,0.0060841838652223815,controles : mediane et ecart-type
frontalpole_rh_beta_entropy,0.7231655847196198,0.005405989827526808,controles : mediane et ecart-type
frontalpole_rh_beta_knee_periodic,0.0613144776936385,0.05480476744503363,controles : mediane et ecart-type
frontalpole_rh_beta_periodic,0.04248523861824815,0.05098659801394811,controles : mediane et ecart-type
frontalpole_rh_delta_connectivity,0.3276628186722931,0.02301528429959955,controles : mediane et ecart-type
frontalpole_rh_delta_entropy,0.4587247202094111,0.0010645249188621266,controles : mediane et ecart-type
frontalpole_rh_delta_knee_periodic,0.0877814198570545,0.09698613813180976,controles : mediane et ecart-type
frontalpole_rh_delta_periodic,0.2342522589209341,0.1581724778240325,controles : mediane et ecart-type
frontalpole_rh_exponent,0.7786460420177888,0.32547651511087294,controles : mediane et ecart-type
frontalpole_rh_gamma_connectivity,0.3461426321767189,0.00802156811594959,controles : mediane et ecart-type
frontalpole_rh_gamma_entropy,0.8476494876619871,0.001760463901684813,controles : mediane et ecart-type
frontalpole_rh_gamma_knee_periodic,0.0688692296559906,0.05852795742087849,controles : mediane et ecart-type
frontalpole_rh_gamma_periodic,0.1008332383872677,0.05952460589316431,controles : mediane et ecart-type
frontalpole_rh_knee_exponent,0.2324779354901881,0.38911832676740565,controles : mediane et ecart-type
frontalpole_rh_knee_offset,-24.0416993256435,1.646377167212991,controles : mediane et ecart-type
frontalpole_rh_offset,-22.8832825215329,0.6140953733230622,controles : mediane et ecart-type
frontalpole_rh_theta_connectivity,0.32945444701185345,0.012273035704164756,controles : mediane et ecart-type
frontalpole_rh_theta_entropy,0.5152359608615752,0.0018400071748065276,controles : mediane et ecart-type
frontalpole_rh_theta_knee_periodic,0.07928508284701224,0.10371385877184151,controles : mediane et ecart-type
frontalpole_rh_theta_periodic,0.0265977805943169,0.11432775978112933,controles : mediane et ecart-type
fusiform_lh_all_connectivity,0.34705557917138535,0.008151691173070954,controles : mediane et ecart-type
fusiform_lh_all_periodic,0.0626906109378651,0.02803286259442448,controles : mediane et ecart-type
fusiform_lh_alpha_connectivity,0.356647993574595,0.015303740656752475,controles : mediane et ecart-type
fusiform_lh_alpha_entropy,0.5739579435517944,0.00229634701702119,controles : mediane et ecart-type
fusiform_lh_alpha_knee_periodic,0.0893890001843959,0.10764682891409455,controles : mediane et ecart-type
fusiform_lh_alpha_periodic,0.0508270629263359,0.12848875962587059,controles : mediane et ecart-type
fusiform_lh_beta_connectivity,0.3481021159533694,0.009209376583030875,controles : mediane et ecart-type
fusiform_lh_beta_entropy,0.720778737741588,0.004941456877170104,controles : mediane et ecart-type
fusiform_lh_beta_knee_periodic,0.0416069657074899,0.03970757047518634,controles : mediane et ecart-type
fusiform_lh_beta_periodic,0.0260563715832973,0.045192770750696075,controles : mediane et ecart-type
fusiform_lh_delta_connectivity,0.3265579427716603,0.022761969388418072,controles : mediane et ecart-type
fusiform_lh_delta_entropy,0.4590628719311996,0.0011618798553858617,controles : mediane et ecart-type
fusiform_lh_delta_knee_periodic,0.0688993857993383,0.08580723127253173,controles : mediane et ecart-type
fusiform_lh_delta_periodic,0.164708203393225,0.14508421905837662,controles : mediane et ecart-type
fusiform_lh_exponent,0.8590393225197124,0.27620603004941463,controles : mediane et ecart-type
fusiform_lh_gamma_connectivity,0.34819183798298237,0.009513530155984403,controles : mediane et ecart-type
fusiform_lh_gamma_entropy,0.8478458901809474,0.0015748343898381995,controles : mediane et ecart-type
fusiform_lh_gamma_knee_periodic,0.0497498508328223,0.04837558169952577,controles : mediane et ecart-type
fusiform_lh_gamma_periodic,0.07450392062109956,0.05983174687790574,controles : mediane et ecart-type
fusiform_lh_knee_exponent,0.5470641079393307,0.45605363328680365,controles : mediane et ecart-type
fusiform_lh_knee_offset,-24.055820277389,1.5476297498666463,controles : mediane et ecart-type
fusiform_lh_offset,-23.445444733490845,0.6490197524829694,controles : mediane et ecart-type
fusiform_lh_theta_connectivity,0.3298068263573729,0.010999744687326162,controles : mediane et ecart-type
fusiform_lh_theta_entropy,0.5155740075698363,0.002106246276634368,controles : mediane et ecart-type
fusiform_lh_theta_knee_periodic,0.064611777312161,0.09631459116201795,controles : mediane et ecart-type
fusiform_lh_theta_periodic,0.0319066335522789,0.09910769684011138,controles : mediane et ecart-type
fusiform_rh_all_connectivity,0.346863441958557,0.008003050148835879,controles : mediane et ecart-type
fusiform_rh_all_periodic,0.061668104191587456,0.028392278942148734,controles : mediane et ecart-type
fusiform_rh_alpha_connectivity,0.3559875479842157,0.016578159128284625,controles : mediane et ecart-type
fusiform_rh_alpha_entropy,0.5740443503703941,0.0023099855510110624,controles : mediane et ecart-type
fusiform_rh_alpha_knee_periodic,0.0984267046368228,0.1151022748434787,controles : mediane et ecart-type
fusiform_rh_alpha_periodic,0.05386447113969945,0.13776117848357985,controles : mediane et ecart-type
fusiform_rh_beta_connectivity,0.3476649830786004,0.008411942535996806,controles : mediane et ecart-type
fusiform_rh_beta_entropy,0.7207377776074982,0.005230668751348278,controles : mediane et ecart-type
fusiform_rh_beta_knee_periodic,0.0372170564600064,0.03890437078166377,controles : mediane et ecart-type
fusiform_rh_beta_periodic,0.0210597715010065,0.04079099691052056,controles : mediane et ecart-type
fusiform_rh_delta_connectivity,0.3269852719308638,0.022753875311129605,controles : mediane et ecart-type
fusiform_rh_delta_entropy,0.4589861485756342,0.0011121964276611753,controles : mediane et ecart-type
fusiform_rh_delta_knee_periodic,0.0613581685681154,0.08504493283828074,controles : mediane et ecart-type
fusiform_rh_delta_periodic,0.15390293227197085,0.13203892042396978,controles : mediane et ecart-type
fusiform_rh_exponent,0.8532808321164519,0.2800116088812339,controles : mediane et ecart-type
fusiform_rh_gamma_connectivity,0.3473204617661328,0.009205940255978663,controles : mediane et ecart-type
fusiform_rh_gamma_entropy,0.8480098734927943,0.0015046156900275004,controles : mediane et ecart-type
fusiform_rh_gamma_knee_periodic,0.05210501664222075,0.046099312207446876,controles : mediane et ecart-type
fusiform_rh_gamma_periodic,0.08039341507685349,0.0597928528366237,controles : mediane et ecart-type
fusiform_rh_knee_exponent,0.5076552943826584,0.47632071260886993,controles : mediane et ecart-type
fusiform_rh_knee_offset,-24.014597870456768,1.5331711282585827,controles : mediane et ecart-type
fusiform_rh_offset,-23.36791273448474,0.6596353643220031,controles : mediane et ecart-type
fusiform_rh_theta_connectivity,0.3290917580572459,0.011681324607854374,controles : mediane et ecart-type
fusiform_rh_theta_entropy,0.5155898911908711,0.0021629156956210023,controles : mediane et ecart-type
fusiform_rh_theta_knee_periodic,0.06061637352190115,0.10086668445459257,controles : mediane et ecart-type
fusiform_rh_theta_periodic,0.02215168638086375,0.10062537727616847,controles : mediane et ecart-type
inferiorparietal_lh_all_connectivity,0.3446997868640881,0.0068797383853910765,controles : mediane et ecart-type
inferiorparietal_lh_all_periodic,0.0593513402272221,0.02662601616524655,controles : mediane et ecart-type
inferiorparietal_lh_alpha_connectivity,0.3529843135444993,0.015821949712953406,controles : mediane et ecart-type
inferiorparietal_lh_alpha_entropy,0.573957001660754,0.0023697623669700347,controles : mediane et ecart-type
inferiorparietal_lh_alpha_knee_periodic,0.0972987476284599,0.10897561582579694,controles : mediane et ecart-type
inferiorparietal_lh_alpha_periodic,0.0637215404981486,0.12954203725155428,controles : mediane et ecart-type
inferiorparietal_lh_beta_connectivity,0.3452599327668513,0.006523760318846843,controles : mediane et ecart-type
inferiorparietal_lh_beta_entropy,0.7192210748358778,0.005377066025180673,controles : mediane et ecart-type
inferiorparietal_lh_beta_knee_periodic,0.03542486895665595,0.03638471917371442,controles : mediane et ecart-type
inferiorparietal_lh_beta_periodic,0.0225310300197497,0.03988897727436202,controles : mediane et ecart-type
inferiorparietal_lh_delta_connectivity,0.3290076131725066,0.022287492558552686,controles : mediane et ecart-type
inferiorparietal_lh_delta_entropy,0.4590671449657847,0.001076153714269418,controles : mediane et ecart-type
inferiorparietal_lh_delta_knee_periodic,0.0406734923461183,0.07520271037108145,controles : mediane et ecart-type
inferiorparietal_lh_delta_periodic,0.1288218032650505,0.12100915446116632,controles : mediane et ecart-type
inferiorparietal_lh_exponent,0.9257918515867278,0.29894032974337864,controles : mediane et ecart-type
inferiorparietal_lh_gamma_connectivity,0.34654095744063124,0.008943162021033743,controles : mediane et ecart-type
inferiorparietal_lh_gamma_entropy,0.8477664630897889,0.0017128151308241882,controles : mediane et ecart-type
inferiorparietal_lh_gamma_knee_periodic,0.0524475628249557,0.04370869674500656,controles : mediane et ecart-type
inferiorparietal_lh_gamma_periodic,0.0755530742576543,0.05392616772518406,controles : mediane et ecart-type
inferiorparietal_lh_knee_exponent,0.6495524743214003,0.4887815861727972,controles : mediane et ecart-type
inferiorparietal_lh_knee_offset,-24.349441918933465,1.5564732714114333,controles : mediane et ecart-type
inferiorparietal_lh_offset,-23.866462160452617,0.7282220615390776,controles : mediane et ecart-type
inferiorparietal_lh_theta_connectivity,0.3274487212167836,0.011495166635187458,controles : mediane et ecart-type
inferiorparietal_lh_theta_entropy,0.5155386073151328,0.001978670672164424,controles : mediane et ecart-type
inferiorparietal_lh_theta_knee_periodic,0.0538004126611157,0.09540230845593342,controles : mediane et ecart-type
inferiorparietal_lh_theta_periodic,0.0231251919588051,0.09698601030721606,controles : mediane et ecart-type
inferiorparietal_rh_all_connectivity,0.34426785522293285,0.00665609632807805,controles : mediane et ecart-type
inferiorparietal_rh_all_periodic,0.0581300996979787,0.026495172741838026,controles : mediane et ecart-type
inferiorparietal_rh_alpha_connectivity,0.3525395122393858,0.015333336047754487,controles : mediane et ecart-type
inferiorparietal_rh_alpha_entropy,0.5740804694664823,0.0023671917179764225,controles : mediane et ecart-type
inferiorparietal_rh_alpha_knee_periodic,0.1065167757807006,0.11389222552444267,controles : mediane et ecart-type
inferiorparietal_rh_alpha_periodic,0.0711007225698008,0.13197555588759843,controles : mediane et ecart-type
inferiorparietal_rh_beta_connectivity,0.3447942815120844,0.006340539219527956,controles : mediane et ecart-type
inferiorparietal_rh_beta_entropy,0.7191849738127309,0.005143749362961869,controles : mediane et ecart-type
inferiorparietal_rh_beta_knee_periodic,0.0347969836856082,0.03706161626941051,controles : mediane et ecart-type
inferiorparietal_rh_beta_periodic,0.022305845094153,0.03910024669325029,controles : mediane et ecart-type
inferiorparietal_rh_delta_connectivity,0.3279174779153778,0.022158033906771436,controles : mediane et ecart-type
inferiorparietal_rh_delta_entropy,0.45919489150761245,0.0010642085377318377,controles : mediane et ecart-type
inferiorparietal_rh_delta_knee_periodic,0.0442988812646433,0.0734840239982056,controles : mediane et ecart-type
inferiorparietal_rh_delta_periodic,0.1227851064306086,0.12294213431134579,controles : mediane et ecart-type
inferiorparietal_rh_exponent,0.90209068347487,0.2976182844915097,controles : mediane et ecart-type
inferiorparietal_rh_gamma_connectivity,0.34574263326715254,0.008583564036111537,controles : mediane et ecart-type
inferiorparietal_rh_gamma_entropy,0.8478417348419018,0.001774969548319009,controles : mediane et ecart-type
inferiorparietal_rh_gamma_knee_periodic,0.05181187477882905,0.04221050090160402,controles : mediane et ecart-type
inferiorparietal_rh_gamma_periodic,0.0741563654495186,0.05067110133454854,controles : mediane et ecart-type
inferiorparietal_rh_knee_exponent,0.6270099607239379,0.4710707287168145,controles : mediane et ecart-type
inferiorparietal_rh_knee_offset,-24.455086230232048,1.5060539325424118,controles : mediane et ecart-type
inferiorparietal_rh_offset,-23.999809901121434,0.7064113296204666,controles : mediane et ecart-type
inferiorparietal_rh_theta_connectivity,0.3274636031489623,0.01089214111000947,controles : mediane et ecart-type
inferiorparietal_rh_theta_entropy,0.5154452721375498,0.0019121248736307527,controles : mediane et ecart-type
inferiorparietal_rh_theta_knee_periodic,0.0516213515410078,0.09568905142162411,controles : mediane et ecart-type
inferiorparietal_rh_theta_periodic,0.0250740749426674,0.09700761111268714,controles : mediane et ecart-type
inferiortemporal_lh_all_connectivity,0.346437217086237,0.007678870394336541,controles : mediane et ecart-type
inferiortemporal_lh_all_periodic,0.061690289697924255,0.02911129867372086,controles : mediane et ecart-type
inferiortemporal_lh_alpha_connectivity,0.3539530583992786,0.0151472880909022,controles : mediane et ecart-type
inferiortemporal_lh_alpha_entropy,0.5740254300270887,0.0022547943381117466,controles : mediane et ecart-type
inferiortemporal_lh_alpha_knee_periodic,0.081509901476471,0.10903417426289816,controles : mediane et ecart-type
inferiortemporal_lh_alpha_periodic,0.039742433813749894,0.12366529337996784,controles : mediane et ecart-type
inferiortemporal_lh_beta_connectivity,0.34715500536272964,0.00835276559422707,controles : mediane et ecart-type
inferiortemporal_lh_beta_entropy,0.721380219729495,0.005089113079102628,controles : mediane et ecart-type
inferiortemporal_lh_beta_knee_periodic,0.040331074532611144,0.03990823835845985,controles : mediane et ecart-type
inferiortemporal_lh_beta_periodic,0.0252557063978113,0.04128478305250181,controles : mediane et ecart-type
inferiortemporal_lh_delta_connectivity,0.3276437450972388,0.022783609706711887,controles : mediane et ecart-type
inferiortemporal_lh_delta_entropy,0.4590323022316683,0.0011556997307039865,controles : mediane et ecart-type
inferiortemporal_lh_delta_knee_periodic,0.072880196795662,0.08396059738385761,controles : mediane et ecart-type
inferiortemporal_lh_delta_periodic,0.1788732734984925,0.14509357143705204,controles : mediane et ecart-type
inferiortemporal_lh_exponent,0.8130675209361952,0.2939855793984184,controles : mediane et ecart-type
inferiortemporal_lh_gamma_connectivity,0.348351760967696,0.00964375581521509,controles : mediane et ecart-type
inferiortemporal_lh_gamma_entropy,0.848211181452619,0.0016321810982685347,controles : mediane et ecart-type
inferiortemporal_lh_gamma_knee_periodic,0.056009366560886745,0.04884788693652962,controles : mediane et ecart-type
inferiortemporal_lh_gamma_periodic,0.0842154333733072,0.05862627066415106,controles : mediane et ecart-type
inferiortemporal_lh_knee_exponent,0.3990556827010204,0.4215192994813336,controles : mediane et ecart-type
inferiortemporal_lh_knee_offset,-24.27996680419264,1.5540281901628439,controles : mediane et ecart-type
inferiortemporal_lh_offset,-23.479018135212662,0.6187250467685639,controles : mediane et ecart-type
inferiortemporal_lh_theta_connectivity,0.3291936286387801,0.011091476164278705,controles : mediane et ecart-type
inferiortemporal_lh_theta_entropy,0.5154538078805153,0.002077043437123912,controles : mediane et ecart-type
inferiortemporal_lh_theta_knee_periodic,0.06164861752607105,0.10157401448956124,controles : mediane et ecart-type
inferiortemporal_lh_theta_periodic,0.02140482888617715,0.1082107183163018,controles : mediane et ecart-type
inferiortemporal_rh_all_connectivity,0.3466504306938212,0.007368159016256379,controles : mediane et ecart-type
inferiortemporal_rh_all_periodic,0.06405428298977135,0.028944839051099142,controles : mediane et ecart-type
inferiortemporal_rh_alpha_connectivity,0.3548411385877262,0.015223903089060749,controles : mediane et ecart-type
inferiortemporal_rh_alpha_entropy,0.5739632245715413,0.002217273853378245,controles : mediane et ecart-type
inferiortemporal_rh_alpha_knee_periodic,0.08367420428992305,0.11494192827523768,controles : mediane et ecart-type
inferiortemporal_rh_alpha_periodic,0.0404328234856286,0.1299555766090843,controles : mediane et ecart-type
inferiortemporal_rh_beta_connectivity,0.3474283213583783,0.007732799531609839,controles : mediane et ecart-type
inferiortemporal_rh_beta_entropy,0.7210669323828864,0.0053284672560585744,controles : mediane et ecart-type
inferiortemporal_rh_beta_knee_periodic,0.0416828737284537,0.04099429911835195,controles : mediane et ecart-type
inferiortemporal_rh_beta_periodic,0.0262777577640368,0.04353487320038243,controles : mediane et ecart-type
inferiortemporal_rh_delta_connectivity,0.3272394167801958,0.02266104241712887,controles : mediane et ecart-type
inferiortemporal_rh_delta_entropy,0.45904735555008674,0.0010892185419094892,controles : mediane et ecart-type
inferiortemporal_rh_delta_knee_periodic,0.069109102800569,0.08500668588413926,controles : mediane et ecart-type
inferiortemporal_rh_delta_periodic,0.1718463346516451,0.14941228577322402,controles : mediane et ecart-type
inferiortemporal_rh_exponent,0.8247793608700927,0.2896450464155549,controles : mediane et ecart-type
inferiortemporal_rh_gamma_connectivity,0.3481419063857706,0.009209754085009497,controles : mediane et ecart-type
inferiortemporal_rh_gamma_entropy,0.8481302072186134,0.001610888248187116,controles : mediane et ecart-type
inferiortemporal_rh_gamma_knee_periodic,0.05670780100171925,0.048093624012498434,controles : mediane et ecart-type
inferiortemporal_rh_gamma_periodic,0.0821888579918876,0.058025460823145185,controles : mediane et ecart-type
inferiortemporal_rh_knee_exponent,0.4356611590305012,0.4558182184453142,controles : mediane et ecart-type
inferiortemporal_rh_knee_offset,-24.256116141252704,1.592365621975209,controles : mediane et ecart-type
inferiortemporal_rh_offset,-23.488747703792704,0.6245026443135591,controles : mediane et ecart-type
inferiortemporal_rh_theta_connectivity,0.3295937136133884,0.011047896450546739,controles : mediane et ecart-type
inferiortemporal_rh_theta_entropy,0.5156479677603547,0.0020976796350869434,controles : mediane et ecart-type
inferiortemporal_rh_theta_knee_periodic,0.0654809004000986,0.1012512923314123,controles : mediane et ecart-type
inferiortemporal_rh_theta_periodic,0.0260903502126303,0.10670439497740962,controles : mediane et ecart-type
insula_lh_all_connectivity,0.345528777646518,0.0067959191569463675,controles : mediane et ecart-type
insula_lh_all_periodic,0.0677356151357999,0.031479982338337764,controles : mediane et ecart-type
insula_lh_alpha_connectivity,0.35355605854198857,0.014583973696466378,controles : mediane et ecart-type
insula_lh_alpha_entropy,0.5738611867040706,0.0024144665125727703,controles : mediane et ecart-type
insula_lh_alpha_knee_periodic,0.0889066626754737,0.11678630659984514,controles : mediane et ecart-type
insula_lh_alpha_periodic,0.0506672297184924,0.13427220794997743,controles : mediane et ecart-type
insula_lh_beta_connectivity,0.3460585938818554,0.006690711190209095,controles : mediane et ecart-type
insula_lh_beta_entropy,0.7214463494002277,0.0052563734014734066,controles : mediane et ecart-type
insula_lh_beta_knee_periodic,0.04768945560841045,0.04475677405892639,controles : mediane et ecart-type
insula_lh_beta_periodic,0.0294979216856472,0.04553814132175613,controles : mediane et ecart-type
insula_lh_delta_connectivity,0.3268669504256389,0.022618464879365925,controles : mediane et ecart-type
insula_lh_delta_entropy,0.4591025089373334,0.0010733811531825769,controles : mediane et ecart-type
insula_lh_delta_knee_periodic,0.06924865347758885,0.09309644012891269,controles : mediane et ecart-type
insula_lh_delta_periodic,0.18508751534426615,0.15546475584557148,controles : mediane et ecart-type
insula_lh_exponent,0.8346637339838733,0.3115117399636618,controles : mediane et ecart-type
insula_lh_gamma_connectivity,0.34731076638126174,0.008831962910397144,controles : mediane et ecart-type
insula_lh_gamma_entropy,0.8480428576806823,0.0018268028297163156,controles : mediane et ecart-type
insula_lh_gamma_knee_periodic,0.055806999861562054,0.05037973950147324,controles : mediane et ecart-type
insula_lh_gamma_periodic,0.0852252158126139,0.057389618373466116,controles : mediane et ecart-type
insula_lh_knee_exponent,0.4254331303066272,0.4435139911478509,controles : mediane et ecart-type
insula_lh_knee_offset,-24.29495007405596,1.7091578323649739,controles : mediane et ecart-type
insula_lh_offset,-23.457140565617173,0.7151174050794916,controles : mediane et ecart-type
insula_lh_theta_connectivity,0.32955579066910595,0.01117174589949996,controles : mediane et ecart-type
insula_lh_theta_entropy,0.5153171781156207,0.002061156576979336,controles : mediane et ecart-type
insula_lh_theta_knee_periodic,0.0825254956943344,0.11934118894652111,controles : mediane et ecart-type
insula_lh_theta_periodic,0.0415174986912406,0.12111563429071619,controles : mediane et ecart-type
insula_rh_all_connectivity,0.3452510585238588,0.006602766363849917,controles : mediane et ecart-type
insula_rh_all_periodic,0.0655556670665572,0.0316823448076375,controles : mediane et ecart-type
insula_rh_alpha_connectivity,0.3526050932404765,0.014517947318604238,controles : mediane et ecart-type
insula_rh_alpha_entropy,0.5738206848022905,0.0023701673901191825,controles : mediane et ecart-type
insula_rh_alpha_knee_periodic,0.0842701752419472,0.11317969231453201,controles : mediane et ecart-type
insula_rh_alpha_periodic,0.0466448115889903,0.1299929078345997,controles : mediane et ecart-type
insula_rh_beta_connectivity,0.3458071892018093,0.006365507173529252,controles : mediane et ecart-type
insula_rh_beta_entropy,0.7210188770843173,0.005482356568873415,controles : mediane et ecart-type
insula_rh_beta_knee_periodic,0.045948882264556346,0.04557433303813573,controles : mediane et ecart-type
insula_rh_beta_periodic,0.0294830766191735,0.04808345474701025,controles : mediane et ecart-type
insula_rh_delta_connectivity,0.327325766697484,0.022398366346760623,controles : mediane et ecart-type
insula_rh_delta_entropy,0.4590338222975114,0.0010471722407402564,controles : mediane et ecart-type
insula_rh_delta_knee_periodic,0.0634919471365309,0.09028903351660164,controles : mediane et ecart-type
insula_rh_delta_periodic,0.1747486891406273,0.15516106313993488,controles : mediane et ecart-type
insula_rh_exponent,0.8306707405221981,0.30930827389614274,controles : mediane et ecart-type
insula_rh_gamma_connectivity,0.3474044212524572,0.008867183869815937,controles : mediane et ecart-type
insula_rh_gamma_entropy,0.8480515451475387,0.001823332306264564,controles : mediane et ecart-type
insula_rh_gamma_knee_periodic,0.05522501650318735,0.0503201571949911,controles : mediane et ecart-type
insula_rh_gamma_periodic,0.08130237050915935,0.058242992874690785,controles : mediane et ecart-type
insula_rh_knee_exponent,0.4188312684852263,0.45947961660147973,controles : mediane et ecart-type
insula_rh_knee_offset,-24.29330364478882,1.736370246767222,controles : mediane et ecart-type
insula_rh_offset,-23.423649272882926,0.704336358155218,controles : mediane et ecart-type
insula_rh_theta_connectivity,0.3284349908717751,0.01107986575872075,controles : mediane et ecart-type
insula_rh_theta_entropy,0.5153317143352936,0.0020113071680968172,controles : mediane et ecart-type
insula_rh_theta_knee_periodic,0.0720499098302718,0.11045208152175716,controles : mediane et ecart-type
insula_rh_theta_periodic,0.034803536811917696,0.115341260664673,controles : mediane et ecart-type
isthmuscingulate_lh_all_connectivity,0.3465609435382879,0.007323494881909972,controles : mediane et ecart-type
isthmuscingulate_lh_all_periodic,0.0722636136342504,0.031052663444570406,controles : mediane et ecart-type
isthmuscingulate_lh_alpha_connectivity,0.36002344686771376,0.017834384780959826,controles : mediane et ecart-type
isthmuscingulate_lh_alpha_entropy,0.5737332651752607,0.0032700525297339215,controles : mediane et ecart-type
isthmuscingulate_lh_alpha_knee_periodic,0.17866182581735524,0.132226281388347,controles : mediane et ecart-type
isthmuscingulate_lh_alpha_periodic,0.16981827528857196,0.16505527557499372,controles : mediane et ecart-type
isthmuscingulate_lh_beta_connectivity,0.3472774647482186,0.007698305490321245,controles : mediane et ecart-type
isthmuscingulate_lh_beta_entropy,0.7166837962891763,0.006323743711429229,controles : mediane et ecart-type
isthmuscingulate_lh_beta_knee_periodic,0.0357405495198294,0.03870905631933411,controles : mediane et ecart-type
isthmuscingulate_lh_beta_periodic,0.031730209636282,0.04969584161380759,controles : mediane et ecart-type
isthmuscingulate_lh_delta_connectivity,0.3224314990088933,0.021952683345506617,controles : mediane et ecart-type
isthmuscingulate_lh_delta_entropy,0.4595692961838062,0.0011042567496752228,controles : mediane et ecart-type
isthmuscingulate_lh_delta_knee_periodic,0.0365578355313786,0.07811139881207713,controles : mediane et ecart-type
isthmuscingulate_lh_delta_periodic,0.0731802500833005,0.1259289804872384,controles : mediane et ecart-type
isthmuscingulate_lh_exponent,1.0385834470773045,0.28765874447791456,controles : mediane et ecart-type
isthmuscingulate_lh_gamma_connectivity,0.3474219960453236,0.008749350090047422,controles : mediane et ecart-type
isthmuscingulate_lh_gamma_entropy,0.8474023790122576,0.0018801653207124167,controles : mediane et ecart-type
isthmuscingulate_lh_gamma_knee_periodic,0.0528351866207775,0.04614298195301813,controles : mediane et ecart-type
isthmuscingulate_lh_gamma_periodic,0.0572896059939119,0.058703608720899886,controles : mediane et ecart-type
isthmuscingulate_lh_knee_exponent,0.988964472641721,0.5568800585837262,controles : mediane et ecart-type
isthmuscingulate_lh_knee_offset,-23.503010480929063,1.2608849222534586,controles : mediane et ecart-type
isthmuscingulate_lh_offset,-23.548759939662023,0.7383362149544256,controles : mediane et ecart-type
isthmuscingulate_lh_theta_connectivity,0.3311109327924679,0.010371218817715381,controles : mediane et ecart-type
isthmuscingulate_lh_theta_entropy,0.5157232113433103,0.0024381125240699607,controles : mediane et ecart-type
isthmuscingulate_lh_theta_knee_periodic,0.0585548263758033,0.12314153221611134,controles : mediane et ecart-type
isthmuscingulate_lh_theta_periodic,0.0635582094199658,0.11134634638711693,controles : mediane et ecart-type
isthmuscingulate_rh_all_connectivity,0.3464902429680158,0.007096021548305957,controles : mediane et ecart-type
isthmuscingulate_rh_all_periodic,0.0736741502313026,0.031400108677394394,controles : mediane et ecart-type
isthmuscingulate_rh_alpha_connectivity,0.3600297562027657,0.017705241976973356,controles : mediane et ecart-type
isthmuscingulate_rh_alpha_entropy,0.5737008109153513,0.003228891752788311,controles : mediane et ecart-type
isthmuscingulate_rh_alpha_knee_periodic,0.1764199989889781,0.13620116808653338,controles : mediane et ecart-type
isthmuscingulate_rh_alpha_periodic,0.1820047951063403,0.1738886417253158,controles : mediane et ecart-type
isthmuscingulate_rh_beta_connectivity,0.3473550354487054,0.008069596860020456,controles : mediane et ecart-type
isthmuscingulate_rh_beta_entropy,0.715870676938609,0.00646301197841526,controles : mediane et ecart-type
isthmuscingulate_rh_beta_knee_periodic,0.04088848712022785,0.040083723051704205,controles : mediane et ecart-type
isthmuscingulate_rh_beta_periodic,0.0404379648506704,0.056784219751924034,controles : mediane et ecart-type
isthmuscingulate_rh_delta_connectivity,0.3220483287523097,0.0226491469492376,controles : mediane et ecart-type
isthmuscingulate_rh_delta_entropy,0.4595872095738698,0.001127157746205011,controles : mediane et ecart-type
isthmuscingulate_rh_delta_knee_periodic,0.0376492433208479,0.07474873353319844,controles : mediane et ecart-type
isthmuscingulate_rh_delta_periodic,0.06030856134340745,0.11269580638543446,controles : mediane et ecart-type
isthmuscingulate_rh_exponent,1.051348968941416,0.27670358297524605,controles : mediane et ecart-type
isthmuscingulate_rh_gamma_connectivity,0.3474116048496483,0.008834700768214788,controles : mediane et ecart-type
isthmuscingulate_rh_gamma_entropy,0.8470843922563969,0.0019706573383841113,controles : mediane et ecart-type
isthmuscingulate_rh_gamma_knee_periodic,0.04805652665605055,0.04360957020832324,controles : mediane et ecart-type
isthmuscingulate_rh_gamma_periodic,0.04833680305852785,0.05617949899196593,controles : mediane et ecart-type
isthmuscingulate_rh_knee_exponent,1.0655484162561932,0.5591004210092894,controles : mediane et ecart-type
isthmuscingulate_rh_knee_offset,-23.35464203582515,1.2019789164727972,controles : mediane et ecart-type
isthmuscingulate_rh_offset,-23.46216864867997,0.7410193820420904,controles : mediane et ecart-type
isthmuscingulate_rh_theta_connectivity,0.3297756887662211,0.010788789450332716,controles : mediane et ecart-type
isthmuscingulate_rh_theta_entropy,0.5159823973464129,0.002379751561522596,controles : mediane et ecart-type
isthmuscingulate_rh_theta_knee_periodic,0.050962408656404,0.11463230235523816,controles : mediane et ecart-type
isthmuscingulate_rh_theta_periodic,0.0621432356353075,0.10753634141595278,controles : mediane et ecart-type
lateraloccipital_lh_all_connectivity,0.3453172047858434,0.00721347310123552,controles : mediane et ecart-type
lateraloccipital_lh_all_periodic,0.06311805478493775,0.02873131238711627,controles : mediane et ecart-type
lateraloccipital_lh_alpha_connectivity,0.3546704927695278,0.016118666752643274,controles : mediane et ecart-type
lateraloccipital_lh_alpha_entropy,0.5741383980940962,0.002573817999661766,controles : mediane et ecart-type
lateraloccipital_lh_alpha_knee_periodic,0.1227368990563639,0.13488041915551088,controles : mediane et ecart-type
lateraloccipital_lh_alpha_periodic,0.09652344152748224,0.16243254726414644,controles : mediane et ecart-type
lateraloccipital_lh_beta_connectivity,0.3455624616128593,0.007018328842654613,controles : mediane et ecart-type
lateraloccipital_lh_beta_entropy,0.7181280302649955,0.006253916435641171,controles : mediane et ecart-type
lateraloccipital_lh_beta_knee_periodic,0.034485992339366195,0.03720285233417519,controles : mediane et ecart-type
lateraloccipital_lh_beta_periodic,0.024867303272400103,0.041908278849585624,controles : mediane et ecart-type
lateraloccipital_lh_delta_connectivity,0.3261767814208577,0.02223330315876789,controles : mediane et ecart-type
lateraloccipital_lh_delta_entropy,0.4591828721880831,0.0011099633530801455,controles : mediane et ecart-type
lateraloccipital_lh_delta_knee_periodic,0.0371487380457537,0.07518166061035465,controles : mediane et ecart-type
lateraloccipital_lh_delta_periodic,0.10535114900841935,0.12714840650906428,controles : mediane et ecart-type
lateraloccipital_lh_exponent,0.940173007370136,0.32020813711155893,controles : mediane et ecart-type
lateraloccipital_lh_gamma_connectivity,0.3467886599155302,0.009594537780811005,controles : mediane et ecart-type
lateraloccipital_lh_gamma_entropy,0.8477920838993082,0.0018168310942913294,controles : mediane et ecart-type
lateraloccipital_lh_gamma_knee_periodic,0.0563506088238945,0.04714526578013659,controles : mediane et ecart-type
lateraloccipital_lh_gamma_periodic,0.0752998992650546,0.0568510992347695,controles : mediane et ecart-type
lateraloccipital_lh_knee_exponent,0.7574048802225215,0.5300470678548849,controles : mediane et ecart-type
lateraloccipital_lh_knee_offset,-24.310657168262317,1.5543913920515349,controles : mediane et ecart-type
lateraloccipital_lh_offset,-23.993097599111508,0.7223784888779734,controles : mediane et ecart-type
lateraloccipital_lh_theta_connectivity,0.3284890857824308,0.010950601801357054,controles : mediane et ecart-type
lateraloccipital_lh_theta_entropy,0.5156434950408567,0.0022389497491170666,controles : mediane et ecart-type
lateraloccipital_lh_theta_knee_periodic,0.0491334172888933,0.10183146835199541,controles : mediane et ecart-type
lateraloccipital_lh_theta_periodic,0.0269608080188836,0.10166740395239508,controles : mediane et ecart-type
lateraloccipital_rh_all_connectivity,0.3451834109286213,0.0067835005492493695,controles : mediane et ecart-type
lateraloccipital_rh_all_periodic,0.06539502297695425,0.02982102695225152,controles : mediane et ecart-type
lateraloccipital_rh_alpha_connectivity,0.35457180805240124,0.017722199590212987,controles : mediane et ecart-type
lateraloccipital_rh_alpha_entropy,0.5741691095463537,0.0027122278616106463,controles : mediane et ecart-type
lateraloccipital_rh_alpha_knee_periodic,0.1338181458107933,0.14443093083229688,controles : mediane et ecart-type
lateraloccipital_rh_alpha_periodic,0.1148704492305851,0.1766282107939674,controles : mediane et ecart-type
lateraloccipital_rh_beta_connectivity,0.3455086152146046,0.006596198077238482,controles : mediane et ecart-type
lateraloccipital_rh_beta_entropy,0.7180621126069155,0.00659922397255865,controles : mediane et ecart-type
lateraloccipital_rh_beta_knee_periodic,0.0310790338766989,0.03719754397519124,controles : mediane et ecart-type
lateraloccipital_rh_beta_periodic,0.0236379698133971,0.041144382452931935,controles : mediane et ecart-type
lateraloccipital_rh_delta_connectivity,0.326779633938173,0.022247982112487942,controles : mediane et ecart-type
lateraloccipital_rh_delta_entropy,0.45919356297467956,0.001125259490291186,controles : mediane et ecart-type
lateraloccipital_rh_delta_knee_periodic,0.0367211770972693,0.07749350564492395,controles : mediane et ecart-type
lateraloccipital_rh_delta_periodic,0.0958223014145422,0.1278856440765331,controles : mediane et ecart-type
lateraloccipital_rh_exponent,0.9655434350478108,0.3137310258847721,controles : mediane et ecart-type
lateraloccipital_rh_gamma_connectivity,0.3460980968742204,0.008775909388672946,controles : mediane et ecart-type
lateraloccipital_rh_gamma_entropy,0.8476920811504628,0.0016830480907826736,controles : mediane et ecart-type
lateraloccipital_rh_gamma_knee_periodic,0.0574652287572336,0.04617118879729778,controles : mediane et ecart-type
lateraloccipital_rh_gamma_periodic,0.0739599037627135,0.0566146952744106,controles : mediane et ecart-type
lateraloccipital_rh_knee_exponent,0.8013508457739802,0.5638432590179135,controles : mediane et ecart-type
lateraloccipital_rh_knee_offset,-24.13670571802914,1.5139566605414385,controles : mediane et ecart-type
lateraloccipital_rh_offset,-23.871920076610735,0.7014307585180746,controles : mediane et ecart-type
lateraloccipital_rh_theta_connectivity,0.32877103840632055,0.0109143222672042,controles : mediane et ecart-type
lateraloccipital_rh_theta_entropy,0.5158005913239416,0.0022689851411981563,controles : mediane et ecart-type
lateraloccipital_rh_theta_knee_periodic,0.05291847782925675,0.10004344088528389,controles : mediane et ecart-type
lateraloccipital_rh_theta_periodic,0.032693979412618,0.09665261544330725,controles : mediane et ecart-type
lateralorbitofrontal_lh_all_connectivity,0.3453923293668505,0.00678674125136511,controles : mediane et ecart-type
lateralorbitofrontal_lh_all_periodic,0.0694541795776789,0.03186307451505552,controles : mediane et ecart-type
lateralorbitofrontal_lh_alpha_connectivity,0.3533424590035057,0.014648547008239008,controles : mediane et ecart-type
lateralorbitofrontal_lh_alpha_entropy,0.5736186082374156,0.0022268847615839536,controles : mediane et ecart-type
lateralorbitofrontal_lh_alpha_knee_periodic,0.0769071178028526,0.1134119807874495,controles : mediane et ecart-type
lateralorbitofrontal_lh_alpha_periodic,0.0327057268972321,0.13012614481244386,controles : mediane et ecart-type
lateralorbitofrontal_lh_beta_connectivity,0.3460918933101638,0.006706307131009226,controles : mediane et ecart-type
lateralorbitofrontal_lh_beta_entropy,0.7216663912382308,0.005172299812691847,controles : mediane et ecart-type
lateralorbitofrontal_lh_beta_knee_periodic,0.0478796980007955,0.04445014467495801,controles : mediane et ecart-type
lateralorbitofrontal_lh_beta_periodic,0.0324740957180089,0.04446402217161051,controles : mediane et ecart-type
lateralorbitofrontal_lh_delta_connectivity,0.3266645425724962,0.023381596194756497,controles : mediane et ecart-type
lateralorbitofrontal_lh_delta_entropy,0.4588293929056635,0.0010348846255586219,controles : mediane et ecart-type
lateralorbitofrontal_lh_delta_knee_periodic,0.06960049444365485,0.09282129363766917,controles : mediane et ecart-type
lateralorbitofrontal_lh_delta_periodic,0.1850278018763935,0.16272238378699702,controles : mediane et ecart-type
lateralorbitofrontal_lh_exponent,0.8608973592329519,0.283480734672359,controles : mediane et ecart-type
lateralorbitofrontal_lh_gamma_connectivity,0.3469755669378029,0.008044601650030748,controles : mediane et ecart-type
lateralorbitofrontal_lh_gamma_entropy,0.8476567648237713,0.0015468930069719407,controles : mediane et ecart-type
lateralorbitofrontal_lh_gamma_knee_periodic,0.05184825438858845,0.047099057106710536,controles : mediane et ecart-type
lateralorbitofrontal_lh_gamma_periodic,0.0864003059518708,0.05758707798940622,controles : mediane et ecart-type
lateralorbitofrontal_lh_knee_exponent,0.4532238261649869,0.43978314873520713,controles : mediane et ecart-type
lateralorbitofrontal_lh_knee_offset,-24.08890216935195,1.5421359482782937,controles : mediane et ecart-type
lateralorbitofrontal_lh_offset,-23.332905608588113,0.6375332426436143,controles : mediane et ecart-type
lateralorbitofrontal_lh_theta_connectivity,0.3302675904352489,0.011808791373421512,controles : mediane et ecart-type
lateralorbitofrontal_lh_theta_entropy,0.5154683375574641,0.0020602058779740965,controles : mediane et ecart-type
lateralorbitofrontal_lh_theta_knee_periodic,0.08921795557344045,0.11130791129096938,controles : mediane et ecart-type
lateralorbitofrontal_lh_theta_periodic,0.046185610891183296,0.12188591107517932,controles : mediane et ecart-type
lateralorbitofrontal_rh_all_connectivity,0.3456039408812151,0.006738039739358029,controles : mediane et ecart-type
lateralorbitofrontal_rh_all_periodic,0.06932373955319145,0.03206581449936667,controles : mediane et ecart-type
lateralorbitofrontal_rh_alpha_connectivity,0.3538239392635685,0.014671144805840034,controles : mediane et ecart-type
lateralorbitofrontal_rh_alpha_entropy,0.5736444254630049,0.0022669180764800716,controles : mediane et ecart-type
lateralorbitofrontal_rh_alpha_knee_periodic,0.0782449467155861,0.11510505058436912,controles : mediane et ecart-type
lateralorbitofrontal_rh_alpha_periodic,0.03501813790347435,0.1333356339694196,controles : mediane et ecart-type
lateralorbitofrontal_rh_beta_connectivity,0.3461207060352493,0.006682028707749601,controles : mediane et ecart-type
lateralorbitofrontal_rh_beta_entropy,0.7213780531329228,0.005118970799542816,controles : mediane et ecart-type
lateralorbitofrontal_rh_beta_knee_periodic,0.0504775306178292,0.04386169381677181,controles : mediane et ecart-type
lateralorbitofrontal_rh_beta_periodic,0.034166703243137,0.04481746563390716,controles : mediane et ecart-type
lateralorbitofrontal_rh_delta_connectivity,0.3266708363516675,0.023870168004815367,controles : mediane et ecart-type
lateralorbitofrontal_rh_delta_entropy,0.4589078539170098,0.0010454260885562343,controles : mediane et ecart-type
lateralorbitofrontal_rh_delta_knee_periodic,0.0677892808724269,0.09304244974191955,controles : mediane et ecart-type
lateralorbitofrontal_rh_delta_periodic,0.18378753499308864,0.16679831558624506,controles : mediane et ecart-type
lateralorbitofrontal_rh_exponent,0.8759895312199709,0.28114846787836106,controles : mediane et ecart-type
lateralorbitofrontal_rh_gamma_connectivity,0.3468371987295348,0.008267462289287245,controles : mediane et ecart-type
lateralorbitofrontal_rh_gamma_entropy,0.8476509652767759,0.0016123007859265698,controles : mediane et ecart-type
lateralorbitofrontal_rh_gamma_knee_periodic,0.050369119990758604,0.04680286833273729,controles : mediane et ecart-type
lateralorbitofrontal_rh_gamma_periodic,0.08262578636401044,0.05833513374480178,controles : mediane et ecart-type
lateralorbitofrontal_rh_knee_exponent,0.4895190257748678,0.4327120128645352,controles : mediane et ecart-type
lateralorbitofrontal_rh_knee_offset,-24.054742041436853,1.5031074448245454,controles : mediane et ecart-type
lateralorbitofrontal_rh_offset,-23.37211076356637,0.6606073581181449,controles : mediane et ecart-type
lateralorbitofrontal_rh_theta_connectivity,0.3306456326749344,0.011899519345595109,controles : mediane et ecart-type
lateralorbitofrontal_rh_theta_entropy,0.5155920123146138,0.0019838630658868166,controles : mediane et ecart-type
lateralorbitofrontal_rh_theta_knee_periodic,0.0923420341641812,0.11013301743191117,controles : mediane et ecart-type
lateralorbitofrontal_rh_theta_periodic,0.0482095128444864,0.12120516447518195,controles : mediane et ecart-type
lingual_lh_all_connectivity,0.3465889369396687,0.008066144567992898,controles : mediane et ecart-type
lingual_lh_all_periodic,0.0656137616595103,0.029365768641521378,controles : mediane et ecart-type
lingual_lh_alpha_connectivity,0.35797482222072735,0.017126995240121724,controles : mediane et ecart-type
lingual_lh_alpha_entropy,0.5740729196727801,0.0027122208362096154,controles : mediane et ecart-type
lingual_lh_alpha_knee_periodic,0.1259710917516918,0.12629668997235166,controles : mediane et ecart-type
lingual_lh_alpha_periodic,0.106358238337453,0.1535255492707444,controles : mediane et ecart-type
lingual_lh_beta_connectivity,0.3473078942222229,0.008685351479186195,controles : mediane et ecart-type
lingual_lh_beta_entropy,0.7185732935920255,0.006124766273621204,controles : mediane et ecart-type
lingual_lh_beta_knee_periodic,0.0328675868393518,0.035618277331142825,controles : mediane et ecart-type
lingual_lh_beta_periodic,0.02258818308166025,0.045335167080417425,controles : mediane et ecart-type
lingual_lh_delta_connectivity,0.32578527374743815,0.02214279339293762,controles : mediane et ecart-type
lingual_lh_delta_entropy,0.45927416443990254,0.0011136432214746618,controles : mediane et ecart-type
lingual_lh_delta_knee_periodic,0.05218986162213475,0.0823587048602046,controles : mediane et ecart-type
lingual_lh_delta_periodic,0.1110836644096416,0.13617925413638857,controles : mediane et ecart-type
lingual_lh_exponent,0.9362715841916451,0.3078735637529453,controles : mediane et ecart-type
lingual_lh_gamma_connectivity,0.34758161713616476,0.009460380412774668,controles : mediane et ecart-type
lingual_lh_gamma_entropy,0.8478786186282755,0.0016236613344617022,controles : mediane et ecart-type
lingual_lh_gamma_knee_periodic,0.054052176925234,0.04814341976002956,controles : mediane et ecart-type
lingual_lh_gamma_periodic,0.07191130814355465,0.061109061982747015,controles : mediane et ecart-type
lingual_lh_knee_exponent,0.7362050581644767,0.5556710098003963,controles : mediane et ecart-type
lingual_lh_knee_offset,-23.963732837261183,1.5009321414651622,controles : mediane et ecart-type
lingual_lh_offset,-23.65857519832793,0.7028405636884345,controles : mediane et ecart-type
lingual_lh_theta_connectivity,0.3300962024247638,0.010728896979618008,controles : mediane et ecart-type
lingual_lh_theta_entropy,0.515681460554325,0.0022159240530657638,controles : mediane et ecart-type
lingual_lh_theta_knee_periodic,0.05514760135294855,0.10059182797349031,controles : mediane et ecart-type
lingual_lh_theta_periodic,0.038682640447937,0.09787776212137196,controles : mediane et ecart-type
lingual_rh_all_connectivity,0.3461619889068984,0.007709298760232404,controles : mediane et ecart-type
lingual_rh_all_periodic,0.0659299960745203,0.029048957292902192,controles : mediane et ecart-type
lingual_rh_alpha_connectivity,0.3566624323401965,0.016995437472393335,controles : mediane et ecart-type
lingual_rh_alpha_entropy,0.5741692645717568,0.00272758119892738,controles : mediane et ecart-type
lingual_rh_alpha_knee_periodic,0.1321212573791281,0.13111208144364425,controles : mediane et ecart-type
lingual_rh_alpha_periodic,0.11244164173931985,0.15930936637451848,controles : mediane et ecart-type
lingual_rh_beta_connectivity,0.3467916494463018,0.008284364528310193,controles : mediane et ecart-type
lingual_rh_beta_entropy,0.7186896868738635,0.006108499863420354,controles : mediane et ecart-type
lingual_rh_beta_knee_periodic,0.0316674397093149,0.03678580261408478,controles : mediane et ecart-type
lingual_rh_beta_periodic,0.0201524057123537,0.0467771575265542,controles : mediane et ecart-type
lingual_rh_delta_connectivity,0.3259899470913917,0.02228017445525585,controles : mediane et ecart-type
lingual_rh_delta_entropy,0.45921824608422246,0.0011178949196362792,controles : mediane et ecart-type
lingual_rh_delta_knee_periodic,0.048133796309597104,0.08219641535646677,controles : mediane et ecart-type
lingual_rh_delta_periodic,0.11030884807750774,0.12412142334659551,controles : mediane et ecart-type
lingual_rh_exponent,0.9415431757468048,0.3155010482730123,controles : mediane et ecart-type
lingual_rh_gamma_connectivity,0.3468726280596868,0.008894462264594638,controles : mediane et ecart-type
lingual_rh_gamma_entropy,0.8478270922362112,0.0016549812307104347,controles : mediane et ecart-type
lingual_rh_gamma_knee_periodic,0.058744320487225096,0.046132688269538175,controles : mediane et ecart-type
lingual_rh_gamma_periodic,0.07555643456164875,0.06147904177141753,controles : mediane et ecart-type
lingual_rh_knee_exponent,0.733109524568246,0.5577027275642789,controles : mediane et ecart-type
lingual_rh_knee_offset,-24.038864097404684,1.5631736499533053,controles : mediane et ecart-type
lingual_rh_offset,-23.68702322336636,0.7169349039126061,controles : mediane et ecart-type
lingual_rh_theta_connectivity,0.32984482679802823,0.011195052718252529,controles : mediane et ecart-type
lingual_rh_theta_entropy,0.515956365953903,0.002159767750727966,controles : mediane et ecart-type
lingual_rh_theta_knee_periodic,0.0470076873994972,0.09896658722310112,controles : mediane et ecart-type
lingual_rh_theta_periodic,0.0293316321976902,0.09449986348887175,controles : mediane et ecart-type
medialorbitofrontal_lh_all_connectivity,0.344818770548145,0.0068561277010539485,controles : mediane et ecart-type
medialorbitofrontal_lh_all_periodic,0.0695287081771363,0.032412224491186935,controles : mediane et ecart-type
medialorbitofrontal_lh_alpha_connectivity,0.3525580182370647,0.014370044545062993,controles : mediane et ecart-type
medialorbitofrontal_lh_alpha_entropy,0.5737679344632638,0.00207103136280084,controles : mediane et ecart-type
medialorbitofrontal_lh_alpha_knee_periodic,0.0592867292780394,0.11361526471131074,controles : mediane et ecart-type
medialorbitofrontal_lh_alpha_periodic,0.010404182073137699,0.12612537976442684,controles : mediane et ecart-type
medialorbitofrontal_lh_beta_connectivity,0.3456043061866433,0.006466835235520179,controles : mediane et ecart-type
medialorbitofrontal_lh_beta_entropy,0.7225271548811982,0.005225189414664683,controles : mediane et ecart-type
medialorbitofrontal_lh_beta_knee_periodic,0.0566872869262291,0.05019850377594716,controles : mediane et ecart-type
medialorbitofrontal_lh_beta_periodic,0.0376318528475067,0.048711424433411525,controles : mediane et ecart-type
medialorbitofrontal_lh_delta_connectivity,0.3266048540375711,0.023487589484767615,controles : mediane et ecart-type
medialorbitofrontal_lh_delta_entropy,0.458829696597647,0.0010648118278106208,controles : mediane et ecart-type
medialorbitofrontal_lh_delta_knee_periodic,0.0775487312886817,0.09039579503649713,controles : mediane et ecart-type
medialorbitofrontal_lh_delta_periodic,0.20713599852083894,0.15755767602766668,controles : mediane et ecart-type
medialorbitofrontal_lh_exponent,0.7972608830934842,0.3024422995623805,controles : mediane et ecart-type
medialorbitofrontal_lh_gamma_connectivity,0.3463455501497085,0.008074207216247672,controles : mediane et ecart-type
medialorbitofrontal_lh_gamma_entropy,0.8476866158705192,0.0017181721930001378,controles : mediane et ecart-type
medialorbitofrontal_lh_gamma_knee_periodic,0.0575742119291147,0.050753712212707754,controles : mediane et ecart-type
medialorbitofrontal_lh_gamma_periodic,0.08805002432844125,0.05801691445459936,controles : mediane et ecart-type
medialorbitofrontal_lh_knee_exponent,0.3279908881724489,0.41412340245896406,controles : mediane et ecart-type
medialorbitofrontal_lh_knee_offset,-24.253387753102146,1.623353131991501,controles : mediane et ecart-type
medialorbitofrontal_lh_offset,-23.272815481411186,0.6383426710900061,controles : mediane et ecart-type
medialorbitofrontal_lh_theta_connectivity,0.3292628105725513,0.011995913224436253,controles : mediane et ecart-type
medialorbitofrontal_lh_theta_entropy,0.5154931073676814,0.0018931020856242154,controles : mediane et ecart-type
medialorbitofrontal_lh_theta_knee_periodic,0.0801326775993569,0.10671277609603935,controles : mediane et ecart-type
medialorbitofrontal_lh_theta_periodic,0.03574713961272845,0.11939974577496457,controles : mediane et ecart-type
medialorbitofrontal_rh_all_connectivity,0.34495196909395437,0.006851897967205948,controles : mediane et ecart-type
medialorbitofrontal_rh_all_periodic,0.0706100070639741,0.03344639249483041,controles : mediane et ecart-type
medialorbitofrontal_rh_alpha_connectivity,0.3517113052163894,0.013894074669175839,controles : mediane et ecart-type
medialorbitofrontal_rh_alpha_entropy,0.5738398650164503,0.0021048478280762265,controles : mediane et ecart-type
medialorbitofrontal_rh_alpha_knee_periodic,0.0535582724002144,0.1154712977853013,controles : mediane et ecart-type
medialorbitofrontal_rh_alpha_periodic,0.0119040366324409,0.12711523707787908,controles : mediane et ecart-type
medialorbitofrontal_rh_beta_connectivity,0.3455852500140843,0.006427789998454147,controles : mediane et ecart-type
medialorbitofrontal_rh_beta_entropy,0.7227330174325355,0.005175948195714892,controles : mediane et ecart-type
medialorbitofrontal_rh_beta_knee_periodic,0.0557041292358669,0.04951262993366396,controles : mediane et ecart-type
medialorbitofrontal_rh_beta_periodic,0.0394092102897605,0.048186574608651896,controles : mediane et ecart-type
medialorbitofrontal_rh_delta_connectivity,0.32627190520522775,0.023775608794969084,controles : mediane et ecart-type
medialorbitofrontal_rh_delta_entropy,0.4588830148756848,0.0010708852262920154,controles : mediane et ecart-type
medialorbitofrontal_rh_delta_knee_periodic,0.0792642924631712,0.09629180636270859,controles : mediane et ecart-type
medialorbitofrontal_rh_delta_periodic,0.2182835382264151,0.16116444584237952,controles : mediane et ecart-type
medialorbitofrontal_rh_exponent,0.7770363393990554,0.3036144450183664,controles : mediane et ecart-type
medialorbitofrontal_rh_gamma_connectivity,0.3460275360519671,0.008345313753165835,controles : mediane et ecart-type
medialorbitofrontal_rh_gamma_entropy,0.8476920527034965,0.0017310535159373826,controles : mediane et ecart-type
medialorbitofrontal_rh_gamma_knee_periodic,0.0582750033448494,0.054456425388492186,controles : mediane et ecart-type
medialorbitofrontal_rh_gamma_periodic,0.0886125303869342,0.05701378298575164,controles : mediane et ecart-type
medialorbitofrontal_rh_knee_exponent,0.3054704641112304,0.4107355295351555,controles : mediane et ecart-type
medialorbitofrontal_rh_knee_offset,-24.257114943119774,1.6563615091341293,controles : mediane et ecart-type
medialorbitofrontal_rh_offset,-23.299390174474304,0.6513150471260388,controles : mediane et ecart-type
medialorbitofrontal_rh_theta_connectivity,0.3296064397244475,0.012228995383513108,controles : mediane et ecart-type
medialorbitofrontal_rh_theta_entropy,0.5154451306794172,0.0019421041641265028,controles : mediane et ecart-type
medialorbitofrontal_rh_theta_knee_periodic,0.0800815416261006,0.10497827065394472,controles : mediane et ecart-type
medialorbitofrontal_rh_theta_periodic,0.0395920242039638,0.11528040071916702,controles : mediane et ecart-type
middletemporal_lh_all_connectivity,0.3461675044880978,0.0074097888381676035,controles : mediane et ecart-type
middletemporal_lh_all_periodic,0.0622226854019064,0.03006388240639025,controles : mediane et ecart-type
middletemporal_lh_alpha_connectivity,0.35400159251891816,0.014383967351301761,controles : mediane et ecart-type
middletemporal_lh_alpha_entropy,0.5741115102192007,0.002274276939126061,controles : mediane et ecart-type
middletemporal_lh_alpha_knee_periodic,0.0707543801864893,0.11416708219805252,controles : mediane et ecart-type
middletemporal_lh_alpha_periodic,0.025356804878080848,0.12502976542003746,controles : mediane et ecart-type
middletemporal_lh_beta_connectivity,0.34686363284200306,0.007597443665160856,controles : mediane et ecart-type
middletemporal_lh_beta_entropy,0.7216625256709349,0.005057828291140485,controles : mediane et ecart-type
middletemporal_lh_beta_knee_periodic,0.0409036464614082,0.041809307681377826,controles : mediane et ecart-type
middletemporal_lh_beta_periodic,0.0248997877531805,0.04106634421258566,controles : mediane et ecart-type
middletemporal_lh_delta_connectivity,0.3280577013496797,0.022824067425578565,controles : mediane et ecart-type
middletemporal_lh_delta_entropy,0.4590174377604721,0.0010848015274542895,controles : mediane et ecart-type
middletemporal_lh_delta_knee_periodic,0.0751552065948022,0.09022801433308071,controles : mediane et ecart-type
middletemporal_lh_delta_periodic,0.19175457218694342,0.15512300858128056,controles : mediane et ecart-type
middletemporal_lh_exponent,0.784284189071903,0.31094061567203124,controles : mediane et ecart-type
middletemporal_lh_gamma_connectivity,0.3480459993896734,0.00946104973201948,controles : mediane et ecart-type
middletemporal_lh_gamma_entropy,0.8482167940966822,0.0015503090285487432,controles : mediane et ecart-type
middletemporal_lh_gamma_knee_periodic,0.0606139798240967,0.05282798481616326,controles : mediane et ecart-type
middletemporal_lh_gamma_periodic,0.0899494252064992,0.05751398681360688,controles : mediane et ecart-type
middletemporal_lh_knee_exponent,0.33362424509372984,0.41200784787071876,controles : mediane et ecart-type
middletemporal_lh_knee_offset,-24.903551610550934,1.632229063916537,controles : mediane et ecart-type
middletemporal_lh_offset,-23.94477360200211,0.608993300893302,controles : mediane et ecart-type
middletemporal_lh_theta_connectivity,0.3289831351033757,0.010848503241350796,controles : mediane et ecart-type
middletemporal_lh_theta_entropy,0.5153289906600582,0.0020649798447675435,controles : mediane et ecart-type
middletemporal_lh_theta_knee_periodic,0.0620708745519378,0.10072696595286028,controles : mediane et ecart-type
middletemporal_lh_theta_periodic,0.0212954788255916,0.10814715006121048,controles : mediane et ecart-type
middletemporal_rh_all_connectivity,0.3457662010851377,0.007589273500300342,controles : mediane et ecart-type
middletemporal_rh_all_periodic,0.0615734617265073,0.029746723149843717,controles : mediane et ecart-type
middletemporal_rh_alpha_connectivity,0.35408240940771263,0.015808451644524043,controles : mediane et ecart-type
middletemporal_rh_alpha_entropy,0.5741314654501902,0.0022996669726530923,controles : mediane et ecart-type
middletemporal_rh_alpha_knee_periodic,0.08273753371168155,0.11649286134409934,controles : mediane et ecart-type
middletemporal_rh_alpha_periodic,0.0406818430986346,0.1306195161489002,controles : mediane et ecart-type
middletemporal_rh_beta_connectivity,0.3463890652011612,0.007397252621250599,controles : mediane et ecart-type
middletemporal_rh_beta_entropy,0.7207358670155246,0.005151879359003198,controles : mediane et ecart-type
middletemporal_rh_beta_knee_periodic,0.0391898974290557,0.03950848133943662,controles : mediane et ecart-type
middletemporal_rh_beta_periodic,0.02419355946335385,0.040952867687930584,controles : mediane et ecart-type
middletemporal_rh_delta_connectivity,0.3280378443966549,0.022466533493522817,controles : mediane et ecart-type
middletemporal_rh_delta_entropy,0.4590215382896718,0.0010631711762172028,controles : mediane et ecart-type
middletemporal_rh_delta_knee_periodic,0.06619833438822975,0.08485538199834,controles : mediane et ecart-type
middletemporal_rh_delta_periodic,0.1724976062918086,0.144585115994907,controles : mediane et ecart-type
middletemporal_rh_exponent,0.8227369858599823,0.3055152213510685,controles : mediane et ecart-type
middletemporal_rh_gamma_connectivity,0.3474703924666438,0.00921707487723108,controles : mediane et ecart-type
middletemporal_rh_gamma_entropy,0.84818210253458,0.0015918033076172862,controles : mediane et ecart-type
middletemporal_rh_gamma_knee_periodic,0.0577123655370367,0.04906640386171289,controles : mediane et ecart-type
middletemporal_rh_gamma_periodic,0.0862314810348747,0.06020530585946549,controles : mediane et ecart-type
middletemporal_rh_knee_exponent,0.4376371064653697,0.43743571275490156,controles : mediane et ecart-type
middletemporal_rh_knee_offset,-24.912451062121306,1.6194892777291827,controles : mediane et ecart-type
middletemporal_rh_offset,-24.089412292236084,0.646938455212532,controles : mediane et ecart-type
middletemporal_rh_theta_connectivity,0.3284044366236739,0.011389500099749072,controles : mediane et ecart-type
middletemporal_rh_theta_entropy,0.515392681301815,0.002118439826283601,controles : mediane et ecart-type
middletemporal_rh_theta_knee_periodic,0.05599262804980175,0.1035425539083371,controles : mediane et ecart-type
middletemporal_rh_theta_periodic,0.016480328397411,0.10891452119613682,controles : mediane et ecart-type
offset_mean,-24.002095750716315,0.8166207664251061,controles : mediane et ecart-type
paracentral_lh_all_connectivity,0.3439713612863138,0.005817467893195478,controles : mediane et ecart-type
paracentral_lh_all_periodic,0.06843666213140395,0.030137046722613636,controles : mediane et ecart-type
paracentral_lh_alpha_connectivity,0.35542584054012527,0.01765791245569963,controles : mediane et ecart-type
paracentral_lh_alpha_entropy,0.5735829201358558,0.0033354619309007975,controles : mediane et ecart-type
paracentral_lh_alpha_knee_periodic,0.1568962800192133,0.14402821471878377,controles : mediane et ecart-type
paracentral_lh_alpha_periodic,0.1468155456543098,0.16748615842251927,controles : mediane et ecart-type
paracentral_lh_beta_connectivity,0.344549406778431,0.006291999827506311,controles : mediane et ecart-type
paracentral_lh_beta_entropy,0.7176059004360964,0.005382595093628427,controles : mediane et ecart-type
paracentral_lh_beta_knee_periodic,0.04022933968048905,0.042570953175738384,controles : mediane et ecart-type
paracentral_lh_beta_periodic,0.033529205627547604,0.05229799249882086,controles : mediane et ecart-type
paracentral_lh_delta_connectivity,0.3246627486443765,0.022137795220226138,controles : mediane et ecart-type
paracentral_lh_delta_entropy,0.4593423352945034,0.0010549488465748113,controles : mediane et ecart-type
paracentral_lh_delta_knee_periodic,0.0255883894914115,0.06882980325464182,controles : mediane et ecart-type
paracentral_lh_delta_periodic,0.0658889403069608,0.11941672576318119,controles : mediane et ecart-type
paracentral_lh_exponent,1.05625490485298,0.2690557562918418,controles : mediane et ecart-type
paracentral_lh_gamma_connectivity,0.34446389590702425,0.006757446645269863,controles : mediane et ecart-type
paracentral_lh_gamma_entropy,0.8469606344133697,0.0016592164841931448,controles : mediane et ecart-type
paracentral_lh_gamma_knee_periodic,0.03802343934696495,0.03878225403179073,controles : mediane et ecart-type
paracentral_lh_gamma_periodic,0.04351796649817665,0.050411448979008365,controles : mediane et ecart-type
paracentral_lh_knee_exponent,1.008724314244173,0.48836952099514125,controles : mediane et ecart-type
paracentral_lh_knee_offset,-22.98179804452105,1.0161737931157644,controles : mediane et ecart-type
paracentral_lh_offset,-22.939611937813375,0.6926997228455556,controles : mediane et ecart-type
paracentral_lh_theta_connectivity,0.3276673424581313,0.010802248657105131,controles : mediane et ecart-type
paracentral_lh_theta_entropy,0.5157930420200233,0.0021865060006416867,controles : mediane et ecart-type
paracentral_lh_theta_knee_periodic,0.07864517913640505,0.11949231164807345,controles : mediane et ecart-type
paracentral_lh_theta_periodic,0.0737065613649122,0.11390461672381894,controles : mediane et ecart-type
paracentral_rh_all_connectivity,0.34381960924423993,0.005714261572246159,controles : mediane et ecart-type
paracentral_rh_all_periodic,0.0689208718303697,0.03018961015307917,controles : mediane et ecart-type
paracentral_rh_alpha_connectivity,0.35532631110630986,0.017260810281781364,controles : mediane et ecart-type
paracentral_rh_alpha_entropy,0.573573126429969,0.003348257104074865,controles : mediane et ecart-type
paracentral_rh_alpha_knee_periodic,0.1500787657696202,0.13709648712104824,controles : mediane et ecart-type
paracentral_rh_alpha_periodic,0.14149593592878296,0.16439604863628343,controles : mediane et ecart-type
paracentral_rh_beta_connectivity,0.344303269901872,0.005958764210878788,controles : mediane et ecart-type
paracentral_rh_beta_entropy,0.7176777578985657,0.005208395430261435,controles : mediane et ecart-type
paracentral_rh_beta_knee_periodic,0.037296684509812106,0.04216879924873777,controles : mediane et ecart-type
paracentral_rh_beta_periodic,0.0307619538597216,0.04957420212562519,controles : mediane et ecart-type
paracentral_rh_delta_connectivity,0.3246324480532664,0.021763600867832446,controles : mediane et ecart-type
paracentral_rh_delta_entropy,0.4594196743203873,0.0011199311722891578,controles : mediane et ecart-type
paracentral_rh_delta_knee_periodic,0.027741502787255,0.07019242900256677,controles : mediane et ecart-type
paracentral_rh_delta_periodic,0.06725687162155164,0.11508940567679396,controles : mediane et ecart-type
paracentral_rh_exponent,1.0627536697872895,0.2662500917142212,controles : mediane et ecart-type
paracentral_rh_gamma_connectivity,0.3446968205799143,0.0068627784642554075,controles : mediane et ecart-type
paracentral_rh_gamma_entropy,0.8469441073354148,0.0016176786381003902,controles : mediane et ecart-type
paracentral_rh_gamma_knee_periodic,0.0376625456223629,0.038729625591651405,controles : mediane et ecart-type
paracentral_rh_gamma_periodic,0.0461574524450223,0.04963169151892405,controles : mediane et ecart-type
paracentral_rh_knee_exponent,0.9861270007781301,0.49596718016315755,controles : mediane et ecart-type
paracentral_rh_knee_offset,-23.01192030208203,1.0095507312428897,controles : mediane et ecart-type
paracentral_rh_offset,-22.946198637310793,0.663768187208467,controles : mediane et ecart-type
paracentral_rh_theta_connectivity,0.3270936597951692,0.010845740214840888,controles : mediane et ecart-type
paracentral_rh_theta_entropy,0.515804082392693,0.002177718051866578,controles : mediane et ecart-type
paracentral_rh_theta_knee_periodic,0.07554959761060764,0.11737911672603006,controles : mediane et ecart-type
paracentral_rh_theta_periodic,0.0714860516062665,0.11054031107009103,controles : mediane et ecart-type
parahippocampal_lh_all_connectivity,0.3472766265113254,0.008369468054087526,controles : mediane et ecart-type
parahippocampal_lh_all_periodic,0.06369191560784485,0.030132636054001752,controles : mediane et ecart-type
parahippocampal_lh_alpha_connectivity,0.3568451875538229,0.015319369912568525,controles : mediane et ecart-type
parahippocampal_lh_alpha_entropy,0.5738951939353167,0.0023636400593381327,controles : mediane et ecart-type
parahippocampal_lh_alpha_knee_periodic,0.09477612364391474,0.1063703919018075,controles : mediane et ecart-type
parahippocampal_lh_alpha_periodic,0.0598473534255048,0.13056857717608772,controles : mediane et ecart-type
parahippocampal_lh_beta_connectivity,0.3483399038611037,0.009702122912970268,controles : mediane et ecart-type
parahippocampal_lh_beta_entropy,0.7205679033675125,0.005104663918049845,controles : mediane et ecart-type
parahippocampal_lh_beta_knee_periodic,0.0393523354807396,0.040083399108381,controles : mediane et ecart-type
parahippocampal_lh_beta_periodic,0.02348879973126335,0.044913969658137924,controles : mediane et ecart-type
parahippocampal_lh_delta_connectivity,0.3262760349148436,0.022755172780922945,controles : mediane et ecart-type
parahippocampal_lh_delta_entropy,0.4591681703388245,0.0011831713740268145,controles : mediane et ecart-type
parahippocampal_lh_delta_knee_periodic,0.0719220653036551,0.08550827808808124,controles : mediane et ecart-type
parahippocampal_lh_delta_periodic,0.1638520305956814,0.14493810306718177,controles : mediane et ecart-type
parahippocampal_lh_exponent,0.8837467990843633,0.27353598695922265,controles : mediane et ecart-type
parahippocampal_lh_gamma_connectivity,0.3484051586507557,0.00951209579314105,controles : mediane et ecart-type
parahippocampal_lh_gamma_entropy,0.8478726834346465,0.0016361701451631148,controles : mediane et ecart-type
parahippocampal_lh_gamma_knee_periodic,0.0491446380220781,0.046653402904694566,controles : mediane et ecart-type
parahippocampal_lh_gamma_periodic,0.08017555134221155,0.060335290101914525,controles : mediane et ecart-type
parahippocampal_lh_knee_exponent,0.5543744258711483,0.4767065492367874,controles : mediane et ecart-type
parahippocampal_lh_knee_offset,-23.868674974133373,1.5434191573285787,controles : mediane et ecart-type
parahippocampal_lh_offset,-23.222107843377394,0.7080690192672954,controles : mediane et ecart-type
parahippocampal_lh_theta_connectivity,0.3302189655956413,0.0112183751718179,controles : mediane et ecart-type
parahippocampal_lh_theta_entropy,0.5155294410628022,0.0021780658108075074,controles : mediane et ecart-type
parahippocampal_lh_theta_knee_periodic,0.071861818812884,0.0997378962536403,controles : mediane et ecart-type
parahippocampal_lh_theta_periodic,0.038163695723615054,0.10344887386882141,controles : mediane et ecart-type
parahippocampal_rh_all_connectivity,0.3468833378139492,0.008006954445878034,controles : mediane et ecart-type
parahippocampal_rh_all_periodic,0.0636944926986703,0.030401589001920176,controles : mediane et ecart-type
parahippocampal_rh_alpha_connectivity,0.35689163200160323,0.015722741908788525,controles : mediane et ecart-type
parahippocampal_rh_alpha_entropy,0.573972757435588,0.002422586954670261,controles : mediane et ecart-type
parahippocampal_rh_alpha_knee_periodic,0.10584303950095661,0.11538606129319688,controles : mediane et ecart-type
parahippocampal_rh_alpha_periodic,0.061369658029630306,0.13513218373237296,controles : mediane et ecart-type
parahippocampal_rh_beta_connectivity,0.34762593049045243,0.008517390311749785,controles : mediane et ecart-type
parahippocampal_rh_beta_entropy,0.7205522589514051,0.005303281765557369,controles : mediane et ecart-type
parahippocampal_rh_beta_knee_periodic,0.0358875770427887,0.038482008688560575,controles : mediane et ecart-type
parahippocampal_rh_beta_periodic,0.02003265014117995,0.04087737712884442,controles : mediane et ecart-type
parahippocampal_rh_delta_connectivity,0.32698899096264633,0.022785920176220442,controles : mediane et ecart-type
parahippocampal_rh_delta_entropy,0.4590807087410591,0.00109325072741693,controles : mediane et ecart-type
parahippocampal_rh_delta_knee_periodic,0.0672547524412817,0.0914746565124562,controles : mediane et ecart-type
parahippocampal_rh_delta_periodic,0.16271314966453998,0.13891660913439963,controles : mediane et ecart-type
parahippocampal_rh_exponent,0.8834096388746158,0.2790137423480278,controles : mediane et ecart-type
parahippocampal_rh_gamma_connectivity,0.3475005194943197,0.009240802479540908,controles : mediane et ecart-type
parahippocampal_rh_gamma_entropy,0.8481136638273705,0.0015761251676000949,controles : mediane et ecart-type
parahippocampal_rh_gamma_knee_periodic,0.0553758293361926,0.045580206039382926,controles : mediane et ecart-type
parahippocampal_rh_gamma_periodic,0.0869021228223137,0.0604256451008137,controles : mediane et ecart-type
parahippocampal_rh_knee_exponent,0.5153524785479123,0.47552971677593453,controles : mediane et ecart-type
parahippocampal_rh_knee_offset,-23.8774939448483,1.5518695421837942,controles : mediane et ecart-type
parahippocampal_rh_offset,-23.248599544008663,0.6733808939966314,controles : mediane et ecart-type
parahippocampal_rh_theta_connectivity,0.3301662901375305,0.011348639652903517,controles : mediane et ecart-type
parahippocampal_rh_theta_entropy,0.515499012905235,0.0022088037010564647,controles : mediane et ecart-type
parahippocampal_rh_theta_knee_periodic,0.0707314728569574,0.10691124741384465,controles : mediane et ecart-type
parahippocampal_rh_theta_periodic,0.0311289151780536,0.10535139747985488,controles : mediane et ecart-type
parsopercularis_lh_all_connectivity,0.3446952413768575,0.006453124615441515,controles : mediane et ecart-type
parsopercularis_lh_all_periodic,0.0688969366431912,0.029637037605463285,controles : mediane et ecart-type
parsopercularis_lh_alpha_connectivity,0.35092471849336015,0.013803823569607862,controles : mediane et ecart-type
parsopercularis_lh_alpha_entropy,0.5740158990006,0.002073583982263028,controles : mediane et ecart-type
parsopercularis_lh_alpha_knee_periodic,0.0431756058462866,0.10940923060932363,controles : mediane et ecart-type
parsopercularis_lh_alpha_periodic,0.0013920459825005,0.11377100662026861,controles : mediane et ecart-type
parsopercularis_lh_beta_connectivity,0.3451859701096997,0.006486527113191118,controles : mediane et ecart-type
parsopercularis_lh_beta_entropy,0.7227540102208421,0.004775183019925749,controles : mediane et ecart-type
parsopercularis_lh_beta_knee_periodic,0.0554853987691731,0.050670191836842335,controles : mediane et ecart-type
parsopercularis_lh_beta_periodic,0.0359738372480178,0.048450752374133536,controles : mediane et ecart-type
parsopercularis_lh_delta_connectivity,0.328484656426528,0.022465375776536057,controles : mediane et ecart-type
parsopercularis_lh_delta_entropy,0.45879623572923467,0.0010950225392429354,controles : mediane et ecart-type
parsopercularis_lh_delta_knee_periodic,0.0775319985708925,0.09179356212825303,controles : mediane et ecart-type
parsopercularis_lh_delta_periodic,0.2254260696586609,0.15592851380117728,controles : mediane et ecart-type
parsopercularis_lh_exponent,0.7146708321531374,0.3323205407474817,controles : mediane et ecart-type
parsopercularis_lh_gamma_connectivity,0.3467898601130197,0.008333796955933424,controles : mediane et ecart-type
parsopercularis_lh_gamma_entropy,0.84820154440823,0.0016848321486036275,controles : mediane et ecart-type
parsopercularis_lh_gamma_knee_periodic,0.06597894660617054,0.05549169641644765,controles : mediane et ecart-type
parsopercularis_lh_gamma_periodic,0.09403289032256255,0.05332939929075085,controles : mediane et ecart-type
parsopercularis_lh_knee_exponent,0.16269129924558234,0.369793682185328,controles : mediane et ecart-type
parsopercularis_lh_knee_offset,-25.73296556515193,1.6993604432720153,controles : mediane et ecart-type
parsopercularis_lh_offset,-24.422659550915938,0.651897967386685,controles : mediane et ecart-type
parsopercularis_lh_theta_connectivity,0.3280850213693195,0.011135172394951409,controles : mediane et ecart-type
parsopercularis_lh_theta_entropy,0.5153818615046591,0.0018281639101735637,controles : mediane et ecart-type
parsopercularis_lh_theta_knee_periodic,0.0680683504943262,0.10379762888267914,controles : mediane et ecart-type
parsopercularis_lh_theta_periodic,0.0302671994008976,0.11228441830604717,controles : mediane et ecart-type
parsopercularis_rh_all_connectivity,0.3442755487160784,0.0063597374564037,controles : mediane et ecart-type
parsopercularis_rh_all_periodic,0.0661354436269266,0.02910088365018305,controles : mediane et ecart-type
parsopercularis_rh_alpha_connectivity,0.3507034692802059,0.013461865953774398,controles : mediane et ecart-type
parsopercularis_rh_alpha_entropy,0.5740425401094414,0.00211804811243787,controles : mediane et ecart-type
parsopercularis_rh_alpha_knee_periodic,0.04027899288405,0.10830319262351588,controles : mediane et ecart-type
parsopercularis_rh_alpha_periodic,0.00107550000280905,0.11280655068663306,controles : mediane et ecart-type
parsopercularis_rh_beta_connectivity,0.34484610401981974,0.005978961292063913,controles : mediane et ecart-type
parsopercularis_rh_beta_entropy,0.7221583773815858,0.00475801981584165,controles : mediane et ecart-type
parsopercularis_rh_beta_knee_periodic,0.056636645508899,0.04832012342422703,controles : mediane et ecart-type
parsopercularis_rh_beta_periodic,0.0388297081121262,0.04815253185501714,controles : mediane et ecart-type
parsopercularis_rh_delta_connectivity,0.3285613099818599,0.02268854093692284,controles : mediane et ecart-type
parsopercularis_rh_delta_entropy,0.4589211773554955,0.001077822011203336,controles : mediane et ecart-type
parsopercularis_rh_delta_knee_periodic,0.06687904152878049,0.09426492221110731,controles : mediane et ecart-type
parsopercularis_rh_delta_periodic,0.2066385479400118,0.15326483111501024,controles : mediane et ecart-type
parsopercularis_rh_exponent,0.7132395359610815,0.32749707457475097,controles : mediane et ecart-type
parsopercularis_rh_gamma_connectivity,0.3463612457186077,0.008100583549559524,controles : mediane et ecart-type
parsopercularis_rh_gamma_entropy,0.8480730554434031,0.001716919080502359,controles : mediane et ecart-type
parsopercularis_rh_gamma_knee_periodic,0.05479154471694825,0.05266799166060943,controles : mediane et ecart-type
parsopercularis_rh_gamma_periodic,0.0802043529770809,0.05339837185710689,controles : mediane et ecart-type
parsopercularis_rh_knee_exponent,0.1936040490831688,0.3833232395461756,controles : mediane et ecart-type
parsopercularis_rh_knee_offset,-25.41506803746856,1.7226357757644153,controles : mediane et ecart-type
parsopercularis_rh_offset,-24.246490590123162,0.6648852819560854,controles : mediane et ecart-type
parsopercularis_rh_theta_connectivity,0.32714390517832437,0.011347243356078174,controles : mediane et ecart-type
parsopercularis_rh_theta_entropy,0.5155385069145173,0.0017847052357050318,controles : mediane et ecart-type
parsopercularis_rh_theta_knee_periodic,0.061379267766285106,0.0952120029818086,controles : mediane et ecart-type
parsopercularis_rh_theta_periodic,0.0266136113427515,0.10598789546793727,controles : mediane et ecart-type
parsorbitalis_lh_all_connectivity,0.34523021375793017,0.006652178053797928,controles : mediane et ecart-type
parsorbitalis_lh_all_periodic,0.0724423611997074,0.032419695370509934,controles : mediane et ecart-type
parsorbitalis_lh_alpha_connectivity,0.3529479605807534,0.014110785236408876,controles : mediane et ecart-type
parsorbitalis_lh_alpha_entropy,0.5736300458017793,0.0020464082790539635,controles : mediane et ecart-type
parsorbitalis_lh_alpha_knee_periodic,0.0581821832094644,0.11231890631087535,controles : mediane et ecart-type
parsorbitalis_lh_alpha_periodic,0.010427350220197699,0.12725573292018433,controles : mediane et ecart-type
parsorbitalis_lh_beta_connectivity,0.3456276381826424,0.006288175588494872,controles : mediane et ecart-type
parsorbitalis_lh_beta_entropy,0.7226170556160654,0.005200878310928416,controles : mediane et ecart-type
parsorbitalis_lh_beta_knee_periodic,0.057712121693448,0.050332839550857475,controles : mediane et ecart-type
parsorbitalis_lh_beta_periodic,0.0395775275799646,0.04757799065783148,controles : mediane et ecart-type
parsorbitalis_lh_delta_connectivity,0.32801583170006343,0.023577382703702004,controles : mediane et ecart-type
parsorbitalis_lh_delta_entropy,0.4587584491995709,0.0011003030714125288,controles : mediane et ecart-type
parsorbitalis_lh_delta_knee_periodic,0.08281982197059726,0.09608207733161729,controles : mediane et ecart-type
parsorbitalis_lh_delta_periodic,0.2215054909027916,0.16143315480012446,controles : mediane et ecart-type
parsorbitalis_lh_exponent,0.8077241352271883,0.3169484867378189,controles : mediane et ecart-type
parsorbitalis_lh_gamma_connectivity,0.3469440818156876,0.008088133352431071,controles : mediane et ecart-type
parsorbitalis_lh_gamma_entropy,0.8477528266949867,0.0016453659190278523,controles : mediane et ecart-type
parsorbitalis_lh_gamma_knee_periodic,0.058783331595713,0.05449489230020418,controles : mediane et ecart-type
parsorbitalis_lh_gamma_periodic,0.093252539325517,0.06049451054449616,controles : mediane et ecart-type
parsorbitalis_lh_knee_exponent,0.3248427300372872,0.42133324092183333,controles : mediane et ecart-type
parsorbitalis_lh_knee_offset,-24.137957853234617,1.6261537749332928,controles : mediane et ecart-type
parsorbitalis_lh_offset,-23.128325759750304,0.6524299840543375,controles : mediane et ecart-type
parsorbitalis_lh_theta_connectivity,0.3295902373335606,0.011933268879826037,controles : mediane et ecart-type
parsorbitalis_lh_theta_entropy,0.5152855674310871,0.001930323376276209,controles : mediane et ecart-type
parsorbitalis_lh_theta_knee_periodic,0.08898746767079,0.10358059435214877,controles : mediane et ecart-type
parsorbitalis_lh_theta_periodic,0.0384297769806954,0.11766983423361001,controles : mediane et ecart-type
parsorbitalis_rh_all_connectivity,0.34504274794719036,0.0067377389072333675,controles : mediane et ecart-type
parsorbitalis_rh_all_periodic,0.0704030772471158,0.03280652688115214,controles : mediane et ecart-type
parsorbitalis_rh_alpha_connectivity,0.3522136043062728,0.01425160583140336,controles : mediane et ecart-type
parsorbitalis_rh_alpha_entropy,0.5737427829908095,0.0020054066415453767,controles : mediane et ecart-type
parsorbitalis_rh_alpha_knee_periodic,0.05112656141007415,0.1149456603887952,controles : mediane et ecart-type
parsorbitalis_rh_alpha_periodic,0.0063964682739572,0.12446329743141567,controles : mediane et ecart-type
parsorbitalis_rh_beta_connectivity,0.3456769031462019,0.00631919649436856,controles : mediane et ecart-type
parsorbitalis_rh_beta_entropy,0.7223313591193163,0.0052131391240959205,controles : mediane et ecart-type
parsorbitalis_rh_beta_knee_periodic,0.05489786128072355,0.05090565640583157,controles : mediane et ecart-type
parsorbitalis_rh_beta_periodic,0.0376115725036327,0.05051176537870526,controles : mediane et ecart-type
parsorbitalis_rh_delta_connectivity,0.3277541149999814,0.023870873950503045,controles : mediane et ecart-type
parsorbitalis_rh_delta_entropy,0.4587901434834333,0.0010878283316547348,controles : mediane et ecart-type
parsorbitalis_rh_delta_knee_periodic,0.07557991644398,0.08638853570409818,controles : mediane et ecart-type
parsorbitalis_rh_delta_periodic,0.2120323631981451,0.1605721719848868,controles : mediane et ecart-type
parsorbitalis_rh_exponent,0.7969267651814892,0.3094515486157715,controles : mediane et ecart-type
parsorbitalis_rh_gamma_connectivity,0.346625001005007,0.008287785954762409,controles : mediane et ecart-type
parsorbitalis_rh_gamma_entropy,0.8479325549506735,0.0017415599822282184,controles : mediane et ecart-type
parsorbitalis_rh_gamma_knee_periodic,0.0611630382974177,0.05586627890052384,controles : mediane et ecart-type
parsorbitalis_rh_gamma_periodic,0.09032854724434565,0.05751018132892814,controles : mediane et ecart-type
parsorbitalis_rh_knee_exponent,0.316420538680007,0.4123908408776233,controles : mediane et ecart-type
parsorbitalis_rh_offset,-23.272375506556465,0.6152596146079361,controles : mediane et ecart-type
parsorbitalis_rh_theta_connectivity,0.3292617030307425,0.012253739956579442,controles : mediane et ecart-type
parsorbitalis_rh_theta_entropy,0.5151963304642699,0.0018543126134933135,controles : mediane et ecart-type
parsorbitalis_rh_theta_knee_periodic,0.0766380193558167,0.10160834389887631,controles : mediane et ecart-type
parsorbitalis_rh_theta_periodic,0.0291218014480622,0.11090133406352397,controles : mediane et ecart-type
parstriangularis_lh_all_connectivity,0.3449782757591849,0.006677627920807206,controles : mediane et ecart-type
parstriangularis_lh_all_periodic,0.0700320830854385,0.03137586032753384,controles : mediane et ecart-type
parstriangularis_lh_alpha_connectivity,0.3509013136463808,0.013720983768345688,controles : mediane et ecart-type
parstriangularis_lh_alpha_entropy,0.5738441012072291,0.002029478750313434,controles : mediane et ecart-type
parstriangularis_lh_alpha_knee_periodic,0.0381910110589931,0.11393039159410646,controles : mediane et ecart-type
parstriangularis_lh_alpha_periodic,-0.0015806496642384,0.1201144345913273,controles : mediane et ecart-type
parstriangularis_lh_beta_connectivity,0.34558402568147145,0.0061907539183151524,controles : mediane et ecart-type
parstriangularis_lh_beta_entropy,0.7229780758893609,0.0050385188995511684,controles : mediane et ecart-type
parstriangularis_lh_beta_knee_periodic,0.0597038756095933,0.05122030432322241,controles : mediane et ecart-type
parstriangularis_lh_beta_periodic,0.038440324122320554,0.04778021346840929,controles : mediane et ecart-type
parstriangularis_lh_delta_connectivity,0.32837057577910167,0.022694683055155342,controles : mediane et ecart-type
parstriangularis_lh_delta_entropy,0.4587937963554293,0.0010623714702892677,controles : mediane et ecart-type
parstriangularis_lh_delta_knee_periodic,0.0828388178238004,0.08988285741738077,controles : mediane et ecart-type
parstriangularis_lh_delta_periodic,0.23595513002557006,0.15631789907012641,controles : mediane et ecart-type
parstriangularis_lh_exponent,0.7415056129363488,0.32130382890181475,controles : mediane et ecart-type
parstriangularis_lh_gamma_connectivity,0.3471102501155068,0.00846155869337451,controles : mediane et ecart-type
parstriangularis_lh_gamma_entropy,0.8480091805205605,0.00173211786875648,controles : mediane et ecart-type
parstriangularis_lh_gamma_knee_periodic,0.0669235956682746,0.0570107762941989,controles : mediane et ecart-type
parstriangularis_lh_gamma_periodic,0.09516686688149034,0.05666522294574972,controles : mediane et ecart-type
parstriangularis_lh_knee_exponent,0.2054268256943107,0.3770188142734545,controles : mediane et ecart-type
parstriangularis_lh_offset,-23.627182465465047,0.6314240402668618,controles : mediane et ecart-type
parstriangularis_lh_theta_connectivity,0.32860049675030767,0.011511164406197413,controles : mediane et ecart-type
parstriangularis_lh_theta_entropy,0.5153862939983541,0.0018111961246137101,controles : mediane et ecart-type
parstriangularis_lh_theta_knee_periodic,0.07184566666280405,0.10425209457159325,controles : mediane et ecart-type
parstriangularis_lh_theta_periodic,0.02781823598627775,0.11712210989540854,controles : mediane et ecart-type
parstriangularis_rh_all_connectivity,0.3447901335727993,0.006764742016833965,controles : mediane et ecart-type
parstriangularis_rh_all_periodic,0.0677667753760306,0.030154940730410053,controles : mediane et ecart-type
parstriangularis_rh_alpha_connectivity,0.3506763548082885,0.014013446090095135,controles : mediane et ecart-type
parstriangularis_rh_alpha_entropy,0.5738239168990094,0.002001760413555838,controles : mediane et ecart-type
parstriangularis_rh_alpha_knee_periodic,0.0445904192362848,0.10789740514493767,controles : mediane et ecart-type
parstriangularis_rh_alpha_periodic,-0.0004345424965177,0.11476947837592777,controles : mediane et ecart-type
parstriangularis_rh_beta_connectivity,0.34569764678736115,0.006467207606901996,controles : mediane et ecart-type
parstriangularis_rh_beta_entropy,0.7226443327274453,0.0049723786200046695,controles : mediane et ecart-type
parstriangularis_rh_beta_knee_periodic,0.0538319869949407,0.04944597837049146,controles : mediane et ecart-type
parstriangularis_rh_beta_periodic,0.034908442994170855,0.04722059273205363,controles : mediane et ecart-type
parstriangularis_rh_delta_connectivity,0.3290285887714709,0.02270662680895785,controles : mediane et ecart-type
parstriangularis_rh_delta_entropy,0.45884680944372225,0.0010573475708270282,controles : mediane et ecart-type
parstriangularis_rh_delta_knee_periodic,0.0756587844316687,0.09362049859247416,controles : mediane et ecart-type
parstriangularis_rh_delta_periodic,0.2213331511810523,0.1657680567765563,controles : mediane et ecart-type
parstriangularis_rh_exponent,0.7369037020360718,0.32162188079271226,controles : mediane et ecart-type
parstriangularis_rh_gamma_connectivity,0.3466845165191713,0.008528971542456966,controles : mediane et ecart-type
parstriangularis_rh_gamma_entropy,0.8480018154950915,0.0016882595905903944,controles : mediane et ecart-type
parstriangularis_rh_gamma_knee_periodic,0.06038349406985795,0.054804073557231166,controles : mediane et ecart-type
parstriangularis_rh_gamma_periodic,0.0898957648505595,0.055018007154347105,controles : mediane et ecart-type
parstriangularis_rh_knee_exponent,0.2117717646674666,0.38085789180279916,controles : mediane et ecart-type
parstriangularis_rh_offset,-23.77774144354381,0.6254899431460982,controles : mediane et ecart-type
parstriangularis_rh_theta_connectivity,0.32837421729689525,0.011395913480129905,controles : mediane et ecart-type
parstriangularis_rh_theta_entropy,0.5153804687884987,0.0018193170669683785,controles : mediane et ecart-type
parstriangularis_rh_theta_knee_periodic,0.0706529083990021,0.09625936419190183,controles : mediane et ecart-type
parstriangularis_rh_theta_periodic,0.028446268217110597,0.11389761485477579,controles : mediane et ecart-type
pericalcarine_lh_all_connectivity,0.3447513703888529,0.006465978951017948,controles : mediane et ecart-type
pericalcarine_lh_all_periodic,0.06847934546934101,0.03006848408638263,controles : mediane et ecart-type
pericalcarine_lh_alpha_connectivity,0.3566907333457982,0.017642896566241437,controles : mediane et ecart-type
pericalcarine_lh_alpha_entropy,0.5741530822828066,0.0028942055438263103,controles : mediane et ecart-type
pericalcarine_lh_alpha_knee_periodic,0.1547777578765748,0.14758916672856515,controles : mediane et ecart-type
pericalcarine_lh_alpha_periodic,0.14227517195203135,0.18278722886157786,controles : mediane et ecart-type
pericalcarine_lh_beta_connectivity,0.3452141368120685,0.0064330956330347295,controles : mediane et ecart-type
pericalcarine_lh_beta_entropy,0.7162188229571291,0.006911316548469432,controles : mediane et ecart-type
pericalcarine_lh_beta_knee_periodic,0.0317179312791446,0.03379355164170433,controles : mediane et ecart-type
pericalcarine_lh_beta_periodic,0.02500760717450885,0.042659144082828324,controles : mediane et ecart-type
pericalcarine_lh_delta_connectivity,0.3255788137222441,0.02300842472350925,controles : mediane et ecart-type
pericalcarine_lh_delta_entropy,0.4592658221860083,0.0011446441387582729,controles : mediane et ecart-type
pericalcarine_lh_delta_knee_periodic,0.0346328440611811,0.07242317788443177,controles : mediane et ecart-type
pericalcarine_lh_delta_periodic,0.0804413517559029,0.1153148620299246,controles : mediane et ecart-type
pericalcarine_lh_exponent,1.0435178661168858,0.3175071965627433,controles : mediane et ecart-type
pericalcarine_lh_gamma_connectivity,0.3460229301050832,0.008101245644353416,controles : mediane et ecart-type
pericalcarine_lh_gamma_entropy,0.8476551282143125,0.001717397880690106,controles : mediane et ecart-type
pericalcarine_lh_gamma_knee_periodic,0.0612947865311782,0.049070467813352246,controles : mediane et ecart-type
pericalcarine_lh_gamma_periodic,0.0722300654721396,0.05958201046979556,controles : mediane et ecart-type
pericalcarine_lh_knee_exponent,0.957746446030393,0.5686814694574932,controles : mediane et ecart-type
pericalcarine_lh_offset,-23.194545899382994,0.7376870294685328,controles : mediane et ecart-type
pericalcarine_lh_theta_connectivity,0.3293690103642728,0.010971497763142926,controles : mediane et ecart-type
pericalcarine_lh_theta_entropy,0.5157538607671801,0.002240224977614378,controles : mediane et ecart-type
pericalcarine_lh_theta_knee_periodic,0.046215084086064,0.10578654403741407,controles : mediane et ecart-type
pericalcarine_lh_theta_periodic,0.0401089762583935,0.10077949322411037,controles : mediane et ecart-type
pericalcarine_rh_all_connectivity,0.3447014153468503,0.006579616216705012,controles : mediane et ecart-type
pericalcarine_rh_all_periodic,0.06631683095688935,0.029851353383122937,controles : mediane et ecart-type
pericalcarine_rh_alpha_connectivity,0.35591150211668254,0.017472370517564666,controles : mediane et ecart-type
pericalcarine_rh_alpha_entropy,0.5741533157341787,0.0028834656915060863,controles : mediane et ecart-type
pericalcarine_rh_alpha_knee_periodic,0.1536228396749387,0.1470706246403975,controles : mediane et ecart-type
pericalcarine_rh_alpha_periodic,0.1401894092171199,0.18497743464604316,controles : mediane et ecart-type
pericalcarine_rh_beta_connectivity,0.34473844946032006,0.005939972688280308,controles : mediane et ecart-type
pericalcarine_rh_beta_entropy,0.7169568143385812,0.00683678142941053,controles : mediane et ecart-type
pericalcarine_rh_beta_knee_periodic,0.0296417808105314,0.034039639091950166,controles : mediane et ecart-type
pericalcarine_rh_beta_periodic,0.02195899683270145,0.043615538471342155,controles : mediane et ecart-type
pericalcarine_rh_delta_connectivity,0.3260705862306481,0.022585672086904558,controles : mediane et ecart-type
pericalcarine_rh_delta_entropy,0.4592199787725799,0.001105271264396924,controles : mediane et ecart-type
pericalcarine_rh_delta_knee_periodic,0.0299483949049772,0.07168505510872546,controles : mediane et ecart-type
pericalcarine_rh_delta_periodic,0.0817109218096114,0.11432338295930178,controles : mediane et ecart-type
pericalcarine_rh_exponent,1.0199986923484732,0.3242703841548614,controles : mediane et ecart-type
pericalcarine_rh_gamma_connectivity,0.3454670325961566,0.008252484194887931,controles : mediane et ecart-type
pericalcarine_rh_gamma_entropy,0.8476629406701761,0.0016656678111014176,controles : mediane et ecart-type
pericalcarine_rh_gamma_knee_periodic,0.0609640950983927,0.04853086558062091,controles : mediane et ecart-type
pericalcarine_rh_gamma_periodic,0.0737135646898866,0.058728403511710395,controles : mediane et ecart-type
pericalcarine_rh_knee_exponent,0.8883894745708358,0.5855469793861041,controles : mediane et ecart-type
pericalcarine_rh_offset,-23.250620169290787,0.7297244928441284,controles : mediane et ecart-type
pericalcarine_rh_theta_connectivity,0.3286673069660833,0.011330943567867844,controles : mediane et ecart-type
pericalcarine_rh_theta_entropy,0.5158199202741025,0.0021671485077902845,controles : mediane et ecart-type
pericalcarine_rh_theta_knee_periodic,0.043122447612936904,0.09898719103903307,controles : mediane et ecart-type
pericalcarine_rh_theta_periodic,0.03416000278193845,0.0980871453785064,controles : mediane et ecart-type
periodic_alpha_mean,0.0718592196679511,0.1088723940217451,controles : mediane et ecart-type
periodic_beta_mean,0.0379955197372042,0.0332635796454028,controles : mediane et ecart-type
periodic_delta_mean,0.1671449049555779,0.0993778522281825,controles : mediane et ecart-type
periodic_gamma_mean,0.0792330574640519,0.0405441554821036,controles : mediane et ecart-type
periodic_theta_mean,0.0515007272902995,0.078982674268491,controles : mediane et ecart-type
postcentral_lh_all_connectivity,0.3442338244548834,0.006170255697789373,controles : mediane et ecart-type
postcentral_lh_all_periodic,0.062803564835647,0.028970267082934428,controles : mediane et ecart-type
postcentral_lh_alpha_connectivity,0.3544543663527164,0.016576489784754535,controles : mediane et ecart-type
postcentral_lh_alpha_entropy,0.5736631057623592,0.003092176298514966,controles : mediane et ecart-type
postcentral_lh_alpha_knee_periodic,0.1340506437371794,0.1275391967043101,controles : mediane et ecart-type
postcentral_lh_alpha_periodic,0.09751183673083035,0.14535397302798983,controles : mediane et ecart-type
postcentral_lh_beta_connectivity,0.3448280242022019,0.0063025086919539135,controles : mediane et ecart-type
postcentral_lh_beta_entropy,0.7194806756602165,0.004790203558075089,controles : mediane et ecart-type
postcentral_lh_beta_knee_periodic,0.0369619047788704,0.03729860008387608,controles : mediane et ecart-type
postcentral_lh_beta_periodic,0.0235565714431269,0.03850482352761823,controles : mediane et ecart-type
postcentral_lh_delta_connectivity,0.3264549630639184,0.022104419278474632,controles : mediane et ecart-type
postcentral_lh_delta_entropy,0.4591181899430315,0.0010762806230685468,controles : mediane et ecart-type
postcentral_lh_delta_knee_periodic,0.0342620326613047,0.07769782546801858,controles : mediane et ecart-type
postcentral_lh_delta_periodic,0.11416265819122,0.13534504497380595,controles : mediane et ecart-type
postcentral_lh_exponent,0.9319125296897408,0.27816319453549837,controles : mediane et ecart-type
postcentral_lh_gamma_connectivity,0.34579391677902,0.007790192835226974,controles : mediane et ecart-type
postcentral_lh_gamma_entropy,0.8476782435834483,0.001540769415351712,controles : mediane et ecart-type
postcentral_lh_gamma_knee_periodic,0.0432223069092775,0.041924248101786,controles : mediane et ecart-type
postcentral_lh_gamma_periodic,0.06815914905275185,0.05259163798817662,controles : mediane et ecart-type
postcentral_lh_knee_exponent,0.680221726805718,0.4627431855876177,controles : mediane et ecart-type
postcentral_lh_offset,-24.664481788575003,0.6570021629147512,controles : mediane et ecart-type
postcentral_lh_theta_connectivity,0.32742257159622634,0.010423817164745497,controles : mediane et ecart-type
postcentral_lh_theta_entropy,0.5157213259705383,0.002065343361931383,controles : mediane et ecart-type
postcentral_lh_theta_knee_periodic,0.07689772621126709,0.11183033383484405,controles : mediane et ecart-type
postcentral_lh_theta_periodic,0.05036466542730195,0.11422448412882968,controles : mediane et ecart-type
postcentral_rh_all_connectivity,0.3444522929525286,0.0061660721995568735,controles : mediane et ecart-type
postcentral_rh_all_periodic,0.06346489971520741,0.02835573335031124,controles : mediane et ecart-type
postcentral_rh_alpha_connectivity,0.3546491823429097,0.01636075077288817,controles : mediane et ecart-type
postcentral_rh_alpha_entropy,0.573789694986285,0.0028000206238564104,controles : mediane et ecart-type
postcentral_rh_alpha_knee_periodic,0.11777922204727645,0.12209899036555258,controles : mediane et ecart-type
postcentral_rh_alpha_periodic,0.08584627778174936,0.13662784220295482,controles : mediane et ecart-type
postcentral_rh_beta_connectivity,0.3451935123899452,0.006018177878646589,controles : mediane et ecart-type
postcentral_rh_beta_entropy,0.719800323632986,0.0048080127579924106,controles : mediane et ecart-type
postcentral_rh_beta_knee_periodic,0.037995936533885555,0.03933222540615787,controles : mediane et ecart-type
postcentral_rh_beta_periodic,0.02540524445484615,0.040636012472612115,controles : mediane et ecart-type
postcentral_rh_delta_connectivity,0.3276413930777983,0.022151774683064812,controles : mediane et ecart-type
postcentral_rh_delta_entropy,0.4591134481623766,0.0010482708159971692,controles : mediane et ecart-type
postcentral_rh_delta_knee_periodic,0.0408571845096087,0.07991776146728412,controles : mediane et ecart-type
postcentral_rh_delta_periodic,0.12816378051373115,0.1387747446544576,controles : mediane et ecart-type
postcentral_rh_exponent,0.8855040567234004,0.28088512347552985,controles : mediane et ecart-type
postcentral_rh_gamma_connectivity,0.3460199886692447,0.007562817936820457,controles : mediane et ecart-type
postcentral_rh_gamma_entropy,0.847895635307593,0.0016014485020989042,controles : mediane et ecart-type
postcentral_rh_gamma_knee_periodic,0.0490191536466008,0.0431045423194102,controles : mediane et ecart-type
postcentral_rh_gamma_periodic,0.0725417111407721,0.0521723470660756,controles : mediane et ecart-type
postcentral_rh_knee_exponent,0.5879477294488408,0.4630618503010428,controles : mediane et ecart-type
postcentral_rh_offset,-24.619762107326487,0.6617667923959817,controles : mediane et ecart-type
postcentral_rh_theta_connectivity,0.3266628422844709,0.011400110860612997,controles : mediane et ecart-type
postcentral_rh_theta_entropy,0.5155900453678999,0.002008151988980022,controles : mediane et ecart-type
postcentral_rh_theta_knee_periodic,0.06963566956005071,0.10459042582447521,controles : mediane et ecart-type
postcentral_rh_theta_periodic,0.0410270734809299,0.10563183071689362,controles : mediane et ecart-type
posteriorcingulate_lh_all_connectivity,0.34479992183605757,0.005839486003857362,controles : mediane et ecart-type
posteriorcingulate_lh_all_periodic,0.07628708625225705,0.0313327353818858,controles : mediane et ecart-type
posteriorcingulate_lh_alpha_connectivity,0.3566607181225756,0.016974340011149693,controles : mediane et ecart-type
posteriorcingulate_lh_alpha_entropy,0.5729463005636151,0.0032577058259500324,controles : mediane et ecart-type
posteriorcingulate_lh_alpha_knee_periodic,0.1490887075178663,0.12347829738864115,controles : mediane et ecart-type
posteriorcingulate_lh_alpha_periodic,0.1408451013148415,0.1474967269794111,controles : mediane et ecart-type
posteriorcingulate_lh_beta_connectivity,0.345665861393408,0.006250266286254237,controles : mediane et ecart-type
posteriorcingulate_lh_beta_entropy,0.7180741631710661,0.00578988156456141,controles : mediane et ecart-type
posteriorcingulate_lh_beta_knee_periodic,0.0461622996764392,0.04848182477433079,controles : mediane et ecart-type
posteriorcingulate_lh_beta_periodic,0.0428751562151412,0.05793927780191727,controles : mediane et ecart-type
posteriorcingulate_lh_delta_connectivity,0.3193989273642209,0.02240185417369274,controles : mediane et ecart-type
posteriorcingulate_lh_delta_entropy,0.4596136545493071,0.0010751205942606137,controles : mediane et ecart-type
posteriorcingulate_lh_delta_knee_periodic,0.0416124398505822,0.07801841494071377,controles : mediane et ecart-type
posteriorcingulate_lh_delta_periodic,0.0746327157484962,0.1284233033880351,controles : mediane et ecart-type
posteriorcingulate_lh_exponent,1.092738505709352,0.295460039921894,controles : mediane et ecart-type
posteriorcingulate_lh_gamma_connectivity,0.3459044286120524,0.007641386211020341,controles : mediane et ecart-type
posteriorcingulate_lh_gamma_entropy,0.8469162261096775,0.0018785127435973707,controles : mediane et ecart-type
posteriorcingulate_lh_gamma_knee_periodic,0.0382603364821298,0.03843099209754496,controles : mediane et ecart-type
posteriorcingulate_lh_gamma_periodic,0.04710327989685135,0.049733331182843156,controles : mediane et ecart-type
posteriorcingulate_lh_knee_exponent,1.038655857115038,0.5180558789625004,controles : mediane et ecart-type
posteriorcingulate_lh_offset,-23.518996134580654,0.7583821413339937,controles : mediane et ecart-type
posteriorcingulate_lh_theta_connectivity,0.3297909521971058,0.01034383671213519,controles : mediane et ecart-type
posteriorcingulate_lh_theta_entropy,0.5156068180957245,0.002267515367837329,controles : mediane et ecart-type
posteriorcingulate_lh_theta_knee_periodic,0.1119098976535792,0.12953504985647846,controles : mediane et ecart-type
posteriorcingulate_lh_theta_periodic,0.109543117368714,0.1213720881583624,controles : mediane et ecart-type
posteriorcingulate_rh_all_connectivity,0.3447926357780636,0.005763881182127274,controles : mediane et ecart-type
posteriorcingulate_rh_all_periodic,0.0746597239820524,0.03206935149331712,controles : mediane et ecart-type
posteriorcingulate_rh_alpha_connectivity,0.3558150059859707,0.016600665271232794,controles : mediane et ecart-type
posteriorcingulate_rh_alpha_entropy,0.5730228723550548,0.0032872478916347314,controles : mediane et ecart-type
posteriorcingulate_rh_alpha_knee_periodic,0.15223570798299904,0.12694734576908823,controles : mediane et ecart-type
posteriorcingulate_rh_alpha_periodic,0.1455202437871547,0.1540195678576871,controles : mediane et ecart-type
posteriorcingulate_rh_beta_connectivity,0.3456523246333873,0.006362096866256165,controles : mediane et ecart-type
posteriorcingulate_rh_beta_entropy,0.7180578909954289,0.005770524223773477,controles : mediane et ecart-type
posteriorcingulate_rh_beta_knee_periodic,0.0466456477284233,0.04630560297048466,controles : mediane et ecart-type
posteriorcingulate_rh_beta_periodic,0.041496379323025204,0.05779434194355857,controles : mediane et ecart-type
posteriorcingulate_rh_delta_connectivity,0.319598224878928,0.021805330120079135,controles : mediane et ecart-type
posteriorcingulate_rh_delta_entropy,0.4595923000221128,0.001026555623474428,controles : mediane et ecart-type
posteriorcingulate_rh_delta_knee_periodic,0.0383271491132743,0.0811221968374388,controles : mediane et ecart-type
posteriorcingulate_rh_delta_periodic,0.0788573773991764,0.12467457514050925,controles : mediane et ecart-type
posteriorcingulate_rh_exponent,1.0826354334685044,0.2798040978219839,controles : mediane et ecart-type
posteriorcingulate_rh_gamma_connectivity,0.34585268677563336,0.006912157553643204,controles : mediane et ecart-type
posteriorcingulate_rh_gamma_entropy,0.8468929298096832,0.0019212931751287595,controles : mediane et ecart-type
posteriorcingulate_rh_gamma_knee_periodic,0.03899945892480275,0.03753055440000891,controles : mediane et ecart-type
posteriorcingulate_rh_gamma_periodic,0.04877968407801885,0.05074609416204898,controles : mediane et ecart-type
posteriorcingulate_rh_knee_exponent,0.9960651225541428,0.5198254273194014,controles : mediane et ecart-type
posteriorcingulate_rh_offset,-23.533662618424017,0.7354909849998111,controles : mediane et ecart-type
posteriorcingulate_rh_theta_connectivity,0.3292716016979564,0.01033596560223264,controles : mediane et ecart-type
posteriorcingulate_rh_theta_entropy,0.5157016054546797,0.0022986188993807406,controles : mediane et ecart-type
posteriorcingulate_rh_theta_knee_periodic,0.1099232611356568,0.1316269804154026,controles : mediane et ecart-type
posteriorcingulate_rh_theta_periodic,0.10270211812885174,0.1234108496876169,controles : mediane et ecart-type
precentral_lh_all_connectivity,0.3444595760159501,0.005959325160389682,controles : mediane et ecart-type
precentral_lh_all_periodic,0.06968189198269209,0.0302666849289538,controles : mediane et ecart-type
precentral_lh_alpha_connectivity,0.35520098418493096,0.017784938490246895,controles : mediane et ecart-type
precentral_lh_alpha_entropy,0.5736642445502431,0.003338335178496258,controles : mediane et ecart-type
precentral_lh_alpha_knee_periodic,0.1465065583498357,0.14799329467724476,controles : mediane et ecart-type
precentral_lh_alpha_periodic,0.13769809362256105,0.17153814156539623,controles : mediane et ecart-type
precentral_lh_beta_connectivity,0.3449236108362107,0.006220934396104948,controles : mediane et ecart-type
precentral_lh_beta_entropy,0.7186178967950436,0.005528293187590198,controles : mediane et ecart-type
precentral_lh_beta_knee_periodic,0.043272262108214096,0.04331022220323893,controles : mediane et ecart-type
precentral_lh_beta_periodic,0.0349425053970507,0.05203741993491324,controles : mediane et ecart-type
precentral_lh_delta_connectivity,0.3248503261175752,0.022157558859938378,controles : mediane et ecart-type
precentral_lh_delta_entropy,0.4593371682606056,0.0011211706325720543,controles : mediane et ecart-type
precentral_lh_delta_knee_periodic,0.03122279412370255,0.07344239017349644,controles : mediane et ecart-type
precentral_lh_delta_periodic,0.0916259868107864,0.12312379417457794,controles : mediane et ecart-type
precentral_lh_exponent,1.0016367596224915,0.2963458334913668,controles : mediane et ecart-type
precentral_lh_gamma_connectivity,0.3456606988725397,0.007461729037024543,controles : mediane et ecart-type
precentral_lh_gamma_entropy,0.8472969564062923,0.0017392483973208525,controles : mediane et ecart-type
precentral_lh_gamma_knee_periodic,0.0409754655564007,0.04222827935835975,controles : mediane et ecart-type
precentral_lh_gamma_periodic,0.05390650753836905,0.053588939917276854,controles : mediane et ecart-type
precentral_lh_knee_exponent,0.8528274376481055,0.5266116034275997,controles : mediane et ecart-type
precentral_lh_offset,-24.31573336318843,0.6505063016022331,controles : mediane et ecart-type
precentral_lh_theta_connectivity,0.3274735628992947,0.01083734269205533,controles : mediane et ecart-type
precentral_lh_theta_entropy,0.5157289306613552,0.0021005651098313406,controles : mediane et ecart-type
precentral_lh_theta_knee_periodic,0.0811573001802348,0.11737406358311508,controles : mediane et ecart-type
precentral_lh_theta_periodic,0.0700181576842643,0.11300285606525225,controles : mediane et ecart-type
precentral_rh_all_connectivity,0.3443637820684251,0.005900122552191346,controles : mediane et ecart-type
precentral_rh_all_periodic,0.0683453944354373,0.029377037270181122,controles : mediane et ecart-type
precentral_rh_alpha_connectivity,0.35512724746861746,0.017802703637791403,controles : mediane et ecart-type
precentral_rh_alpha_entropy,0.5736969170550343,0.003186487849245321,controles : mediane et ecart-type
precentral_rh_alpha_knee_periodic,0.1467574873715962,0.14170297207694357,controles : mediane et ecart-type
precentral_rh_alpha_periodic,0.1260760638949141,0.16729268272308193,controles : mediane et ecart-type
precentral_rh_beta_connectivity,0.34490449578480914,0.006092296308786351,controles : mediane et ecart-type
precentral_rh_beta_entropy,0.7183604252381962,0.005368143357559079,controles : mediane et ecart-type
precentral_rh_beta_knee_periodic,0.0448722202950486,0.044623007577646,controles : mediane et ecart-type
precentral_rh_beta_periodic,0.0352876760666548,0.04988021543525072,controles : mediane et ecart-type
precentral_rh_delta_connectivity,0.3246108880260318,0.022082520589505442,controles : mediane et ecart-type
precentral_rh_delta_entropy,0.4593902166929475,0.001151197186208867,controles : mediane et ecart-type
precentral_rh_delta_knee_periodic,0.0291300069109894,0.07231219741667813,controles : mediane et ecart-type
precentral_rh_delta_periodic,0.08143044685004724,0.11920587108828364,controles : mediane et ecart-type
precentral_rh_exponent,1.0262636529785831,0.27871680243865526,controles : mediane et ecart-type
precentral_rh_gamma_connectivity,0.34558177581095917,0.007215045950898093,controles : mediane et ecart-type
precentral_rh_gamma_entropy,0.8471783673609776,0.0017087543713488014,controles : mediane et ecart-type
precentral_rh_gamma_knee_periodic,0.0379086900163179,0.038148994540368436,controles : mediane et ecart-type
precentral_rh_gamma_periodic,0.0515539936962348,0.04846942377670616,controles : mediane et ecart-type
precentral_rh_knee_exponent,0.90257441464395,0.5080464485497976,controles : mediane et ecart-type
precentral_rh_offset,-24.109589988048505,0.6348543509327634,controles : mediane et ecart-type
precentral_rh_theta_connectivity,0.327468908139194,0.010913695499238114,controles : mediane et ecart-type
precentral_rh_theta_entropy,0.5157146594190465,0.0021137664093920185,controles : mediane et ecart-type
precentral_rh_theta_knee_periodic,0.0774762276813345,0.11458152846165844,controles : mediane et ecart-type
precentral_rh_theta_periodic,0.06874644166828811,0.11139575547342938,controles : mediane et ecart-type
precuneus_lh_all_connectivity,0.3447152437481559,0.0061004669895172465,controles : mediane et ecart-type
precuneus_lh_all_periodic,0.0738661175689745,0.03256747989008404,controles : mediane et ecart-type
precuneus_lh_alpha_connectivity,0.3575942510050838,0.018468140814233768,controles : mediane et ecart-type
precuneus_lh_alpha_entropy,0.5737580918979251,0.003451595453830666,controles : mediane et ecart-type
precuneus_lh_alpha_knee_periodic,0.1850446401911026,0.14231716232827094,controles : mediane et ecart-type
precuneus_lh_alpha_periodic,0.1947329181583909,0.18382355642278025,controles : mediane et ecart-type
precuneus_lh_beta_connectivity,0.345216067084883,0.006302827765659665,controles : mediane et ecart-type
precuneus_lh_beta_entropy,0.7141621497692128,0.00641181469931903,controles : mediane et ecart-type
precuneus_lh_beta_knee_periodic,0.0373866091500874,0.04020058108640977,controles : mediane et ecart-type
precuneus_lh_beta_periodic,0.0370769748718124,0.06037591507825376,controles : mediane et ecart-type
precuneus_lh_delta_connectivity,0.3248109501627968,0.022035090737147385,controles : mediane et ecart-type
precuneus_lh_delta_entropy,0.4594016319521485,0.001108848693475313,controles : mediane et ecart-type
precuneus_lh_delta_knee_periodic,0.0261310763638968,0.06871830301494278,controles : mediane et ecart-type
precuneus_lh_delta_periodic,0.0372492380846249,0.10587029948872041,controles : mediane et ecart-type
precuneus_lh_exponent,1.1235997317900002,0.2835933510581563,controles : mediane et ecart-type
precuneus_lh_gamma_connectivity,0.3450539618035677,0.007475864412505051,controles : mediane et ecart-type
precuneus_lh_gamma_entropy,0.8469005913684747,0.001741078234214372,controles : mediane et ecart-type
precuneus_lh_gamma_knee_periodic,0.0497396800331741,0.045447261598187474,controles : mediane et ecart-type
precuneus_lh_gamma_periodic,0.0395354822969757,0.05519432128954915,controles : mediane et ecart-type
precuneus_lh_knee_exponent,1.2162076782534192,0.5599924921049738,controles : mediane et ecart-type
precuneus_lh_offset,-23.1950358270256,0.7892296042568462,controles : mediane et ecart-type
precuneus_lh_theta_connectivity,0.3290717175650375,0.011145274912964506,controles : mediane et ecart-type
precuneus_lh_theta_entropy,0.5160526853074064,0.0023705804445366433,controles : mediane et ecart-type
precuneus_lh_theta_knee_periodic,0.0435883010757485,0.12044033927275528,controles : mediane et ecart-type
precuneus_lh_theta_periodic,0.0620518867692021,0.10971329776848654,controles : mediane et ecart-type
precuneus_rh_all_connectivity,0.3446859904394867,0.006059674084055827,controles : mediane et ecart-type
precuneus_rh_all_periodic,0.0728092585693804,0.03340865201204364,controles : mediane et ecart-type
precuneus_rh_alpha_connectivity,0.35784200692544,0.01807881023426575,controles : mediane et ecart-type
precuneus_rh_alpha_entropy,0.5736826104457589,0.0034382815672319277,controles : mediane et ecart-type
precuneus_rh_alpha_knee_periodic,0.1852668865769184,0.14347955524775785,controles : mediane et ecart-type
precuneus_rh_alpha_periodic,0.2086388886984728,0.18855820398962014,controles : mediane et ecart-type
precuneus_rh_beta_connectivity,0.3446854293991329,0.006205987268102543,controles : mediane et ecart-type
precuneus_rh_beta_entropy,0.7145164425860354,0.0065096812345783305,controles : mediane et ecart-type
precuneus_rh_beta_knee_periodic,0.037064604013561,0.03983842743701614,controles : mediane et ecart-type
precuneus_rh_beta_periodic,0.0384799489857007,0.057379640758644386,controles : mediane et ecart-type
precuneus_rh_delta_connectivity,0.3242743428066894,0.02192549337658163,controles : mediane et ecart-type
precuneus_rh_delta_entropy,0.4593472990792683,0.0010744992375231034,controles : mediane et ecart-type
precuneus_rh_delta_knee_periodic,0.0246243501297582,0.06669338943092439,controles : mediane et ecart-type
precuneus_rh_delta_periodic,0.03861039221281565,0.09733484721599103,controles : mediane et ecart-type
precuneus_rh_exponent,1.1159087202537008,0.2799865935359692,controles : mediane et ecart-type
precuneus_rh_gamma_connectivity,0.3449917842352606,0.007417509567763393,controles : mediane et ecart-type
precuneus_rh_gamma_entropy,0.8469381606799087,0.0017889202563660426,controles : mediane et ecart-type
precuneus_rh_gamma_knee_periodic,0.0462105870382586,0.04435258153857917,controles : mediane et ecart-type
precuneus_rh_gamma_periodic,0.0407936234863191,0.05389726868373736,controles : mediane et ecart-type
precuneus_rh_knee_exponent,1.198736018112845,0.5618768433176502,controles : mediane et ecart-type
precuneus_rh_offset,-23.186004664773762,0.758006321851391,controles : mediane et ecart-type
precuneus_rh_theta_connectivity,0.3284281873537377,0.011016625863873548,controles : mediane et ecart-type
precuneus_rh_theta_entropy,0.5160713590133266,0.0023349674832001364,controles : mediane et ecart-type
precuneus_rh_theta_knee_periodic,0.0402909240967111,0.11668654480539503,controles : mediane et ecart-type
precuneus_rh_theta_periodic,0.0590429741311875,0.10677233291476566,controles : mediane et ecart-type
psd_alpha_mean,-24.4133575269598,0.5155489702642658,controles : mediane et ecart-type
psd_beta_mean,-24.72423042133603,0.4982830274899148,controles : mediane et ecart-type
psd_delta_mean,-23.864944135786743,0.5907263792071069,controles : mediane et ecart-type
psd_gamma_mean,-24.92222826361017,0.4959094905968862,controles : mediane et ecart-type
psd_theta_mean,-24.21478156877898,0.5652494732939043,controles : mediane et ecart-type
pw_alpha_mean,0.340923365827286,0.1189426309211738,controles : mediane et ecart-type
rostralanteriorcingulate_lh_all_connectivity,0.34489800478340515,0.006595755754269367,controles : mediane et ecart-type
rostralanteriorcingulate_lh_all_periodic,0.0696986529832995,0.031639934270845556,controles : mediane et ecart-type
rostralanteriorcingulate_lh_alpha_connectivity,0.35139314327371296,0.01364375215963989,controles : mediane et ecart-type
rostralanteriorcingulate_lh_alpha_entropy,0.5735286745497561,0.002117722623024232,controles : mediane et ecart-type
rostralanteriorcingulate_lh_alpha_knee_periodic,0.0620979062611684,0.10228674524986103,controles : mediane et ecart-type
rostralanteriorcingulate_lh_alpha_periodic,0.0207074098631861,0.11662756276658465,controles : mediane et ecart-type
rostralanteriorcingulate_lh_beta_connectivity,0.34542396508326645,0.006233302364743689,controles : mediane et ecart-type
rostralanteriorcingulate_lh_beta_entropy,0.7219897933754438,0.005367083631464788,controles : mediane et ecart-type
rostralanteriorcingulate_lh_beta_knee_periodic,0.0556953314968225,0.047030639449011424,controles : mediane et ecart-type
rostralanteriorcingulate_lh_beta_periodic,0.0389747502814241,0.04623495311339154,controles : mediane et ecart-type
rostralanteriorcingulate_lh_delta_connectivity,0.32618147764470434,0.022790366890172515,controles : mediane et ecart-type
rostralanteriorcingulate_lh_delta_entropy,0.45889139270846524,0.0010667648189043105,controles : mediane et ecart-type
rostralanteriorcingulate_lh_delta_knee_periodic,0.068924570493098,0.08886732565749887,controles : mediane et ecart-type
rostralanteriorcingulate_lh_delta_periodic,0.1925255602528626,0.16517965494557882,controles : mediane et ecart-type
rostralanteriorcingulate_lh_exponent,0.8504194605674136,0.30881856611430697,controles : mediane et ecart-type
rostralanteriorcingulate_lh_gamma_connectivity,0.3464619051283083,0.008132130690847908,controles : mediane et ecart-type
rostralanteriorcingulate_lh_gamma_entropy,0.8475884598114655,0.0017985165812179095,controles : mediane et ecart-type
rostralanteriorcingulate_lh_gamma_knee_periodic,0.052444703858722255,0.047495285640802194,controles : mediane et ecart-type
rostralanteriorcingulate_lh_gamma_periodic,0.0809192982200851,0.05451792570456154,controles : mediane et ecart-type
rostralanteriorcingulate_lh_knee_exponent,0.4351582312118744,0.4414276564915865,controles : mediane et ecart-type
rostralanteriorcingulate_lh_offset,-23.20236947666979,0.6692046002576091,controles : mediane et ecart-type
rostralanteriorcingulate_lh_theta_connectivity,0.33005400591466805,0.011629150100959537,controles : mediane et ecart-type
rostralanteriorcingulate_lh_theta_entropy,0.5155208146536444,0.0019109526686148057,controles : mediane et ecart-type
rostralanteriorcingulate_lh_theta_knee_periodic,0.0892938159422636,0.10923791680038217,controles : mediane et ecart-type
rostralanteriorcingulate_lh_theta_periodic,0.055008346781749554,0.11888218153489283,controles : mediane et ecart-type
rostralanteriorcingulate_rh_all_connectivity,0.3447861231065743,0.006422706755078918,controles : mediane et ecart-type
rostralanteriorcingulate_rh_all_periodic,0.0691664596044776,0.030248535954934635,controles : mediane et ecart-type
rostralanteriorcingulate_rh_alpha_connectivity,0.3512316178358613,0.014080512800254248,controles : mediane et ecart-type
rostralanteriorcingulate_rh_alpha_entropy,0.5735165597648813,0.002073348643510765,controles : mediane et ecart-type
rostralanteriorcingulate_rh_alpha_knee_periodic,0.0634386123976907,0.10479504837971755,controles : mediane et ecart-type
rostralanteriorcingulate_rh_alpha_periodic,0.0227258450559799,0.11795904795050646,controles : mediane et ecart-type
rostralanteriorcingulate_rh_beta_connectivity,0.3455129811775827,0.006054235477503913,controles : mediane et ecart-type
rostralanteriorcingulate_rh_beta_entropy,0.7218888764734217,0.005412023813422248,controles : mediane et ecart-type
rostralanteriorcingulate_rh_beta_knee_periodic,0.05396230035474325,0.046782385337758525,controles : mediane et ecart-type
rostralanteriorcingulate_rh_beta_periodic,0.0385602840162387,0.04547280804712766,controles : mediane et ecart-type
rostralanteriorcingulate_rh_delta_connectivity,0.3268814509446575,0.022544601635879093,controles : mediane et ecart-type
rostralanteriorcingulate_rh_delta_entropy,0.4588441443122208,0.001039692982657799,controles : mediane et ecart-type
rostralanteriorcingulate_rh_delta_knee_periodic,0.0699765917291976,0.08979918313383697,controles : mediane et ecart-type
rostralanteriorcingulate_rh_delta_periodic,0.19246720901146652,0.1550812956522323,controles : mediane et ecart-type
rostralanteriorcingulate_rh_exponent,0.868074484221322,0.29820900788560073,controles : mediane et ecart-type
rostralanteriorcingulate_rh_gamma_connectivity,0.34649884937438713,0.008052805107302944,controles : mediane et ecart-type
rostralanteriorcingulate_rh_gamma_entropy,0.8476166199072934,0.0017777663692385255,controles : mediane et ecart-type
rostralanteriorcingulate_rh_gamma_knee_periodic,0.05283402113144405,0.04606688123128849,controles : mediane et ecart-type
rostralanteriorcingulate_rh_gamma_periodic,0.0850787106635984,0.05617885357618993,controles : mediane et ecart-type
rostralanteriorcingulate_rh_knee_exponent,0.4558456629138258,0.4398816364991364,controles : mediane et ecart-type
rostralanteriorcingulate_rh_offset,-23.267894257903585,0.6707592176713969,controles : mediane et ecart-type
rostralanteriorcingulate_rh_theta_connectivity,0.3306544528554532,0.011498093923934605,controles : mediane et ecart-type
rostralanteriorcingulate_rh_theta_entropy,0.5155479241101126,0.0018926523334230525,controles : mediane et ecart-type
rostralanteriorcingulate_rh_theta_knee_periodic,0.092587144362936,0.10634636256006588,controles : mediane et ecart-type
rostralanteriorcingulate_rh_theta_periodic,0.0515277351878384,0.11609647010384115,controles : mediane et ecart-type
rostralmiddlefrontal_lh_all_connectivity,0.34439943810969315,0.006394047819373833,controles : mediane et ecart-type
rostralmiddlefrontal_lh_all_periodic,0.0703566118817256,0.031200757183097113,controles : mediane et ecart-type
rostralmiddlefrontal_lh_alpha_connectivity,0.3499751670334659,0.013259803852138,controles : mediane et ecart-type
rostralmiddlefrontal_lh_alpha_entropy,0.5737340064029002,0.0019955727070760355,controles : mediane et ecart-type
rostralmiddlefrontal_lh_alpha_knee_periodic,0.03249003114609765,0.10634533009433976,controles : mediane et ecart-type
rostralmiddlefrontal_lh_alpha_periodic,-0.00401498085950975,0.11317447742929489,controles : mediane et ecart-type
rostralmiddlefrontal_lh_beta_connectivity,0.3450956629711678,0.005970441920092344,controles : mediane et ecart-type
rostralmiddlefrontal_lh_beta_entropy,0.72253735187819,0.005346093480615091,controles : mediane et ecart-type
rostralmiddlefrontal_lh_beta_knee_periodic,0.0698940202505804,0.05354200713149914,controles : mediane et ecart-type
rostralmiddlefrontal_lh_beta_periodic,0.0517793272986975,0.05320302319749599,controles : mediane et ecart-type
rostralmiddlefrontal_lh_delta_connectivity,0.3274602101413976,0.02232698881584991,controles : mediane et ecart-type
rostralmiddlefrontal_lh_delta_entropy,0.4588913363409047,0.0010472976436125278,controles : mediane et ecart-type
rostralmiddlefrontal_lh_delta_knee_periodic,0.07079165713737515,0.09262052067072281,controles : mediane et ecart-type
rostralmiddlefrontal_lh_delta_periodic,0.2185633248771266,0.1612983815302686,controles : mediane et ecart-type
rostralmiddlefrontal_lh_exponent,0.7523778202907017,0.3494212289509931,controles : mediane et ecart-type
rostralmiddlefrontal_lh_gamma_connectivity,0.3463855436592403,0.00806652161741043,controles : mediane et ecart-type
rostralmiddlefrontal_lh_gamma_entropy,0.8478470654177657,0.0019066382457795827,controles : mediane et ecart-type
rostralmiddlefrontal_lh_gamma_knee_periodic,0.05862287356459025,0.05291099229806491,controles : mediane et ecart-type
rostralmiddlefrontal_lh_gamma_periodic,0.0828716927950898,0.05253851826051002,controles : mediane et ecart-type
rostralmiddlefrontal_lh_knee_exponent,0.2470155706053158,0.4160149916234583,controles : mediane et ecart-type
rostralmiddlefrontal_lh_offset,-23.720275516637344,0.6381575272336719,controles : mediane et ecart-type
rostralmiddlefrontal_lh_theta_connectivity,0.3282774405966225,0.011422941215285696,controles : mediane et ecart-type
rostralmiddlefrontal_lh_theta_entropy,0.5155845916793194,0.0018414651151683501,controles : mediane et ecart-type
rostralmiddlefrontal_lh_theta_knee_periodic,0.0713354582201084,0.10301878379011424,controles : mediane et ecart-type
rostralmiddlefrontal_lh_theta_periodic,0.040913929741792796,0.1158382307501043,controles : mediane et ecart-type
rostralmiddlefrontal_rh_all_connectivity,0.34451859106476446,0.0061588171021043974,controles : mediane et ecart-type
rostralmiddlefrontal_rh_all_periodic,0.0686363518157294,0.03010205363800868,controles : mediane et ecart-type
rostralmiddlefrontal_rh_alpha_connectivity,0.35074425991979724,0.013109213542936019,controles : mediane et ecart-type
rostralmiddlefrontal_rh_alpha_entropy,0.5738164743328108,0.0018878350939184824,controles : mediane et ecart-type
rostralmiddlefrontal_rh_alpha_knee_periodic,0.0351139537675346,0.1047271612824025,controles : mediane et ecart-type
rostralmiddlefrontal_rh_alpha_periodic,-0.0020584251883066,0.10968572616543812,controles : mediane et ecart-type
rostralmiddlefrontal_rh_beta_connectivity,0.3451364286829257,0.006288518083717308,controles : mediane et ecart-type
rostralmiddlefrontal_rh_beta_entropy,0.7219877054745256,0.005208221880393058,controles : mediane et ecart-type
rostralmiddlefrontal_rh_beta_knee_periodic,0.0675989654763002,0.05139249876320734,controles : mediane et ecart-type
rostralmiddlefrontal_rh_beta_periodic,0.048282128760835305,0.05206378373884314,controles : mediane et ecart-type
rostralmiddlefrontal_rh_delta_connectivity,0.3273047792954734,0.02270556116841926,controles : mediane et ecart-type
rostralmiddlefrontal_rh_delta_entropy,0.4588345579218139,0.0010730896250696902,controles : mediane et ecart-type
rostralmiddlefrontal_rh_delta_knee_periodic,0.063307503291621,0.09107705750120448,controles : mediane et ecart-type
rostralmiddlefrontal_rh_delta_periodic,0.2020227220505068,0.16502571716549058,controles : mediane et ecart-type
rostralmiddlefrontal_rh_exponent,0.7590468894564899,0.32979788777707814,controles : mediane et ecart-type
rostralmiddlefrontal_rh_gamma_connectivity,0.3463110343023193,0.00773064258619455,controles : mediane et ecart-type
rostralmiddlefrontal_rh_gamma_entropy,0.8478164179811272,0.0018656441788185017,controles : mediane et ecart-type
rostralmiddlefrontal_rh_gamma_knee_periodic,0.0535156911888274,0.05155359049920066,controles : mediane et ecart-type
rostralmiddlefrontal_rh_gamma_periodic,0.0778992759560245,0.04960248884798749,controles : mediane et ecart-type
rostralmiddlefrontal_rh_knee_exponent,0.284657062360949,0.42173971833649554,controles : mediane et ecart-type
rostralmiddlefrontal_rh_offset,-23.707282706372492,0.6140077229986906,controles : mediane et ecart-type
rostralmiddlefrontal_rh_theta_connectivity,0.3285193367756175,0.011215990642056231,controles : mediane et ecart-type
rostralmiddlefrontal_rh_theta_entropy,0.5155820363781384,0.0018548967888778643,controles : mediane et ecart-type
rostralmiddlefrontal_rh_theta_knee_periodic,0.0685738915724869,0.09728796361628705,controles : mediane et ecart-type
rostralmiddlefrontal_rh_theta_periodic,0.04360117059536645,0.1125575395796443,controles : mediane et ecart-type
superiorfrontal_lh_all_connectivity,0.3441856206681982,0.005837472102723244,controles : mediane et ecart-type
superiorfrontal_lh_all_periodic,0.0698455673388375,0.029499157311847605,controles : mediane et ecart-type
superiorfrontal_lh_alpha_connectivity,0.351406984538262,0.013837421542645745,controles : mediane et ecart-type
superiorfrontal_lh_alpha_entropy,0.573105927616583,0.002308941228183404,controles : mediane et ecart-type
superiorfrontal_lh_alpha_knee_periodic,0.07683188634462185,0.09785339335568452,controles : mediane et ecart-type
superiorfrontal_lh_alpha_periodic,0.05081908928467645,0.1127321645337262,controles : mediane et ecart-type
superiorfrontal_lh_beta_connectivity,0.3450218498353938,0.005805736553895873,controles : mediane et ecart-type
superiorfrontal_lh_beta_entropy,0.7205253027799722,0.005470012032440522,controles : mediane et ecart-type
superiorfrontal_lh_beta_knee_periodic,0.0595839789541323,0.04583122230247808,controles : mediane et ecart-type
superiorfrontal_lh_beta_periodic,0.0473405428451428,0.04814641061300963,controles : mediane et ecart-type
superiorfrontal_lh_delta_connectivity,0.3250409130424047,0.022200979849984315,controles : mediane et ecart-type
superiorfrontal_lh_delta_entropy,0.4591757817894334,0.0010680562413053207,controles : mediane et ecart-type
superiorfrontal_lh_delta_knee_periodic,0.04793794694930305,0.08533178321297899,controles : mediane et ecart-type
superiorfrontal_lh_delta_periodic,0.1402419693227784,0.15038562363175995,controles : mediane et ecart-type
superiorfrontal_lh_exponent,0.9342525705413508,0.29605823798901953,controles : mediane et ecart-type
superiorfrontal_lh_gamma_connectivity,0.34591016348633985,0.007531351627963694,controles : mediane et ecart-type
superiorfrontal_lh_gamma_entropy,0.8473225810024319,0.0017471123192499454,controles : mediane et ecart-type
superiorfrontal_lh_gamma_knee_periodic,0.0418550451887061,0.040904399928862925,controles : mediane et ecart-type
superiorfrontal_lh_gamma_periodic,0.0669476328108475,0.05040692280116777,controles : mediane et ecart-type
superiorfrontal_lh_knee_exponent,0.6513222032780048,0.4794969367703048,controles : mediane et ecart-type
superiorfrontal_lh_offset,-24.132249196810122,0.6681887940396728,controles : mediane et ecart-type
superiorfrontal_lh_theta_connectivity,0.3287187504890124,0.010812345136999763,controles : mediane et ecart-type
superiorfrontal_lh_theta_entropy,0.5156584339653136,0.0019999073466375407,controles : mediane et ecart-type
superiorfrontal_lh_theta_knee_periodic,0.11081372213304555,0.1080876321035879,controles : mediane et ecart-type
superiorfrontal_lh_theta_periodic,0.0921225061207746,0.11368235267295748,controles : mediane et ecart-type
superiorfrontal_rh_all_connectivity,0.3441604184064796,0.005886594978226185,controles : mediane et ecart-type
superiorfrontal_rh_all_periodic,0.07014230492055565,0.029894480563077034,controles : mediane et ecart-type
superiorfrontal_rh_alpha_connectivity,0.3511987931964945,0.013832112082489292,controles : mediane et ecart-type
superiorfrontal_rh_alpha_entropy,0.5733234874076398,0.0021559504294071928,controles : mediane et ecart-type
superiorfrontal_rh_alpha_knee_periodic,0.0645124403321786,0.09782937109852685,controles : mediane et ecart-type
superiorfrontal_rh_alpha_periodic,0.0370254896041073,0.11306582892798453,controles : mediane et ecart-type
superiorfrontal_rh_beta_connectivity,0.34521446594163363,0.0057519374754263514,controles : mediane et ecart-type
superiorfrontal_rh_beta_entropy,0.7205815664422284,0.005612533498844495,controles : mediane et ecart-type
superiorfrontal_rh_beta_knee_periodic,0.0644252270999536,0.048131807502007816,controles : mediane et ecart-type
superiorfrontal_rh_beta_periodic,0.0489352559610781,0.05234515397572705,controles : mediane et ecart-type
superiorfrontal_rh_delta_connectivity,0.3249216939229881,0.022532130173970554,controles : mediane et ecart-type
superiorfrontal_rh_delta_entropy,0.4590247738870736,0.0010596255704678028,controles : mediane et ecart-type
superiorfrontal_rh_delta_knee_periodic,0.0511767687540384,0.08467033396741876,controles : mediane et ecart-type
superiorfrontal_rh_delta_periodic,0.1566263694900385,0.15852120304754444,controles : mediane et ecart-type
superiorfrontal_rh_exponent,0.9058779083658965,0.3175732522394956,controles : mediane et ecart-type
superiorfrontal_rh_gamma_connectivity,0.3459424923378417,0.007233485360461082,controles : mediane et ecart-type
superiorfrontal_rh_gamma_entropy,0.8474891920355117,0.0018222190317235191,controles : mediane et ecart-type
superiorfrontal_rh_gamma_knee_periodic,0.04480669884139265,0.040955769402265106,controles : mediane et ecart-type
superiorfrontal_rh_gamma_periodic,0.0671950300719111,0.04809224508419043,controles : mediane et ecart-type
superiorfrontal_rh_knee_exponent,0.5757836221769014,0.497046766667165,controles : mediane et ecart-type
superiorfrontal_rh_offset,-24.110445424903908,0.6926015427156517,controles : mediane et ecart-type
superiorfrontal_rh_theta_connectivity,0.3292174994927271,0.010994821179881903,controles : mediane et ecart-type
superiorfrontal_rh_theta_entropy,0.5157240162016432,0.001953645232456541,controles : mediane et ecart-type
superiorfrontal_rh_theta_knee_periodic,0.1059378259485364,0.10854200066917416,controles : mediane et ecart-type
superiorfrontal_rh_theta_periodic,0.0854374051586291,0.11580142621654346,controles : mediane et ecart-type
superiorparietal_lh_all_connectivity,0.3444660408655168,0.0061153556122546405,controles : mediane et ecart-type
superiorparietal_lh_all_periodic,0.07092082662893939,0.03428228784905635,controles : mediane et ecart-type
superiorparietal_lh_alpha_connectivity,0.3580119040863429,0.019012403898729862,controles : mediane et ecart-type
superiorparietal_lh_alpha_entropy,0.5736884826168969,0.003335118532864127,controles : mediane et ecart-type
superiorparietal_lh_alpha_knee_periodic,0.1762439163076171,0.145326910153071,controles : mediane et ecart-type
superiorparietal_lh_alpha_periodic,0.18487538068044862,0.19171696408383967,controles : mediane et ecart-type
superiorparietal_lh_beta_connectivity,0.34494407265565796,0.006111951014827267,controles : mediane et ecart-type
superiorparietal_lh_beta_entropy,0.7147407711528564,0.0064140137285098025,controles : mediane et ecart-type
superiorparietal_lh_beta_knee_periodic,0.0399380762166304,0.041684910325983995,controles : mediane et ecart-type
superiorparietal_lh_beta_periodic,0.03917981817831735,0.06248873483684331,controles : mediane et ecart-type
superiorparietal_lh_delta_connectivity,0.32534996505881014,0.022066221999001354,controles : mediane et ecart-type
superiorparietal_lh_delta_entropy,0.4593837242240734,0.0011130556160177682,controles : mediane et ecart-type
superiorparietal_lh_delta_knee_periodic,0.0265542081615713,0.06813599742982825,controles : mediane et ecart-type
superiorparietal_lh_delta_periodic,0.0407654227096323,0.10009033992149263,controles : mediane et ecart-type
superiorparietal_lh_exponent,1.1100583484440034,0.2907297579161595,controles : mediane et ecart-type
superiorparietal_lh_gamma_connectivity,0.3448454772333947,0.007590554129540583,controles : mediane et ecart-type
superiorparietal_lh_gamma_entropy,0.846858817689843,0.001787649157527017,controles : mediane et ecart-type
superiorparietal_lh_gamma_knee_periodic,0.042936707640408994,0.0430669516234072,controles : mediane et ecart-type
superiorparietal_lh_gamma_periodic,0.03940147520559055,0.0529079149003505,controles : mediane et ecart-type
superiorparietal_lh_knee_exponent,1.1860267242898828,0.5737232289089965,controles : mediane et ecart-type
superiorparietal_lh_offset,-23.72515324882867,0.7922924821395373,controles : mediane et ecart-type
superiorparietal_lh_theta_connectivity,0.3284482336276984,0.011165581585965135,controles : mediane et ecart-type
superiorparietal_lh_theta_entropy,0.5159421762410468,0.0023623344963522226,controles : mediane et ecart-type
superiorparietal_lh_theta_knee_periodic,0.043793703308371,0.11275055747638581,controles : mediane et ecart-type
superiorparietal_lh_theta_periodic,0.0610942026393113,0.10716196923249602,controles : mediane et ecart-type
superiorparietal_rh_all_connectivity,0.3446281047355184,0.006079670629469879,controles : mediane et ecart-type
superiorparietal_rh_all_periodic,0.07260138295670321,0.03504732018377545,controles : mediane et ecart-type
superiorparietal_rh_alpha_connectivity,0.3583488314754318,0.01879187178236908,controles : mediane et ecart-type
superiorparietal_rh_alpha_entropy,0.5736721096903447,0.003476251710680455,controles : mediane et ecart-type
superiorparietal_rh_alpha_knee_periodic,0.1833402358831959,0.14846275133833003,controles : mediane et ecart-type
superiorparietal_rh_alpha_periodic,0.20043450739535035,0.19726871309906668,controles : mediane et ecart-type
superiorparietal_rh_beta_connectivity,0.3446668436930253,0.006163763189711101,controles : mediane et ecart-type
superiorparietal_rh_beta_entropy,0.7147635629804393,0.006519145146884291,controles : mediane et ecart-type
superiorparietal_rh_beta_knee_periodic,0.0381406291945172,0.04358049341746143,controles : mediane et ecart-type
superiorparietal_rh_beta_periodic,0.0390047211301437,0.06326515572280605,controles : mediane et ecart-type
superiorparietal_rh_delta_connectivity,0.3238175365437119,0.02164728961567624,controles : mediane et ecart-type
superiorparietal_rh_delta_entropy,0.4593453916694822,0.0010773333102620116,controles : mediane et ecart-type
superiorparietal_rh_delta_knee_periodic,0.0249171644980946,0.06313320750483523,controles : mediane et ecart-type
superiorparietal_rh_delta_periodic,0.03658275154421,0.1037398150067766,controles : mediane et ecart-type
superiorparietal_rh_exponent,1.1057938475384737,0.28472202712436756,controles : mediane et ecart-type
superiorparietal_rh_gamma_connectivity,0.3448869823234569,0.0072002140299385255,controles : mediane et ecart-type
superiorparietal_rh_gamma_entropy,0.8469372684682146,0.0017945750434023061,controles : mediane et ecart-type
superiorparietal_rh_gamma_knee_periodic,0.0425638551889413,0.042672231342449345,controles : mediane et ecart-type
superiorparietal_rh_gamma_periodic,0.0377261294665861,0.05174095846031026,controles : mediane et ecart-type
superiorparietal_rh_knee_exponent,1.2059056432341375,0.5971055032216726,controles : mediane et ecart-type
superiorparietal_rh_offset,-23.828226556007568,0.6850960984951587,controles : mediane et ecart-type
superiorparietal_rh_theta_connectivity,0.3276933980500075,0.011098593871986842,controles : mediane et ecart-type
superiorparietal_rh_theta_entropy,0.5161283691531293,0.002375020316127942,controles : mediane et ecart-type
superiorparietal_rh_theta_knee_periodic,0.043639524037122554,0.1160708781495013,controles : mediane et ecart-type
superiorparietal_rh_theta_periodic,0.0637496969020934,0.10994278730125176,controles : mediane et ecart-type
superiortemporal_lh_all_connectivity,0.34579459725170403,0.006979842106518739,controles : mediane et ecart-type
superiortemporal_lh_all_periodic,0.06470764708617155,0.029602142360132165,controles : mediane et ecart-type
superiortemporal_lh_alpha_connectivity,0.35299810003449195,0.014392807939424823,controles : mediane et ecart-type
superiortemporal_lh_alpha_entropy,0.5740946559755006,0.0023835407240494753,controles : mediane et ecart-type
superiortemporal_lh_alpha_knee_periodic,0.0615529882270012,0.11832863071499912,controles : mediane et ecart-type
superiortemporal_lh_alpha_periodic,0.0216550453709784,0.12661382176425873,controles : mediane et ecart-type
superiortemporal_lh_beta_connectivity,0.34616733224255714,0.007006074445283676,controles : mediane et ecart-type
superiortemporal_lh_beta_entropy,0.7217506361839353,0.005221203946621303,controles : mediane et ecart-type
superiortemporal_lh_beta_knee_periodic,0.0460627398394308,0.04519438720179928,controles : mediane et ecart-type
superiortemporal_lh_beta_periodic,0.0267252486572061,0.04481251949435559,controles : mediane et ecart-type
superiortemporal_lh_delta_connectivity,0.3280246422671629,0.022777926650436726,controles : mediane et ecart-type
superiortemporal_lh_delta_entropy,0.45892885811988676,0.0010858241772932088,controles : mediane et ecart-type
superiortemporal_lh_delta_knee_periodic,0.0789769276271998,0.09297399459057532,controles : mediane et ecart-type
superiortemporal_lh_delta_periodic,0.2067448088499212,0.15557885144969802,controles : mediane et ecart-type
superiortemporal_lh_exponent,0.7516752493199715,0.3285980587542676,controles : mediane et ecart-type
superiortemporal_lh_gamma_connectivity,0.3478593294461394,0.009201123704296854,controles : mediane et ecart-type
superiortemporal_lh_gamma_entropy,0.8484134945835862,0.001765887870627388,controles : mediane et ecart-type
superiortemporal_lh_gamma_knee_periodic,0.0650541358962351,0.05387580903111055,controles : mediane et ecart-type
superiortemporal_lh_gamma_periodic,0.09115676762396499,0.058147532923185655,controles : mediane et ecart-type
superiortemporal_lh_knee_exponent,0.2628873984760815,0.41107938921576914,controles : mediane et ecart-type
superiortemporal_lh_offset,-24.103516425272502,0.6538425525922549,controles : mediane et ecart-type
superiortemporal_lh_theta_connectivity,0.3292446617146282,0.011374480120040453,controles : mediane et ecart-type
superiortemporal_lh_theta_entropy,0.5154870440777748,0.0020397471643633716,controles : mediane et ecart-type
superiortemporal_lh_theta_knee_periodic,0.0656008248061286,0.1105716078069946,controles : mediane et ecart-type
superiortemporal_lh_theta_periodic,0.030481015084239,0.11740707908924493,controles : mediane et ecart-type
superiortemporal_rh_all_connectivity,0.34556922424244874,0.00679374933417385,controles : mediane et ecart-type
superiortemporal_rh_all_periodic,0.06349435696818714,0.02977844384868339,controles : mediane et ecart-type
superiortemporal_rh_alpha_connectivity,0.3534899486540843,0.014237165318286258,controles : mediane et ecart-type
superiortemporal_rh_alpha_entropy,0.5739330441441199,0.002198974199304492,controles : mediane et ecart-type
superiortemporal_rh_alpha_knee_periodic,0.06945548537021626,0.11188174843702896,controles : mediane et ecart-type
superiortemporal_rh_alpha_periodic,0.0257936473774123,0.12519195930490756,controles : mediane et ecart-type
superiortemporal_rh_beta_connectivity,0.3461409500206466,0.0064764697397885155,controles : mediane et ecart-type
superiortemporal_rh_beta_entropy,0.7215042771750924,0.005032253015195287,controles : mediane et ecart-type
superiortemporal_rh_beta_knee_periodic,0.04383905229791025,0.04223859422645028,controles : mediane et ecart-type
superiortemporal_rh_beta_periodic,0.02588185227541665,0.04288921397222541,controles : mediane et ecart-type
superiortemporal_rh_delta_connectivity,0.3285198997822586,0.022621873428935554,controles : mediane et ecart-type
superiortemporal_rh_delta_entropy,0.4589286746862998,0.0010966191428612602,controles : mediane et ecart-type
superiortemporal_rh_delta_knee_periodic,0.07580942297266921,0.0850285777588701,controles : mediane et ecart-type
superiortemporal_rh_delta_periodic,0.1892212668025862,0.1574836302259195,controles : mediane et ecart-type
superiortemporal_rh_exponent,0.8054075420443747,0.2998356585751541,controles : mediane et ecart-type
superiortemporal_rh_gamma_connectivity,0.34788627961906027,0.009009172748623982,controles : mediane et ecart-type
superiortemporal_rh_gamma_entropy,0.8481836111239119,0.0016926755312523449,controles : mediane et ecart-type
superiortemporal_rh_gamma_knee_periodic,0.0578607133507152,0.055029275161477716,controles : mediane et ecart-type
superiortemporal_rh_gamma_periodic,0.0896705539733989,0.05811736914679172,controles : mediane et ecart-type
superiortemporal_rh_knee_exponent,0.3323752695445134,0.4191919815109215,controles : mediane et ecart-type
superiortemporal_rh_offset,-24.239356804480185,0.5966217362660112,controles : mediane et ecart-type
superiortemporal_rh_theta_connectivity,0.3284511470618934,0.011313237274576286,controles : mediane et ecart-type
superiortemporal_rh_theta_entropy,0.5154459009271922,0.0019534882678810014,controles : mediane et ecart-type
superiortemporal_rh_theta_knee_periodic,0.0676297459488329,0.10232467067949069,controles : mediane et ecart-type
superiortemporal_rh_theta_periodic,0.021687361418240902,0.1132779186108023,controles : mediane et ecart-type
supramarginal_lh_all_connectivity,0.34474445548956256,0.006183181042952777,controles : mediane et ecart-type
supramarginal_lh_all_periodic,0.0653409061208649,0.027496555865441103,controles : mediane et ecart-type
supramarginal_lh_alpha_connectivity,0.3549366535442443,0.01760301917394772,controles : mediane et ecart-type
supramarginal_lh_alpha_entropy,0.5738837645689487,0.0030428896684645624,controles : mediane et ecart-type
supramarginal_lh_alpha_knee_periodic,0.1351554516729081,0.1403012241828892,controles : mediane et ecart-type
supramarginal_lh_alpha_periodic,0.1064458907406669,0.16438282318974015,controles : mediane et ecart-type
supramarginal_lh_beta_connectivity,0.3450548835287585,0.00601212615172995,controles : mediane et ecart-type
supramarginal_lh_beta_entropy,0.7188531401153484,0.005359453718472736,controles : mediane et ecart-type
supramarginal_lh_beta_knee_periodic,0.0407821545319331,0.039709984378902566,controles : mediane et ecart-type
supramarginal_lh_beta_periodic,0.0280506885473875,0.04367993784622515,controles : mediane et ecart-type
supramarginal_lh_delta_connectivity,0.3262523614541021,0.022422105996315944,controles : mediane et ecart-type
supramarginal_lh_delta_entropy,0.4592080573786365,0.001097453297947642,controles : mediane et ecart-type
supramarginal_lh_delta_knee_periodic,0.032740985702822,0.07394054159825775,controles : mediane et ecart-type
supramarginal_lh_delta_periodic,0.10570087949860295,0.12775068795829542,controles : mediane et ecart-type
supramarginal_lh_exponent,0.9228019343153304,0.30396795612514127,controles : mediane et ecart-type
supramarginal_lh_gamma_connectivity,0.3459546909102354,0.008065873260308677,controles : mediane et ecart-type
supramarginal_lh_gamma_entropy,0.8477239247022472,0.0016096489917072352,controles : mediane et ecart-type
supramarginal_lh_gamma_knee_periodic,0.0460622038110129,0.04323453761629699,controles : mediane et ecart-type
supramarginal_lh_gamma_periodic,0.06572328100227096,0.051797392222398146,controles : mediane et ecart-type
supramarginal_lh_knee_exponent,0.6913591190569405,0.5092817929388677,controles : mediane et ecart-type
supramarginal_lh_offset,-24.45614572924434,0.6684515467145317,controles : mediane et ecart-type
supramarginal_lh_theta_connectivity,0.32694113140807507,0.010837558327851798,controles : mediane et ecart-type
supramarginal_lh_theta_entropy,0.5156729172443989,0.0021112151080976667,controles : mediane et ecart-type
supramarginal_lh_theta_knee_periodic,0.05635161226050535,0.10698558670320875,controles : mediane et ecart-type
supramarginal_lh_theta_periodic,0.040288184102486,0.10206420550493664,controles : mediane et ecart-type
supramarginal_rh_all_connectivity,0.3448893111654867,0.006746262421663273,controles : mediane et ecart-type
supramarginal_rh_all_periodic,0.0634826495565976,0.02813926925646043,controles : mediane et ecart-type
supramarginal_rh_alpha_connectivity,0.35372535512729,0.015765125515187724,controles : mediane et ecart-type
supramarginal_rh_alpha_entropy,0.5741360253014676,0.002632590497511974,controles : mediane et ecart-type
supramarginal_rh_alpha_knee_periodic,0.0981338801682678,0.12118508818855615,controles : mediane et ecart-type
supramarginal_rh_alpha_periodic,0.0549328686113897,0.137136858668187,controles : mediane et ecart-type
supramarginal_rh_beta_connectivity,0.3452516311398094,0.006476989570201145,controles : mediane et ecart-type
supramarginal_rh_beta_entropy,0.7201491340421065,0.00519069700403823,controles : mediane et ecart-type
supramarginal_rh_beta_knee_periodic,0.0436916126643467,0.041778480143037575,controles : mediane et ecart-type
supramarginal_rh_beta_periodic,0.026438792579910497,0.0428657447171143,controles : mediane et ecart-type
supramarginal_rh_delta_connectivity,0.3272645890672596,0.02227357359019269,controles : mediane et ecart-type
supramarginal_rh_delta_entropy,0.4590766810641331,0.0010892054322655337,controles : mediane et ecart-type
supramarginal_rh_delta_knee_periodic,0.05070555822472765,0.0827492214275796,controles : mediane et ecart-type
supramarginal_rh_delta_periodic,0.1502444239205478,0.1331928041538053,controles : mediane et ecart-type
supramarginal_rh_exponent,0.8080825968152265,0.31694327950832635,controles : mediane et ecart-type
supramarginal_rh_gamma_connectivity,0.3465476445306935,0.009025090383945033,controles : mediane et ecart-type
supramarginal_rh_gamma_entropy,0.8481745914000034,0.0018334538603339604,controles : mediane et ecart-type
supramarginal_rh_gamma_knee_periodic,0.0562668285547613,0.04918336076388936,controles : mediane et ecart-type
supramarginal_rh_gamma_periodic,0.08149865296365255,0.056305225207429574,controles : mediane et ecart-type
supramarginal_rh_knee_exponent,0.4212382983751798,0.4710679647939195,controles : mediane et ecart-type
supramarginal_rh_offset,-24.277866464552673,0.6409428578304605,controles : mediane et ecart-type
supramarginal_rh_theta_connectivity,0.326503624982753,0.010957782034480267,controles : mediane et ecart-type
supramarginal_rh_theta_entropy,0.5155362403781937,0.002027209905498241,controles : mediane et ecart-type
supramarginal_rh_theta_knee_periodic,0.050210750476943,0.1021200194243013,controles : mediane et ecart-type
supramarginal_rh_theta_periodic,0.0193082415662018,0.0993776034988811,controles : mediane et ecart-type
temporalpole_lh_all_connectivity,0.34559335414622194,0.007215266395207138,controles : mediane et ecart-type
temporalpole_lh_all_periodic,0.06676568735755856,0.031665770786412396,controles : mediane et ecart-type
temporalpole_lh_alpha_connectivity,0.353786391246362,0.01508383675927411,controles : mediane et ecart-type
temporalpole_lh_alpha_entropy,0.5736305751623297,0.0021436875002546854,controles : mediane et ecart-type
temporalpole_lh_alpha_knee_periodic,0.0833326979689922,0.11129364869918068,controles : mediane et ecart-type
temporalpole_lh_alpha_periodic,0.0345824926403253,0.12791045190820183,controles : mediane et ecart-type
temporalpole_lh_beta_connectivity,0.3461324593856272,0.0066925986910789026,controles : mediane et ecart-type
temporalpole_lh_beta_entropy,0.7221262916152715,0.005053349327079816,controles : mediane et ecart-type
temporalpole_lh_beta_knee_periodic,0.0402376646817645,0.0413421242220611,controles : mediane et ecart-type
temporalpole_lh_beta_periodic,0.0230214473427282,0.04140778588310401,controles : mediane et ecart-type
temporalpole_lh_delta_connectivity,0.3265897588146182,0.024087254954372053,controles : mediane et ecart-type
temporalpole_lh_delta_entropy,0.45885165460604344,0.0010304601352055165,controles : mediane et ecart-type
temporalpole_lh_delta_knee_periodic,0.0835244915141451,0.09908814323133408,controles : mediane et ecart-type
temporalpole_lh_delta_periodic,0.1976082721269136,0.1629555572530566,controles : mediane et ecart-type
temporalpole_lh_exponent,0.8662120329672329,0.2904494312234917,controles : mediane et ecart-type
temporalpole_lh_gamma_connectivity,0.3474007040384187,0.008449043427422987,controles : mediane et ecart-type
temporalpole_lh_gamma_entropy,0.8479224448899405,0.0014919749362635936,controles : mediane et ecart-type
temporalpole_lh_gamma_knee_periodic,0.0549965887523793,0.05099532982752274,controles : mediane et ecart-type
temporalpole_lh_gamma_periodic,0.0908068231343738,0.06118175641939757,controles : mediane et ecart-type
temporalpole_lh_knee_exponent,0.4512600993610244,0.42414383516432824,controles : mediane et ecart-type
temporalpole_lh_offset,-23.221907070309335,0.6442410994419472,controles : mediane et ecart-type
temporalpole_lh_theta_connectivity,0.329740410653454,0.01206558047879271,controles : mediane et ecart-type
temporalpole_lh_theta_entropy,0.5151988429274504,0.0019658915040730437,controles : mediane et ecart-type
temporalpole_lh_theta_knee_periodic,0.08979506256049516,0.11151524367595315,controles : mediane et ecart-type
temporalpole_lh_theta_periodic,0.0429914037872287,0.12091129655399263,controles : mediane et ecart-type
temporalpole_rh_all_connectivity,0.3456874412959511,0.006874788969428078,controles : mediane et ecart-type
temporalpole_rh_all_periodic,0.06695880254687356,0.033014760632079906,controles : mediane et ecart-type
temporalpole_rh_alpha_connectivity,0.3536246198841437,0.015306073387492533,controles : mediane et ecart-type
temporalpole_rh_alpha_entropy,0.573772095614987,0.002237124034132278,controles : mediane et ecart-type
temporalpole_rh_alpha_knee_periodic,0.08755117708040315,0.11608933614345382,controles : mediane et ecart-type
temporalpole_rh_alpha_periodic,0.0395962384380619,0.13372652557686454,controles : mediane et ecart-type
temporalpole_rh_beta_connectivity,0.34627306777753664,0.006465464180862658,controles : mediane et ecart-type
temporalpole_rh_beta_entropy,0.7216359448801639,0.005264268697377723,controles : mediane et ecart-type
temporalpole_rh_beta_knee_periodic,0.0406542750014826,0.04034871882143836,controles : mediane et ecart-type
temporalpole_rh_beta_periodic,0.0257322915804503,0.040861876448960145,controles : mediane et ecart-type
temporalpole_rh_delta_connectivity,0.32499608212529374,0.023420277365483848,controles : mediane et ecart-type
temporalpole_rh_delta_entropy,0.4589343153514834,0.001074904269770598,controles : mediane et ecart-type
temporalpole_rh_delta_knee_periodic,0.07300125322519195,0.09591539167334921,controles : mediane et ecart-type
temporalpole_rh_delta_periodic,0.1799434171119234,0.16312042872883295,controles : mediane et ecart-type
temporalpole_rh_exponent,0.8909805400980897,0.27676434500921776,controles : mediane et ecart-type
temporalpole_rh_gamma_connectivity,0.34739780921336744,0.00863041350816595,controles : mediane et ecart-type
temporalpole_rh_gamma_entropy,0.8478629108996109,0.0015540315274975465,controles : mediane et ecart-type
temporalpole_rh_gamma_knee_periodic,0.0556360431764353,0.05112901640727291,controles : mediane et ecart-type
temporalpole_rh_gamma_periodic,0.08920021251776344,0.06185024216732957,controles : mediane et ecart-type
temporalpole_rh_knee_exponent,0.4857340927310555,0.4527832969017353,controles : mediane et ecart-type
temporalpole_rh_offset,-23.066713654610897,0.6743960627380047,controles : mediane et ecart-type
temporalpole_rh_theta_connectivity,0.3290932519505405,0.011759524625687122,controles : mediane et ecart-type
temporalpole_rh_theta_entropy,0.5153234498710787,0.001995624510972211,controles : mediane et ecart-type
temporalpole_rh_theta_knee_periodic,0.0858008066865152,0.1130187622841864,controles : mediane et ecart-type
temporalpole_rh_theta_periodic,0.0485534773627942,0.12160479674962929,controles : mediane et ecart-type
transversetemporal_lh_all_connectivity,0.3460355961254731,0.006977859503321391,controles : mediane et ecart-type
transversetemporal_lh_all_periodic,0.06858805144252605,0.03075952875350177,controles : mediane et ecart-type
transversetemporal_lh_alpha_connectivity,0.35232142140271017,0.014695402233778273,controles : mediane et ecart-type
transversetemporal_lh_alpha_entropy,0.574076838129914,0.0025014432313925,controles : mediane et ecart-type
transversetemporal_lh_alpha_knee_periodic,0.04759555759149765,0.12011712327882448,controles : mediane et ecart-type
transversetemporal_lh_alpha_periodic,0.0098828889126667,0.12394610202632331,controles : mediane et ecart-type
transversetemporal_lh_beta_connectivity,0.3462369151324881,0.007262735535221986,controles : mediane et ecart-type
transversetemporal_lh_beta_entropy,0.7220477537854431,0.005425340253475092,controles : mediane et ecart-type
transversetemporal_lh_beta_knee_periodic,0.0543764515672335,0.04986058668093603,controles : mediane et ecart-type
transversetemporal_lh_beta_periodic,0.0352979363037393,0.05018419708773817,controles : mediane et ecart-type
transversetemporal_lh_delta_connectivity,0.3275544312569878,0.022440089696788137,controles : mediane et ecart-type
transversetemporal_lh_delta_entropy,0.4590631350112865,0.0010761106154535127,controles : mediane et ecart-type
transversetemporal_lh_delta_knee_periodic,0.0837979062613576,0.11037290267915131,controles : mediane et ecart-type
transversetemporal_lh_delta_periodic,0.2166761853406761,0.15684732503305976,controles : mediane et ecart-type
transversetemporal_lh_exponent,0.6531603882324746,0.3721180021893593,controles : mediane et ecart-type
transversetemporal_lh_gamma_connectivity,0.3486509023319898,0.009647194824767136,controles : mediane et ecart-type
transversetemporal_lh_gamma_entropy,0.8484996069300055,0.0018600622569562052,controles : mediane et ecart-type
transversetemporal_lh_gamma_knee_periodic,0.0715242395909413,0.05737805190182708,controles : mediane et ecart-type
transversetemporal_lh_gamma_periodic,0.0952066692589242,0.05934817685845662,controles : mediane et ecart-type
transversetemporal_lh_knee_exponent,0.11939068241421111,0.3972377811754587,controles : mediane et ecart-type
transversetemporal_lh_offset,-24.02717938850706,0.718473558056503,controles : mediane et ecart-type
transversetemporal_lh_theta_connectivity,0.3288085070106397,0.011116941788317163,controles : mediane et ecart-type
transversetemporal_lh_theta_entropy,0.5154754394592758,0.0020078161800832876,controles : mediane et ecart-type
transversetemporal_lh_theta_knee_periodic,0.0513168133409674,0.11011318719833559,controles : mediane et ecart-type
transversetemporal_lh_theta_periodic,0.0185268605149149,0.11672719722004764,controles : mediane et ecart-type
transversetemporal_rh_all_connectivity,0.3458395917904457,0.00692806675415744,controles : mediane et ecart-type
transversetemporal_rh_all_periodic,0.068617899680121,0.030184451559095337,controles : mediane et ecart-type
transversetemporal_rh_alpha_connectivity,0.35261699760337406,0.014554657446419421,controles : mediane et ecart-type
transversetemporal_rh_alpha_entropy,0.574211109873822,0.002417119250515262,controles : mediane et ecart-type
transversetemporal_rh_alpha_knee_periodic,0.0521198338697885,0.123250945660797,controles : mediane et ecart-type
transversetemporal_rh_alpha_periodic,0.015455530517189248,0.1290340911017744,controles : mediane et ecart-type
transversetemporal_rh_beta_connectivity,0.34626766092885486,0.006747803165098891,controles : mediane et ecart-type
transversetemporal_rh_beta_entropy,0.7215212572326436,0.005557707956946778,controles : mediane et ecart-type
transversetemporal_rh_beta_knee_periodic,0.055120474404649955,0.05061453271927728,controles : mediane et ecart-type
transversetemporal_rh_beta_periodic,0.039787315507047546,0.05146762082422036,controles : mediane et ecart-type
transversetemporal_rh_delta_connectivity,0.3281527780418781,0.022481222037260603,controles : mediane et ecart-type
transversetemporal_rh_delta_entropy,0.4589929402184596,0.0010915003347019628,controles : mediane et ecart-type
transversetemporal_rh_delta_knee_periodic,0.0715499734253288,0.0935454159379377,controles : mediane et ecart-type
transversetemporal_rh_delta_periodic,0.2061211600873786,0.15450977824045514,controles : mediane et ecart-type
transversetemporal_rh_exponent,0.6703645622563927,0.35935929054601784,controles : mediane et ecart-type
transversetemporal_rh_gamma_connectivity,0.3482588770235739,0.009251307269750996,controles : mediane et ecart-type
transversetemporal_rh_gamma_entropy,0.8484240828271804,0.0019601571777757357,controles : mediane et ecart-type
transversetemporal_rh_gamma_knee_periodic,0.0701563826167211,0.05887782870502537,controles : mediane et ecart-type
transversetemporal_rh_gamma_periodic,0.0902997463832398,0.05722408467045648,controles : mediane et ecart-type
transversetemporal_rh_knee_exponent,0.1183314457592973,0.40825860936789693,controles : mediane et ecart-type
transversetemporal_rh_offset,-23.78229958132792,0.7006853326137209,controles : mediane et ecart-type
transversetemporal_rh_theta_connectivity,0.32772782178357274,0.011177340041842083,controles : mediane et ecart-type
transversetemporal_rh_theta_entropy,0.5154858153606181,0.0019833128692467385,controles : mediane et ecart-type
transversetemporal_rh_theta_knee_periodic,0.038675326402468554,0.10840059000527652,controles : mediane et ecart-type
transversetemporal_rh_theta_periodic,0.0121404640109423,0.11326933566970734,controles : mediane et ecart-type
